const unsigned char rom_basic[32768] = {
  0x31, 0x80, 0x7F, 0xED, 0x5E, 0xC3, 0xF7, 0x02, 0x85, 0x6F, 0xD0, 0x24, 0xC9, 0x00, 0x00, 0x00, // 0x0000
  0x16, 0xFF, 0x14, 0x91, 0x30, 0xFC, 0x81, 0xC9, 0x26, 0x7E, 0xF3, 0x7E, 0x23, 0xB6, 0xFB, 0xC9, // 0x0010
  0xE5, 0x21, 0x30, 0x7E, 0xCB, 0xB6, 0xE1, 0xC9, 0xE5, 0x21, 0x30, 0x7E, 0xCB, 0xF6, 0xE1, 0xC9, // 0x0020
  0x3A, 0x1A, 0x7E, 0xE6, 0x07, 0xCB, 0x3F, 0xC9, 0xE5, 0xD5, 0xC5, 0xF3, 0xCD, 0x90, 0x0D, 0xFB, // 0x0030
  0xC1, 0xD1, 0xE1, 0xC9, 0xC1, 0x1E, 0x5B, 0x21, 0x01, 0x7E, 0x3E, 0x55, 0x77, 0xBE, 0x20, 0x46, // 0x0040
  0x2F, 0x77, 0x96, 0x20, 0x41, 0x77, 0x2C, 0x7D, 0xFE, 0xAE, 0x20, 0xEE, 0xC5, 0xC9, 0x00, 0x00, // 0x0050
  0xB4, 0x00, 0x00, 0x00, 0x00, 0x00, 0xF5, 0x3E, 0x11, 0xD3, 0x80, 0xED, 0x57, 0xF5, 0x08, 0xF5, // 0x0060
  0xC5, 0xD5, 0xE5, 0xD9, 0xC5, 0xD5, 0xE5, 0xED, 0x73, 0x73, 0x7E, 0x21, 0x18, 0x7E, 0x36, 0xFF, // 0x0070
  0xAF, 0x11, 0x72, 0x7E, 0x12, 0x6F, 0x86, 0x23, 0xCB, 0x7C, 0x28, 0xFA, 0xED, 0x44, 0x12, 0x3E, // 0x0080
  0x01, 0x32, 0x00, 0xFD, 0x18, 0xFE, 0xF3, 0xAF, 0x01, 0x00, 0x07, 0xED, 0x79, 0x0C, 0x10, 0xFB, // 0x0090
  0x16, 0x40, 0x21, 0x79, 0x20, 0x0E, 0x02, 0xED, 0x79, 0x0C, 0xED, 0x69, 0x0D, 0xED, 0x61, 0x10, // 0x00A0
  0xFE, 0xEB, 0x18, 0xF3, 0xF5, 0x08, 0xF5, 0xC5, 0xD5, 0xE5, 0xCD, 0xFC, 0x00, 0xCD, 0x28, 0x01, // 0x00B0
  0x0E, 0x03, 0x21, 0x4B, 0x7E, 0x79, 0x87, 0x87, 0x87, 0xCF, 0xCD, 0x47, 0x01, 0x0D, 0x20, 0xF2, // 0x00C0
  0xCD, 0xE9, 0x01, 0xCD, 0x08, 0x02, 0xCD, 0x8D, 0x02, 0x21, 0x7A, 0x10, 0x16, 0x7E, 0x46, 0xAF, // 0x00D0
  0x23, 0x5E, 0xEB, 0xB6, 0xEB, 0x23, 0x10, 0xF9, 0x4E, 0xED, 0x79, 0x23, 0x79, 0xA7, 0x20, 0xEE, // 0x00E0
  0xCD, 0xBF, 0x02, 0xE1, 0xD1, 0xC1, 0xF1, 0x08, 0xF1, 0xFB, 0xED, 0x4D, 0x21, 0x02, 0x7E, 0x01, // 0x00F0
  0x00, 0x7D, 0xCD, 0x1B, 0x01, 0x7A, 0xA3, 0x77, 0x23, 0x06, 0xEF, 0xCD, 0x1B, 0x01, 0x06, 0x0F, // 0x0100
  0xCD, 0x1B, 0x01, 0x3A, 0x05, 0x7E, 0x2E, 0x17, 0xA6, 0x77, 0xC9, 0xED, 0x78, 0xA8, 0x56, 0x77, // 0x0110
  0xAA, 0x5F, 0xA6, 0x23, 0x77, 0x23, 0x0C, 0xC9, 0x21, 0x37, 0x7E, 0x06, 0x06, 0x5E, 0x23, 0x56, // 0x0120
  0x7A, 0xB3, 0x28, 0x05, 0x1B, 0x72, 0x2B, 0x73, 0x23, 0x23, 0x10, 0xF1, 0x06, 0x10, 0x7E, 0xA7, // 0x0130
  0x28, 0x01, 0x35, 0x23, 0x10, 0xF8, 0xC9, 0x54, 0x5D, 0x7E, 0x3D, 0xF8, 0x20, 0x18, 0x23, 0x35, // 0x0140
  0xC0, 0xCD, 0xC4, 0x01, 0x23, 0x23, 0x35, 0x28, 0x09, 0x7E, 0x21, 0x31, 0x10, 0xCF, 0x7E, 0x13, // 0x0150
  0x12, 0xC9, 0x3E, 0x02, 0x12, 0xC9, 0x3D, 0x20, 0x20, 0xCD, 0xC4, 0x01, 0x3A, 0x08, 0x7E, 0x07, // 0x0160
  0x41, 0x07, 0x10, 0xFD, 0x23, 0x23, 0x23, 0x30, 0x08, 0x36, 0xFF, 0x23, 0x36, 0x14, 0x23, 0x70, // 0x0170
  0xC9, 0x23, 0x35, 0xC0, 0x36, 0x13, 0x23, 0x34, 0xC9, 0x3D, 0x20, 0x2F, 0xCD, 0xC4, 0x01, 0x3E, // 0x0180
  0x04, 0xCF, 0x35, 0x20, 0x0E, 0x36, 0x13, 0x23, 0x34, 0x7E, 0xD6, 0x15, 0x38, 0x01, 0x77, 0x2B, // 0x0190
  0x20, 0x01, 0x34, 0x7E, 0xFE, 0x11, 0xD0, 0x23, 0x7E, 0x23, 0xBE, 0xC0, 0x3E, 0x0F, 0xCD, 0xD8, // 0x01A0
  0x01, 0xEB, 0x36, 0x04, 0x23, 0x36, 0xD6, 0x2E, 0x15, 0x71, 0xC9, 0x23, 0x35, 0xC0, 0xAF, 0x12, // 0x01B0
  0xCD, 0xD8, 0x01, 0xC9, 0x62, 0x6B, 0x3E, 0x07, 0xCF, 0x34, 0x7E, 0xE6, 0x07, 0x21, 0x2A, 0x10, // 0x01C0
  0xCF, 0x7E, 0xCD, 0xD8, 0x01, 0x62, 0x6B, 0xC9, 0x21, 0x31, 0x7E, 0x06, 0x00, 0x09, 0x41, 0x05, // 0x01D0
  0x05, 0x20, 0x04, 0x0F, 0x0F, 0x0F, 0x0F, 0x77, 0xC9, 0x21, 0x44, 0x7E, 0x7E, 0xA7, 0xC0, 0x36, // 0x01E0
  0x36, 0x2E, 0x6F, 0x4F, 0x86, 0x28, 0x03, 0x35, 0xCB, 0xF9, 0x23, 0x7E, 0xA7, 0x28, 0x03, 0x35, // 0x01F0
  0xCB, 0xF1, 0x2E, 0x35, 0x7E, 0xA9, 0x77, 0xC9, 0xAF, 0x0E, 0x03, 0xED, 0x79, 0x0D, 0xED, 0x79, // 0x0200
  0x21, 0x0D, 0x7E, 0xCB, 0xC6, 0xCB, 0xCE, 0xED, 0x5B, 0xAC, 0x7E, 0x7A, 0xA7, 0x7B, 0x28, 0x18, // 0x0210
  0x3A, 0x0C, 0x7E, 0xFE, 0x80, 0x30, 0x03, 0x7B, 0x18, 0x0E, 0xCB, 0x86, 0xCB, 0x8E, 0xFE, 0x96, // 0x0220
  0x38, 0x05, 0xCB, 0xCE, 0x7A, 0x18, 0x01, 0xAF, 0x32, 0x0F, 0x7E, 0xC5, 0x21, 0x0C, 0x7E, 0x34, // 0x0230
  0x46, 0x23, 0x5E, 0xF2, 0x4B, 0x02, 0x23, 0x7E, 0x2F, 0xA3, 0x5F, 0x78, 0xE6, 0x07, 0xCD, 0x58, // 0x0240
  0x02, 0xC1, 0xED, 0x51, 0x0C, 0xED, 0x79, 0xC9, 0x87, 0x87, 0x21, 0x5A, 0x10, 0xCF, 0x7E, 0xF5, // 0x0250
  0x23, 0x46, 0x23, 0x16, 0x7E, 0xA3, 0x28, 0x13, 0x5E, 0x1A, 0xCB, 0x78, 0x28, 0x04, 0x0F, 0x0F, // 0x0260
  0x0F, 0x0F, 0xE6, 0x0F, 0xE5, 0x21, 0x4A, 0x10, 0xCF, 0x7E, 0xE1, 0x4F, 0x23, 0x5E, 0x7B, 0xA7, // 0x0270
  0x28, 0x08, 0x1A, 0xCB, 0xB8, 0x0F, 0x10, 0xFD, 0xE6, 0x80, 0xB1, 0xD1, 0xC9, 0xAF, 0xD3, 0x04, // 0x0280
  0x32, 0x75, 0x7E, 0x11, 0x1C, 0x7E, 0x1A, 0xA7, 0xC8, 0x13, 0x1A, 0x21, 0x4B, 0x7E, 0x1F, 0xCF, // 0x0290
  0x7E, 0xA7, 0xC0, 0x1A, 0x2E, 0x1F, 0xCF, 0x7E, 0x32, 0x75, 0x7E, 0xD3, 0x04, 0x36, 0x00, 0x1A, // 0x02A0
  0x3C, 0xE6, 0x0F, 0x12, 0x2E, 0x1C, 0x35, 0x3A, 0x31, 0x7E, 0xCB, 0xFF, 0xD3, 0x01, 0xC9, 0x21, // 0x02B0
  0x09, 0x7E, 0x7E, 0xA7, 0xC0, 0x23, 0x3A, 0x02, 0x7E, 0x47, 0x3A, 0x31, 0x7E, 0xCB, 0x67, 0x20, // 0x02C0
  0x0F, 0x78, 0x0F, 0x7E, 0x30, 0x03, 0x3C, 0x18, 0x01, 0xAF, 0x77, 0xFE, 0x05, 0xD8, 0x18, 0x12, // 0x02D0
  0x23, 0x78, 0x0F, 0x38, 0x07, 0x0F, 0x30, 0x04, 0x7E, 0x3C, 0x18, 0x01, 0xAF, 0x77, 0xFE, 0x04, // 0x02E0
  0xD8, 0x2B, 0x2B, 0x3E, 0xFF, 0x77, 0xC9, 0x3E, 0x00, 0xED, 0x47, 0x21, 0x00, 0x10, 0x11, 0x00, // 0x02F0
  0xFD, 0x01, 0x04, 0x00, 0xED, 0xB0, 0x06, 0x0B, 0x4E, 0x23, 0xED, 0xA3, 0x20, 0xFA, 0x3A, 0x02, // 0x0300
  0xFD, 0xEE, 0x5D, 0xC2, 0x00, 0x00, 0xDB, 0x00, 0xEE, 0x7D, 0xCB, 0x5F, 0x28, 0x31, 0x31, 0x00, // 0x0310
  0x80, 0x21, 0x00, 0x7E, 0x7E, 0x3D, 0xFE, 0x06, 0x38, 0x02, 0x36, 0x01, 0xCD, 0x44, 0x00, 0xCD, // 0x0320
  0xA6, 0x03, 0xFB, 0x3E, 0x01, 0xFF, 0xCD, 0x4E, 0x0E, 0xCD, 0xAF, 0x03, 0xF3, 0xCD, 0x44, 0x00, // 0x0330
  0x3E, 0x05, 0x21, 0x0D, 0x7E, 0x36, 0x63, 0xFB, 0xFF, 0xCD, 0x4E, 0x0E, 0xC3, 0x94, 0x04, 0x3A, // 0x0340
  0x18, 0x7E, 0x3C, 0x20, 0x4C, 0xAF, 0x2A, 0x73, 0x7E, 0x11, 0xBC, 0x7F, 0xED, 0x52, 0x38, 0x41, // 0x0350
  0x21, 0x00, 0x7E, 0x86, 0x23, 0xCB, 0x7C, 0x28, 0xFA, 0xA7, 0x20, 0x35, 0xED, 0x7B, 0x73, 0x7E, // 0x0360
  0x3A, 0x75, 0x7E, 0xD3, 0x04, 0xCD, 0x77, 0x04, 0xCD, 0xA6, 0x03, 0xCD, 0xFC, 0x00, 0xAF, 0x67, // 0x0370
  0x6F, 0x22, 0x03, 0x7E, 0x32, 0x06, 0x7E, 0x32, 0x08, 0x7E, 0x32, 0x18, 0x7E, 0xE1, 0xD1, 0xC1, // 0x0380
  0xD9, 0xE1, 0xD1, 0xC1, 0xF1, 0x08, 0xF1, 0xE2, 0x9E, 0x03, 0xF1, 0xFB, 0xED, 0x45, 0xF1, 0xED, // 0x0390
  0x45, 0x1E, 0x06, 0xC3, 0x96, 0x00, 0x3E, 0xB5, 0xD3, 0x80, 0x3E, 0x2C, 0xD3, 0x80, 0xC9, 0x2A, // 0x03A0
  0xAE, 0x7E, 0x7D, 0xA7, 0x28, 0x0A, 0xFE, 0x51, 0x30, 0x06, 0xE6, 0x0F, 0xFE, 0x0A, 0x38, 0x02, // 0x03B0
  0x2E, 0x40, 0x7C, 0xA7, 0x28, 0x0A, 0xFE, 0x91, 0x30, 0x06, 0xE6, 0x0F, 0xFE, 0x0A, 0x38, 0x02, // 0x03C0
  0x26, 0x35, 0x22, 0xAE, 0x7E, 0x21, 0x00, 0x7E, 0x46, 0x21, 0x0C, 0x7E, 0x7E, 0xBE, 0x28, 0xFD, // 0x03D0
  0x2E, 0x10, 0x70, 0x2E, 0x13, 0x70, 0x2E, 0xAC, 0x3A, 0xAE, 0x7E, 0x77, 0x3A, 0xAF, 0x7E, 0x0F, // 0x03E0
  0x0F, 0x0F, 0x0F, 0xF5, 0xE6, 0x0F, 0x32, 0x12, 0x7E, 0xF1, 0xE6, 0xF0, 0x32, 0x11, 0x7E, 0x2E, // 0x03F0
  0x0D, 0x36, 0xDF, 0x2E, 0x06, 0xCB, 0x66, 0xC2, 0x57, 0x04, 0x2B, 0x3A, 0x0C, 0x7E, 0xE6, 0x7F, // 0x0400
  0x20, 0xC7, 0xCB, 0x7E, 0x28, 0x0F, 0xCB, 0xBE, 0x04, 0x3E, 0x06, 0xB8, 0x30, 0x02, 0x06, 0x01, // 0x0410
  0x3E, 0x03, 0xFF, 0x18, 0xB4, 0xCB, 0x76, 0x28, 0x15, 0xF3, 0xCB, 0xB6, 0x3A, 0xAF, 0x7E, 0xC6, // 0x0420
  0x01, 0x27, 0xFE, 0x91, 0x38, 0x02, 0x3E, 0x10, 0x32, 0xAF, 0x7E, 0xFB, 0x18, 0x9B, 0xCB, 0x6E, // 0x0430
  0x28, 0x97, 0xF3, 0xCB, 0xAE, 0x3A, 0xAE, 0x7E, 0xC6, 0x01, 0x27, 0xFE, 0x51, 0x38, 0x02, 0x3E, // 0x0440
  0x01, 0x32, 0xAE, 0x7E, 0xFB, 0x18, 0x82, 0x3E, 0x04, 0xFF, 0xAF, 0x32, 0x10, 0x7E, 0x32, 0x13, // 0x0450
  0x7E, 0x32, 0x0F, 0x7E, 0x32, 0x12, 0x7E, 0x32, 0x11, 0x7E, 0x2E, 0x00, 0x70, 0x2E, 0x0D, 0x77, // 0x0460
  0x3A, 0x1C, 0x7E, 0xA7, 0x20, 0xFA, 0xC9, 0x3A, 0x00, 0x7E, 0x3D, 0xFE, 0x06, 0xD8, 0x3E, 0x01, // 0x0470
  0x32, 0x00, 0x7E, 0xC9, 0x5E, 0x23, 0x56, 0x23, 0x4E, 0x23, 0x46, 0xAF, 0x12, 0x13, 0x0B, 0x78, // 0x0480
  0xB1, 0x20, 0xF8, 0xC9, 0xFB, 0xCD, 0xF3, 0x04, 0xCD, 0x14, 0x05, 0xCD, 0x57, 0x09, 0xCD, 0x63, // 0x0490
  0x05, 0xCD, 0x87, 0x05, 0xF7, 0xCC, 0xA3, 0x05, 0xF7, 0xD4, 0xBE, 0x05, 0xCD, 0xAE, 0x06, 0x3A, // 0x04A0
  0x6C, 0x7E, 0xA7, 0xC4, 0xD1, 0x06, 0x30, 0xEC, 0xCD, 0xF8, 0x06, 0xCD, 0x82, 0x0A, 0xCD, 0xDE, // 0x04B0
  0x0D, 0xCD, 0x1A, 0x07, 0x3E, 0xE0, 0xCD, 0x32, 0x07, 0xCD, 0x5C, 0x07, 0x30, 0xF8, 0xCD, 0x79, // 0x04C0
  0x07, 0x30, 0xF6, 0xCD, 0x87, 0x07, 0xDC, 0x1A, 0x0B, 0xCD, 0x84, 0x0D, 0xCD, 0xE1, 0x07, 0x20, // 0x04D0
  0xE8, 0xCD, 0xF0, 0x07, 0xCD, 0x2F, 0x0E, 0xCD, 0xAE, 0x06, 0xCD, 0x55, 0x08, 0xCD, 0xE1, 0x08, // 0x04E0
  0xC3, 0x94, 0x04, 0x3A, 0x6C, 0x7E, 0xF5, 0x21, 0x49, 0x11, 0x01, 0x0C, 0x09, 0x16, 0x7E, 0x5E, // 0x04F0
  0x23, 0x7E, 0x12, 0x23, 0x10, 0xF9, 0x1E, 0x93, 0xED, 0xB0, 0x3A, 0x02, 0x7E, 0xE6, 0x40, 0x32, // 0x0500
  0x71, 0x7E, 0xC1, 0xC9, 0x21, 0x1B, 0x7E, 0x7E, 0x36, 0x00, 0x2E, 0x1A, 0xCB, 0xAE, 0x0F, 0x30, // 0x0510
  0x0D, 0xCB, 0xC6, 0x2E, 0x6E, 0x70, 0x21, 0x18, 0x01, 0x22, 0x3B, 0x7E, 0x18, 0x2B, 0x0F, 0x30, // 0x0520
  0x0B, 0xCB, 0x9E, 0xCB, 0xCE, 0x21, 0x0C, 0x08, 0x22, 0xA1, 0x7E, 0xC9, 0x0F, 0x30, 0x09, 0x36, // 0x0530
  0x04, 0x21, 0x30, 0x03, 0x22, 0xA3, 0x7E, 0xC9, 0x3A, 0x7A, 0x7E, 0xFE, 0x0F, 0x20, 0x03, 0xCB, // 0x0540
  0xDE, 0xC9, 0xFE, 0x10, 0x20, 0x03, 0xCB, 0xE6, 0xC9, 0x21, 0x1A, 0x7E, 0x7E, 0xE6, 0x1E, 0xC0, // 0x0550
  0xCB, 0xEE, 0xC9, 0xF7, 0xC8, 0x57, 0x21, 0x7F, 0x04, 0xED, 0x4B, 0xA3, 0x7E, 0xFE, 0x02, 0x28, // 0x0560
  0x0E, 0x26, 0x00, 0x3A, 0xA2, 0x7E, 0xF6, 0xF0, 0x4F, 0xCB, 0x4A, 0x20, 0x02, 0x06, 0x01, 0xED, // 0x0570
  0x43, 0x11, 0x7E, 0x22, 0x0D, 0x7E, 0xC9, 0xF7, 0x38, 0x03, 0xC3, 0xA2, 0x06, 0x2E, 0x3B, 0xDF, // 0x0580
  0x20, 0xFB, 0x21, 0x30, 0x7E, 0xCB, 0xFE, 0xCD, 0x9F, 0x09, 0xC8, 0x21, 0x38, 0x00, 0x22, 0x3B, // 0x0590
  0x7E, 0x18, 0xEA, 0x3A, 0x6C, 0x7E, 0xA7, 0xC0, 0x21, 0x19, 0x7E, 0xCB, 0x76, 0xC0, 0xEB, 0x2E, // 0x05A0
  0x3F, 0xDF, 0xC0, 0xEB, 0xCB, 0xF6, 0xAF, 0x32, 0x14, 0x7E, 0x3E, 0x0C, 0xFF, 0xC9, 0x21, 0x30, // 0x05B0
  0x7E, 0xCB, 0x76, 0x2E, 0x19, 0x28, 0x0F, 0x11, 0x07, 0x7E, 0x1A, 0x06, 0x06, 0xA0, 0x28, 0x06, // 0x05C0
  0xCB, 0xBE, 0xCD, 0xF9, 0x05, 0xC9, 0xED, 0x5B, 0x05, 0x7E, 0x7A, 0x2F, 0xF6, 0xF0, 0xA3, 0xC0, // 0x05D0
  0x47, 0x7A, 0xE6, 0x0F, 0xC8, 0xCB, 0xBE, 0xE6, 0x07, 0xC8, 0x04, 0x0F, 0x30, 0xFC, 0xF7, 0xE6, // 0x05E0
  0x01, 0x28, 0x02, 0x06, 0x01, 0xCD, 0x6E, 0x06, 0xC9, 0xFE, 0x04, 0xC2, 0x4B, 0x06, 0xE5, 0xD5, // 0x05F0
  0x2A, 0xAC, 0x7E, 0x11, 0x00, 0x09, 0xAF, 0xED, 0x52, 0xD1, 0xE1, 0xD4, 0x20, 0x00, 0x21, 0x49, // 0x0600
  0x7E, 0x36, 0x52, 0x1A, 0xA0, 0x28, 0x3A, 0xB8, 0x28, 0x09, 0xD6, 0x04, 0x20, 0x2D, 0x86, 0x28, // 0x0610
  0x26, 0x18, 0xF0, 0x23, 0x36, 0x52, 0x1A, 0xA0, 0xFE, 0x02, 0x28, 0x10, 0xB8, 0x20, 0x1C, 0x7E, // 0x0620
  0xFE, 0x1B, 0x38, 0x13, 0x3A, 0x49, 0x7E, 0xA7, 0x28, 0x0D, 0x18, 0xEA, 0x1A, 0xA0, 0x28, 0x13, // 0x0630
  0xD6, 0x02, 0x20, 0x07, 0x86, 0x20, 0xF5, 0x06, 0x01, 0x18, 0x02, 0x06, 0x02, 0xE7, 0xCD, 0x3D, // 0x0640
  0x0A, 0xEF, 0xC9, 0x3A, 0xAE, 0x7E, 0xCD, 0x7C, 0x09, 0x3E, 0x0D, 0xFF, 0x21, 0x36, 0x7E, 0xCB, // 0x0650
  0xE6, 0xE5, 0x2E, 0x0C, 0x7E, 0xC6, 0x32, 0xBE, 0x20, 0xFD, 0xE1, 0xCB, 0xA6, 0xC9, 0x78, 0x21, // 0x0660
  0x6C, 0x7E, 0x96, 0xC8, 0x30, 0x10, 0xEB, 0x21, 0x19, 0x7E, 0xCB, 0x4E, 0xC0, 0xCB, 0x86, 0x1A, // 0x0670
  0xCD, 0x7C, 0x09, 0xAF, 0x12, 0x78, 0x47, 0xE5, 0x2A, 0xAC, 0x7E, 0x7D, 0xB4, 0xE1, 0x28, 0x12, // 0x0680
  0xE7, 0x21, 0x43, 0x7E, 0x7E, 0xA7, 0x20, 0xFC, 0x36, 0x38, 0xCD, 0x9F, 0x09, 0xCD, 0x8A, 0x09, // 0x0690
  0x10, 0xE5, 0x2A, 0xAC, 0x7E, 0x11, 0x00, 0x09, 0xAF, 0xED, 0x52, 0xD0, 0xEF, 0xC9, 0x3A, 0x09, // 0x06A0
  0x7E, 0xA7, 0xC8, 0x21, 0x30, 0x7E, 0xCB, 0x76, 0xF5, 0xE7, 0x2E, 0x19, 0xCB, 0xBE, 0x06, 0x05, // 0x06B0
  0xCD, 0x3D, 0x0A, 0x21, 0x00, 0x00, 0x22, 0x0A, 0x7E, 0x7D, 0x32, 0x09, 0x7E, 0xF1, 0xC8, 0xEF, // 0x06C0
  0xC9, 0x21, 0x19, 0x7E, 0xED, 0x5B, 0x05, 0x7E, 0x7A, 0x2F, 0xF6, 0xEF, 0xA3, 0x20, 0x14, 0xCB, // 0x06D0
  0xFE, 0xCB, 0x62, 0xC8, 0xE7, 0x01, 0x02, 0x04, 0x21, 0x76, 0x7E, 0xF3, 0x0C, 0xED, 0xA2, 0x20, // 0x06E0
  0xFB, 0xFB, 0x37, 0x2E, 0x19, 0xCB, 0xBE, 0xC9, 0xCD, 0x77, 0x04, 0x11, 0x66, 0x01, 0xF7, 0xE6, // 0x06F0
  0x01, 0x20, 0x02, 0x16, 0x03, 0x3A, 0x6C, 0x7E, 0x3D, 0xBA, 0xD2, 0x96, 0x00, 0x21, 0x6F, 0x7E, // 0x0700
  0x3C, 0x87, 0xF3, 0x86, 0x77, 0xFB, 0x3E, 0x0E, 0xFF, 0xC9, 0x3E, 0x0F, 0xFF, 0x06, 0x03, 0x21, // 0x0710
  0x5A, 0x7E, 0x35, 0x35, 0xCB, 0x86, 0x3E, 0x08, 0xCF, 0x10, 0xF7, 0x21, 0x75, 0x53, 0x22, 0x37, // 0x0720
  0x7E, 0xC9, 0x21, 0x2F, 0x7E, 0x36, 0x38, 0x2E, 0x63, 0x11, 0x08, 0x00, 0x01, 0x01, 0x03, 0xF3, // 0x0730
  0x07, 0x30, 0x12, 0xE5, 0x71, 0x23, 0x71, 0x23, 0x36, 0x13, 0x23, 0x72, 0x23, 0x36, 0x14, 0x23, // 0x0740
  0x72, 0x23, 0x36, 0xFF, 0xE1, 0xA7, 0xED, 0x52, 0x10, 0xE6, 0xFB, 0xC9, 0x21, 0x53, 0x7E, 0x01, // 0x0750
  0x20, 0x03, 0x56, 0x3E, 0x05, 0xCF, 0x15, 0x15, 0x20, 0x07, 0x7E, 0xFE, 0x17, 0x38, 0x02, 0x79, // 0x0760
  0xC9, 0xCB, 0x21, 0x23, 0x23, 0x23, 0x10, 0xEA, 0xC9, 0x21, 0x56, 0x7E, 0x11, 0x08, 0x00, 0x7E, // 0x0770
  0x19, 0xA6, 0x19, 0xA6, 0xC8, 0x37, 0xC9, 0x3A, 0x45, 0x7E, 0xA7, 0xC0, 0x2E, 0x37, 0xDF, 0x21, // 0x0780
  0x16, 0x7E, 0x56, 0x28, 0x0D, 0xED, 0x5B, 0x05, 0x7E, 0x7A, 0xA6, 0x57, 0x2F, 0xA3, 0x3E, 0x38, // 0x0790
  0x20, 0x19, 0x01, 0x20, 0x03, 0x79, 0xA2, 0x20, 0x16, 0xCB, 0x21, 0x10, 0xF8, 0x7E, 0x0F, 0x0F, // 0x07A0
  0x2F, 0xE6, 0x38, 0x47, 0x7E, 0x07, 0x07, 0x07, 0xE6, 0x07, 0xB0, 0x32, 0x2F, 0x7E, 0xC9, 0x79, // 0x07B0
  0xAE, 0x77, 0x23, 0x7E, 0xB1, 0x77, 0x2E, 0x80, 0x34, 0x23, 0x3E, 0x04, 0x90, 0x77, 0xAF, 0xCD, // 0x07C0
  0x70, 0x09, 0x36, 0x03, 0x2E, 0x2F, 0x36, 0x38, 0x2E, 0x45, 0x36, 0x6C, 0x3E, 0x10, 0xFF, 0x37, // 0x07D0
  0xC9, 0x21, 0x53, 0x7E, 0x11, 0x08, 0x00, 0x7E, 0x19, 0xB6, 0x19, 0xB6, 0x2E, 0x17, 0xB6, 0xC9, // 0x07E0
  0x21, 0xEA, 0x19, 0xF7, 0x28, 0x0A, 0x21, 0x2B, 0x1A, 0xE6, 0x01, 0x28, 0x03, 0x21, 0x64, 0x1A, // 0x07F0
  0x3A, 0x6B, 0x7E, 0x47, 0xE5, 0xCD, 0x1A, 0x08, 0xE1, 0x10, 0xF9, 0x3A, 0x1B, 0x7E, 0xCB, 0x57, // 0x0800
  0xC8, 0xF3, 0x21, 0x22, 0x10, 0xCD, 0x84, 0x04, 0xFB, 0xC9, 0x4E, 0x23, 0x7E, 0xE6, 0x05, 0x80, // 0x0810
  0xC6, 0x94, 0x16, 0x7E, 0x5F, 0x23, 0x1A, 0xA6, 0x28, 0x24, 0x4F, 0x2B, 0x7E, 0x23, 0xE6, 0x02, // 0x0820
  0xC6, 0x7D, 0x5F, 0x1A, 0xA1, 0x1E, 0x6D, 0xC2, 0x96, 0x00, 0x23, 0x1E, 0x1B, 0x1A, 0xB6, 0x12, // 0x0830
  0x23, 0x7E, 0x21, 0x6D, 0x7E, 0x86, 0xFE, 0x0F, 0x38, 0x02, 0x3E, 0x0F, 0x77, 0xC9, 0x3E, 0x03, // 0x0840
  0xCF, 0x0D, 0x20, 0xC8, 0xC9, 0x2A, 0x6C, 0x7E, 0x3A, 0x1B, 0x7E, 0x0F, 0xF5, 0x38, 0x01, 0x6C, // 0x0850
  0x11, 0x70, 0x7E, 0xF3, 0x1A, 0x85, 0x85, 0x12, 0xFB, 0xF1, 0xD8, 0x7C, 0xA7, 0xC8, 0x3E, 0x14, // 0x0860
  0xFF, 0x21, 0x46, 0x7E, 0x36, 0x36, 0x7E, 0xA7, 0x20, 0xFC, 0x3C, 0xCD, 0x7C, 0x09, 0x21, 0x10, // 0x0870
  0x7E, 0x7E, 0xC6, 0x01, 0x27, 0x77, 0x2E, 0x6D, 0x35, 0x20, 0xE6, 0x3E, 0x15, 0xFF, 0x3A, 0xAF, // 0x0880
  0x7E, 0x2A, 0xAC, 0x7E, 0x07, 0x07, 0x07, 0x07, 0x57, 0xE6, 0xF0, 0x5F, 0x7A, 0xE6, 0x0F, 0x57, // 0x0890
  0xAF, 0xED, 0x52, 0xD8, 0x2A, 0xAC, 0x7E, 0x7D, 0x93, 0x27, 0x6F, 0x30, 0x01, 0x25, 0x7C, 0x92, // 0x08A0
  0x27, 0x67, 0xEB, 0x21, 0x07, 0x00, 0xAF, 0xED, 0x52, 0x38, 0x03, 0x11, 0x07, 0x00, 0xED, 0x53, // 0x08B0
  0xAC, 0x7E, 0x21, 0x10, 0x7E, 0xAF, 0x77, 0x3E, 0x01, 0xCD, 0xD5, 0x09, 0x21, 0x10, 0x7E, 0x34, // 0x08C0
  0x2E, 0x36, 0xCB, 0xEE, 0xE5, 0x2E, 0x0C, 0x7E, 0xC6, 0x32, 0xBE, 0x20, 0xFD, 0xE1, 0xCB, 0xAE, // 0x08D0
  0xC9, 0xF7, 0x21, 0x1A, 0x7E, 0x30, 0x07, 0xCB, 0x86, 0x2E, 0x30, 0xCB, 0xBE, 0xC9, 0x0F, 0x30, // 0x08E0
  0x2E, 0x2E, 0xA2, 0x3A, 0x93, 0x7E, 0xE6, 0x02, 0x28, 0x03, 0x35, 0x28, 0x03, 0x2B, 0x35, 0xC0, // 0x08F0
  0x2E, 0x1A, 0xCB, 0x8E, 0x3E, 0x09, 0xFF, 0xCB, 0x56, 0x20, 0x09, 0x2E, 0x0D, 0x36, 0x63, 0x2E, // 0x0900
  0xA5, 0x36, 0x00, 0xC9, 0x2E, 0xA4, 0x35, 0x28, 0x16, 0x2B, 0x7E, 0xA7, 0x28, 0x11, 0xC9, 0x0F, // 0x0910
  0xD0, 0x2E, 0xA3, 0x7E, 0xD6, 0x01, 0x27, 0x77, 0x2E, 0x1B, 0xCB, 0x4E, 0xC0, 0xA7, 0xC0, 0xAF, // 0x0920
  0x32, 0x10, 0x7E, 0x32, 0x14, 0x7E, 0x21, 0x0D, 0x7E, 0xE5, 0x36, 0x63, 0x23, 0x77, 0x3E, 0x08, // 0x0930
  0xFF, 0xCD, 0x4E, 0x0E, 0xAF, 0x32, 0x1A, 0x7E, 0xE1, 0x31, 0x00, 0x80, 0xF3, 0x21, 0x26, 0x10, // 0x0940
  0xCD, 0x84, 0x04, 0xFB, 0xC3, 0x94, 0x04, 0x3A, 0x1A, 0x7E, 0x47, 0xE6, 0x18, 0x28, 0x0D, 0x3A, // 0x0950
  0x31, 0x7E, 0xCB, 0x47, 0x20, 0x06, 0x3E, 0x01, 0xA0, 0xF6, 0x20, 0x47, 0x3E, 0x19, 0xFF, 0xC9, // 0x0960
  0x21, 0x4B, 0x7E, 0xCF, 0x3A, 0x81, 0x7E, 0x87, 0x87, 0x87, 0xCF, 0xC9, 0xE5, 0x2A, 0xAC, 0x7E, // 0x0970
  0x85, 0x27, 0x6F, 0x3E, 0x00, 0x8C, 0x27, 0x67, 0x18, 0x10, 0xE5, 0x2A, 0xAC, 0x7E, 0x7D, 0xD6, // 0x0980
  0x01, 0x27, 0x6F, 0x30, 0x05, 0x7C, 0xD6, 0x01, 0x27, 0x67, 0x22, 0xAC, 0x7E, 0xE1, 0xC9, 0xF7, // 0x0990
  0xCC, 0x61, 0x0E, 0xAF, 0x32, 0x10, 0x7E, 0x3E, 0x0D, 0xFF, 0x21, 0x6C, 0x7E, 0x34, 0x7E, 0x4F, // 0x09A0
  0x21, 0x42, 0x10, 0x87, 0xCF, 0x7E, 0x32, 0x6B, 0x7E, 0x23, 0x7E, 0x32, 0x14, 0x7E, 0x21, 0x6E, // 0x09B0
  0x7E, 0x56, 0xF7, 0x38, 0x08, 0x16, 0x03, 0xE6, 0x01, 0x28, 0x02, 0x16, 0x01, 0x79, 0xBA, 0xC0, // 0x09C0
  0x2E, 0x19, 0xCB, 0xC6, 0xC9, 0xF5, 0x01, 0x00, 0x07, 0x21, 0x31, 0x7E, 0xCB, 0xE6, 0x21, 0x0B, // 0x09D0
  0x01, 0x22, 0x39, 0x7E, 0x3A, 0x31, 0x7E, 0xCB, 0x67, 0x28, 0x27, 0x21, 0x02, 0x7E, 0x11, 0x47, // 0x09E0
  0x7E, 0xCB, 0x41, 0x20, 0x08, 0xCB, 0x4E, 0x28, 0x19, 0x0C, 0x3E, 0x1B, 0x12, 0xCB, 0x4E, 0x28, // 0x09F0
  0x2D, 0xCB, 0x79, 0x20, 0x0D, 0x1A, 0xA7, 0x20, 0xF4, 0x01, 0x81, 0x04, 0x2E, 0x31, 0xCB, 0xA6, // 0x0A00
  0x18, 0xCC, 0x2E, 0x39, 0xDF, 0x20, 0xCD, 0x21, 0x31, 0x7E, 0xF3, 0x7E, 0xEE, 0x10, 0x77, 0xFB, // 0x0A10
  0x10, 0xBC, 0x06, 0x03, 0xCB, 0x79, 0x28, 0x01, 0x04, 0xCD, 0x3D, 0x0A, 0x18, 0xA8, 0xCB, 0x81, // 0x0A20
  0x1A, 0xFE, 0x17, 0x30, 0xAF, 0xF1, 0x3D, 0xC0, 0x2E, 0x31, 0xCB, 0xA6, 0xC9, 0x78, 0x21, 0x89, // 0x0A30
  0x10, 0xCF, 0x7E, 0x4F, 0xE6, 0x1F, 0xCF, 0x11, 0x10, 0x7E, 0x1A, 0xF5, 0x7E, 0x12, 0x23, 0x3E, // 0x0A40
  0x06, 0xFF, 0xCB, 0x79, 0x28, 0x06, 0x5E, 0x23, 0x1A, 0xA6, 0x20, 0xFC, 0xCB, 0x71, 0x20, 0x1A, // 0x0A50
  0x21, 0x06, 0x7E, 0xCB, 0x5E, 0x20, 0x0B, 0xCB, 0x69, 0x20, 0xF5, 0x21, 0x03, 0x7E, 0xCB, 0x7E, // 0x0A60
  0x28, 0xEE, 0x2E, 0x03, 0xCB, 0xBE, 0x2E, 0x06, 0xCB, 0x9E, 0xF1, 0x1E, 0x10, 0x12, 0x3E, 0x07, // 0x0A70
  0xFF, 0xC9, 0x11, 0x66, 0x11, 0x06, 0x01, 0xF7, 0xE6, 0x01, 0x20, 0x16, 0x11, 0x88, 0x11, 0x06, // 0x0A80
  0x0E, 0xF7, 0x20, 0x0E, 0x11, 0x68, 0x11, 0x06, 0x0E, 0x3A, 0x1A, 0x7E, 0xE6, 0x18, 0x20, 0x02, // 0x0A90
  0x06, 0x10, 0x2A, 0x76, 0x7E, 0xCD, 0xC6, 0x0A, 0x79, 0xFE, 0x0F, 0x28, 0x09, 0xA7, 0x20, 0x0E, // 0x0AA0
  0x3A, 0x00, 0x7E, 0x0F, 0x30, 0x08, 0x3A, 0x76, 0x7E, 0x0F, 0x30, 0x02, 0x0E, 0x01, 0x79, 0x32, // 0x0AB0
  0x7A, 0x7E, 0xCD, 0xF6, 0x0A, 0xC9, 0x0E, 0x00, 0xC5, 0xE5, 0xEB, 0x23, 0x5E, 0x23, 0x56, 0xCB, // 0x0AC0
  0xBA, 0x01, 0x00, 0x00, 0xCB, 0x7E, 0x28, 0x09, 0x3A, 0x00, 0x7E, 0x3D, 0x4F, 0x87, 0x81, 0x87, // 0x0AD0
  0x4F, 0x3A, 0x6C, 0x7E, 0x3D, 0x87, 0x81, 0x4F, 0xEB, 0x09, 0x4E, 0x23, 0x46, 0xE1, 0x09, 0xC1, // 0x0AE0
  0x0C, 0xD8, 0x10, 0xD4, 0x48, 0xC9, 0x3A, 0x1A, 0x7E, 0x0F, 0x06, 0x04, 0x0F, 0x38, 0x02, 0x10, // 0x0AF0
  0xFB, 0x78, 0x32, 0x7B, 0x7E, 0x21, 0x13, 0x12, 0xCF, 0x7E, 0xCF, 0x3A, 0x7A, 0x7E, 0x87, 0x87, // 0x0B00
  0xCF, 0x01, 0x04, 0x00, 0x11, 0x7C, 0x7E, 0xED, 0xB0, 0xC9, 0x3E, 0x05, 0xCD, 0x70, 0x09, 0x7E, // 0x0B10
  0xFE, 0x15, 0x38, 0x02, 0xD6, 0x15, 0x2E, 0x81, 0x46, 0x23, 0x77, 0x23, 0x36, 0x00, 0x23, 0x36, // 0x0B20
  0xF8, 0x21, 0x8C, 0x10, 0xCF, 0xAF, 0x11, 0x1B, 0x00, 0xC6, 0x05, 0x19, 0x10, 0xFB, 0xD9, 0x21, // 0x0B30
  0x93, 0x10, 0xCF, 0xEB, 0xD9, 0x3E, 0x02, 0x11, 0x85, 0x7E, 0x0E, 0x07, 0xED, 0xB0, 0x0E, 0x4A, // 0x0B40
  0x09, 0x3D, 0x20, 0xF6, 0xCD, 0x70, 0x0C, 0xCD, 0x0B, 0x0D, 0xCD, 0x3B, 0x0D, 0xCD, 0x1A, 0x0D, // 0x0B50
  0xCD, 0x6D, 0x0D, 0xCD, 0x67, 0x0B, 0xC9, 0x78, 0x21, 0x84, 0x7E, 0xCF, 0xEB, 0x21, 0x95, 0x7E, // 0x0B60
  0x01, 0x00, 0x00, 0x3A, 0x6B, 0x7E, 0xF5, 0xE5, 0xD9, 0x1A, 0x13, 0xD9, 0x83, 0x5F, 0x1A, 0xA6, // 0x0B70
  0x77, 0xB0, 0x47, 0xD5, 0x3E, 0x07, 0x83, 0x5F, 0x3E, 0x05, 0xCF, 0x1A, 0xA6, 0x77, 0xB1, 0x4F, // 0x0B80
  0xD1, 0xE1, 0x23, 0xF1, 0x3D, 0x20, 0xDF, 0x2E, 0x93, 0x70, 0x23, 0x71, 0xC9, 0x0E, 0x00, 0x2A, // 0x0B90
  0x9F, 0x7E, 0x7C, 0xB5, 0x20, 0x5E, 0x3A, 0x16, 0x7E, 0xE6, 0xE0, 0xFE, 0xC0, 0xC2, 0xF3, 0x0B, // 0x0BA0
  0x21, 0x4A, 0x13, 0x3A, 0x6C, 0x7E, 0xFE, 0x02, 0x20, 0x03, 0x21, 0xCF, 0x13, 0x3A, 0x7B, 0x7E, // 0x0BB0
  0xCF, 0x7E, 0xCF, 0x3A, 0x7A, 0x7E, 0x87, 0xCF, 0x5E, 0x23, 0x56, 0xEB, 0x5E, 0x23, 0x56, 0x06, // 0x0BC0
  0x00, 0xED, 0x5F, 0xF6, 0x80, 0x23, 0x04, 0x86, 0x30, 0xFB, 0x62, 0x6B, 0x3E, 0x16, 0xCF, 0x10, // 0x0BD0
  0xFB, 0x46, 0x23, 0xE5, 0x3A, 0x82, 0x7E, 0xCF, 0x7E, 0xE1, 0xFE, 0xC8, 0x30, 0xEC, 0x22, 0x9F, // 0x0BE0
  0x7E, 0x18, 0x11, 0x21, 0x34, 0x19, 0x3A, 0x7B, 0x7E, 0xCF, 0x7E, 0xCF, 0x3A, 0x7A, 0x7E, 0xCF, // 0x0BF0
  0x7E, 0xCF, 0x0E, 0x03, 0x3A, 0x81, 0x7E, 0x81, 0xC9, 0xFE, 0x03, 0x30, 0x21, 0x4F, 0x3A, 0x82, // 0x0C00
  0x7E, 0xCF, 0x7E, 0x16, 0x28, 0x0D, 0x28, 0x06, 0x92, 0x30, 0xFD, 0x82, 0x16, 0x08, 0x01, 0x00, // 0x0C10
  0x05, 0x92, 0xCB, 0x19, 0x10, 0xFB, 0x3A, 0x84, 0x7E, 0xA1, 0x20, 0x3C, 0x18, 0x30, 0xE5, 0x87, // 0x0C20
  0x21, 0x73, 0x19, 0xCF, 0x5E, 0x23, 0x56, 0xE1, 0x01, 0x04, 0x00, 0x78, 0xFE, 0x05, 0x28, 0x19, // 0x0C30
  0x3A, 0x82, 0x7E, 0x80, 0xFE, 0x15, 0x38, 0x02, 0xD6, 0x15, 0x04, 0xCB, 0x21, 0xE5, 0xCF, 0x7E, // 0x0C40
  0xE1, 0xA3, 0x28, 0xE7, 0x3A, 0x84, 0x7E, 0xA1, 0xC0, 0xCB, 0x3B, 0x15, 0x20, 0xDA, 0x3A, 0x84, // 0x0C50
  0x7E, 0x06, 0x06, 0x05, 0x07, 0x30, 0xFC, 0xC9, 0x0F, 0x0F, 0x0F, 0x04, 0x0F, 0x30, 0xFC, 0xC9, // 0x0C60
  0x3A, 0x81, 0x7E, 0x3D, 0xC0, 0x21, 0xDC, 0x12, 0x06, 0x01, 0xCD, 0x7E, 0x0C, 0xC9, 0xE5, 0xC5, // 0x0C70
  0x16, 0x7E, 0x5E, 0x23, 0x1A, 0x4F, 0xCD, 0x91, 0x0C, 0xC1, 0xE1, 0x3E, 0x0B, 0xCF, 0x10, 0xEE, // 0x0C80
  0xC9, 0x16, 0x7E, 0x5E, 0x1A, 0xA1, 0x23, 0xA6, 0xC8, 0x3A, 0x83, 0x7E, 0xFE, 0x04, 0xD0, 0x5F, // 0x0C90
  0x23, 0x7E, 0x23, 0xD9, 0x06, 0x7E, 0x4F, 0xD9, 0x7E, 0x23, 0xD9, 0x26, 0x7E, 0x6F, 0xD9, 0x7E, // 0x0CA0
  0x23, 0xFE, 0xF8, 0x28, 0x02, 0x1E, 0xFF, 0x3A, 0x84, 0x7E, 0x0F, 0x0F, 0x0F, 0x47, 0x3E, 0x05, // 0x0CB0
  0x08, 0xD9, 0xE5, 0xD5, 0xC5, 0xD9, 0xCB, 0x38, 0x30, 0x1E, 0xE5, 0xC5, 0x3A, 0x6B, 0x7E, 0x47, // 0x0CC0
  0xD9, 0x1A, 0x13, 0x81, 0x4F, 0x0A, 0xA6, 0x2C, 0xD9, 0xA6, 0xA1, 0x28, 0x06, 0x1C, 0x7B, 0xFE, // 0x0CD0
  0x05, 0x18, 0x03, 0x23, 0x10, 0xEA, 0xC1, 0xE1, 0xCB, 0x1A, 0xD9, 0xC1, 0x0C, 0xD1, 0xE1, 0xD9, // 0x0CE0
  0x08, 0x3D, 0x20, 0xCC, 0x7A, 0xE6, 0xF8, 0xC8, 0x2B, 0xAE, 0x21, 0x84, 0x7E, 0xA6, 0x77, 0x01, // 0x0CF0
  0x00, 0x05, 0x07, 0x38, 0x01, 0x0C, 0x10, 0xFA, 0x2B, 0x71, 0xC9, 0x3A, 0x80, 0x7E, 0xFE, 0x03, // 0x0D00
  0xC0, 0x21, 0xE7, 0x12, 0x06, 0x02, 0xCD, 0x7E, 0x0C, 0xC9, 0x3A, 0x6C, 0x7E, 0xFE, 0x03, 0x28, // 0x0D10
  0x0B, 0xFE, 0x01, 0x28, 0x0D, 0x3A, 0x80, 0x7E, 0xFE, 0x01, 0x20, 0x06, 0x3A, 0x80, 0x7E, 0xFE, // 0x0D20
  0x03, 0xC0, 0x21, 0x29, 0x13, 0x06, 0x03, 0xCD, 0x7E, 0x0C, 0xC9, 0x3A, 0x16, 0x7E, 0xE6, 0xE0, // 0x0D30
  0xFE, 0x20, 0xC0, 0x3A, 0x7C, 0x7E, 0xE6, 0x01, 0xC0, 0x21, 0xFD, 0x12, 0x06, 0x02, 0xCD, 0x7E, // 0x0D40
  0x0C, 0x21, 0x13, 0x13, 0x06, 0x01, 0x3A, 0x7E, 0x7E, 0xE6, 0x40, 0xCC, 0x7E, 0x0C, 0x21, 0x1E, // 0x0D50
  0x13, 0x06, 0x01, 0x3A, 0x7E, 0x7E, 0xE6, 0x80, 0xC0, 0xCD, 0x7E, 0x0C, 0xC9, 0xCD, 0x9D, 0x0B, // 0x0D60
  0xCD, 0x09, 0x0C, 0x3E, 0x06, 0xCD, 0x70, 0x09, 0x3A, 0x82, 0x7E, 0x80, 0xFE, 0x15, 0x38, 0x02, // 0x0D70
  0xD6, 0x15, 0x77, 0xC9, 0x21, 0x15, 0x7E, 0x7E, 0xA7, 0xC8, 0x36, 0x00, 0xC6, 0x10, 0xFF, 0xC9, // 0x0D80
  0x5F, 0x21, 0x1C, 0x7E, 0x7E, 0xFE, 0x0F, 0xD0, 0x34, 0x34, 0x3A, 0x1E, 0x7E, 0xE6, 0x07, 0x2E, // 0x0D90
  0x4B, 0xCF, 0xED, 0x5F, 0xE6, 0x3F, 0x0E, 0x15, 0xD7, 0x77, 0x21, 0x67, 0x1A, 0x7B, 0x87, 0xCF, // 0x0DA0
  0x4E, 0x23, 0x5E, 0x21, 0x1E, 0x7E, 0x7E, 0xE6, 0x07, 0x87, 0x34, 0x23, 0xCF, 0x79, 0xE6, 0x0F, // 0x0DB0
  0xF6, 0x80, 0x77, 0xCB, 0x79, 0x20, 0x07, 0x7B, 0x1C, 0x20, 0x06, 0x78, 0x18, 0x03, 0x16, 0x7E, // 0x0DC0
  0x1A, 0x23, 0x77, 0x79, 0x0F, 0x0F, 0x0F, 0x0F, 0xE6, 0x07, 0xC4, 0x54, 0x0E, 0xC9, 0x3A, 0x7B, // 0x0DD0
  0x7E, 0xFE, 0x03, 0xD0, 0x21, 0x9B, 0x1A, 0xCF, 0x7E, 0xCF, 0x3A, 0x7A, 0x7E, 0xCF, 0x7E, 0xCF, // 0x0DE0
  0xED, 0x5F, 0xF6, 0x80, 0x47, 0xED, 0x5B, 0x78, 0x7E, 0x23, 0x7E, 0x07, 0x07, 0x07, 0xE6, 0x07, // 0x0DF0
  0x28, 0x23, 0xE5, 0x21, 0x21, 0x1B, 0xCF, 0x7E, 0xE1, 0x80, 0x47, 0x23, 0x30, 0xEB, 0xC5, 0x7E, // 0x0E00
  0x07, 0x07, 0x07, 0xE6, 0x07, 0xE5, 0x21, 0x22, 0x1B, 0x87, 0xCF, 0x4E, 0x23, 0x46, 0xE1, 0xEB, // 0x0E10
  0x09, 0xEB, 0xC1, 0x30, 0xD4, 0x7E, 0xE6, 0x1F, 0x32, 0xA5, 0x7E, 0x3E, 0x18, 0xFF, 0xC9, 0x21, // 0x0E20
  0x1B, 0x7E, 0x7E, 0x06, 0x16, 0xE6, 0x06, 0x28, 0x0F, 0x2E, 0x31, 0xCB, 0x86, 0xCB, 0x8E, 0xCB, // 0x0E30
  0x96, 0xCB, 0x9E, 0xCB, 0x57, 0x28, 0x01, 0x04, 0x78, 0xFF, 0xCD, 0x4E, 0x0E, 0xC9, 0x2E, 0x41, // 0x0E40
  0xDF, 0x20, 0xFB, 0xC9, 0x21, 0x1A, 0x1B, 0x87, 0xCF, 0x7E, 0x23, 0x66, 0x6F, 0x22, 0x41, 0x7E, // 0x0E50
  0xC9, 0x21, 0x31, 0x7E, 0xCB, 0x46, 0xC0, 0x3A, 0xA5, 0x7E, 0xFE, 0x12, 0xD8, 0xCB, 0xC6, 0xCB, // 0x0E60
  0xCE, 0xCB, 0xD6, 0xCB, 0xDE, 0xC9, 0x00, 0x00, 0x00, 0x00, 0x00, 0x00, 0x00, 0x00, 0x00, 0x00, // 0x0E70
  0x00, 0x00, 0x00, 0x00, 0x00, 0x00, 0x00, 0x00, 0x00, 0x00, 0x00, 0x00, 0x00, 0x00, 0x00, 0x00, // 0x0E80
  0x00, 0x00, 0x00, 0x00, 0x00, 0x00, 0x00, 0x00, 0x00, 0x00, 0x00, 0x00, 0x00, 0x00, 0x00, 0x00, // 0x0E90
  0x00, 0x00, 0x00, 0x00, 0x00, 0x00, 0x00, 0x00, 0x00, 0x00, 0x00, 0x00, 0x00, 0x00, 0x00, 0x00, // 0x0EA0
  0x00, 0x00, 0x00, 0x00, 0x00, 0x00, 0x00, 0x00, 0x00, 0x00, 0x00, 0x00, 0x00, 0x00, 0x00, 0x00, // 0x0EB0
  0x00, 0x00, 0x00, 0x00, 0x00, 0x00, 0x00, 0x00, 0x00, 0x00, 0x00, 0x00, 0x00, 0x00, 0x00, 0x00, // 0x0EC0
  0x00, 0x00, 0x00, 0x00, 0x00, 0x00, 0x00, 0x00, 0x00, 0x00, 0x00, 0x00, 0x00, 0x00, 0x00, 0x00, // 0x0ED0
  0x00, 0x00, 0x00, 0x00, 0x00, 0x00, 0x00, 0x00, 0x00, 0x00, 0x00, 0x00, 0x00, 0x00, 0x00, 0x00, // 0x0EE0
  0x00, 0x00, 0x00, 0x00, 0x00, 0x00, 0x00, 0x00, 0x00, 0x00, 0x00, 0x00, 0x00, 0x00, 0x00, 0x00, // 0x0EF0
  0x00, 0x00, 0x00, 0x00, 0x00, 0x00, 0x00, 0x00, 0x00, 0x00, 0x00, 0x00, 0x00, 0x00, 0x00, 0x00, // 0x0F00
  0x00, 0x00, 0x00, 0x00, 0x00, 0x00, 0x00, 0x00, 0x00, 0x00, 0x00, 0x00, 0x00, 0x00, 0x00, 0x00, // 0x0F10
  0x00, 0x00, 0x00, 0x00, 0x00, 0x00, 0x00, 0x00, 0x00, 0x00, 0x00, 0x00, 0x00, 0x00, 0x00, 0x00, // 0x0F20
  0x00, 0x00, 0x00, 0x00, 0x00, 0x00, 0x00, 0x00, 0x00, 0x00, 0x00, 0x00, 0x00, 0x00, 0x00, 0x00, // 0x0F30
  0x00, 0x00, 0x00, 0x00, 0x00, 0x00, 0x00, 0x00, 0x00, 0x00, 0x00, 0x00, 0x00, 0x00, 0x00, 0x00, // 0x0F40
  0x00, 0x00, 0x00, 0x00, 0x00, 0x00, 0x00, 0x00, 0x00, 0x00, 0x00, 0x00, 0x00, 0x00, 0x00, 0x00, // 0x0F50
  0x00, 0x00, 0x00, 0x00, 0x00, 0x00, 0x00, 0x00, 0x00, 0x00, 0x00, 0x00, 0x00, 0x00, 0x00, 0x00, // 0x0F60
  0x00, 0x00, 0x00, 0x00, 0x00, 0x00, 0x00, 0x00, 0x00, 0x00, 0x00, 0x00, 0x00, 0x00, 0x00, 0x00, // 0x0F70
  0x00, 0x00, 0x00, 0x00, 0x00, 0x00, 0x00, 0x00, 0x00, 0x00, 0x00, 0x00, 0x00, 0x00, 0x00, 0x00, // 0x0F80
  0x00, 0x00, 0x00, 0x00, 0x00, 0x00, 0x00, 0x00, 0x00, 0x00, 0x00, 0x00, 0x00, 0x00, 0x00, 0x00, // 0x0F90
  0x00, 0x00, 0x00, 0x00, 0x00, 0x00, 0x00, 0x00, 0x00, 0x00, 0x00, 0x00, 0x00, 0x00, 0x00, 0x00, // 0x0FA0
  0x00, 0x00, 0x00, 0x00, 0x00, 0x00, 0x00, 0x00, 0x00, 0x00, 0x00, 0x00, 0x00, 0x00, 0x00, 0x00, // 0x0FB0
  0x00, 0x00, 0x00, 0x00, 0x00, 0x00, 0x00, 0x00, 0x00, 0x00, 0x00, 0x00, 0x00, 0x00, 0x00, 0x00, // 0x0FC0
  0x00, 0x00, 0x00, 0x00, 0x00, 0x00, 0x00, 0x00, 0x00, 0x00, 0x00, 0x00, 0x00, 0x00, 0x00, 0x00, // 0x0FD0
  0x00, 0x00, 0x00, 0x00, 0x00, 0x00, 0x00, 0x00, 0x00, 0x00, 0x00, 0x00, 0x00, 0x00, 0x00, 0x00, // 0x0FE0
  0x00, 0x00, 0x00, 0x00, 0x00, 0x00, 0x00, 0x00, 0x00, 0x00, 0x00, 0x00, 0x00, 0x00, 0x00, 0x00, // 0x0FF0
  0x00, 0x00, 0xCC, 0x00, 0x85, 0xCF, 0x85, 0xFF, 0x85, 0x07, 0x87, 0xCF, 0x87, 0x0F, 0x87, 0x07, // 0x1000
  0x80, 0x11, 0x81, 0x11, 0x82, 0x11, 0x83, 0x11, 0x80, 0x60, 0xA6, 0x7E, 0x14, 0x01, 0xA6, 0x7E, // 0x1010
  0x40, 0x01, 0x76, 0x7E, 0x2F, 0x00, 0x10, 0x7E, 0x96, 0x00, 0x09, 0x01, 0x03, 0x02, 0x06, 0x04, // 0x1020
  0x0C, 0x08, 0x01, 0x02, 0x02, 0x02, 0x02, 0x03, 0x03, 0x03, 0x03, 0x04, 0x05, 0x06, 0x07, 0x08, // 0x1030
  0x09, 0x0A, 0x0B, 0x64, 0x01, 0x80, 0x03, 0xC0, 0x05, 0xE0, 0x3F, 0x06, 0x5B, 0x4F, 0x66, 0x6D, // 0x1040
  0x7D, 0x07, 0x7F, 0x6F, 0x79, 0x73, 0x39, 0x76, 0x71, 0x40, 0x01, 0x88, 0x0F, 0x19, 0x02, 0x06, // 0x1050
  0x0F, 0x14, 0x04, 0x07, 0x12, 0x14, 0x08, 0x88, 0x11, 0x14, 0x10, 0x00, 0x11, 0x00, 0x20, 0x80, // 0x1060
  0x10, 0x00, 0x40, 0x07, 0x10, 0x30, 0x80, 0x08, 0x13, 0x30, 0x03, 0x32, 0x35, 0x36, 0x06, 0x02, // 0x1070
  0x33, 0x34, 0x05, 0x01, 0x31, 0x01, 0x02, 0x2F, 0x30, 0x00, 0xC6, 0x08, 0x08, 0x08, 0x28, 0x08, // 0x1080
  0xCA, 0x07, 0x06, 0xCB, 0xDA, 0xDB, 0xDC, 0xEA, 0x01, 0x01, 0xFE, 0x02, 0xFE, 0x01, 0x01, 0xFE, // 0x1090
  0x01, 0x00, 0x01, 0x01, 0xFE, 0x00, 0x02, 0x00, 0x02, 0x01, 0x02, 0x00, 0xC0, 0xC0, 0x00, 0x02, // 0x10A0
  0x01, 0x02, 0x00, 0x00, 0x00, 0x00, 0x02, 0x00, 0x02, 0x00, 0x3C, 0x3C, 0x00, 0x02, 0x01, 0x02, // 0x10B0
  0x00, 0xC0, 0x03, 0xCD, 0x01, 0x03, 0xCD, 0x01, 0x01, 0x01, 0x03, 0x31, 0x01, 0x01, 0x01, 0x03, // 0x10C0
  0x31, 0x01, 0x03, 0x01, 0x01, 0xCD, 0x01, 0x03, 0xCD, 0x01, 0x03, 0xCD, 0x01, 0x55, 0x03, 0x01, // 0x10D0
  0x01, 0x01, 0xA9, 0x03, 0x01, 0xA9, 0x03, 0x01, 0xA9, 0x01, 0x01, 0x03, 0x01, 0x55, 0x03, 0x01, // 0x10E0
  0x01, 0x01, 0x55, 0x03, 0x01, 0x01, 0x01, 0xA9, 0x00, 0x00, 0x00, 0x00, 0x00, 0x83, 0x83, 0x00, // 0x10F0
  0x00, 0x00, 0x00, 0x00, 0x3C, 0x3C, 0x00, 0x00, 0x00, 0x00, 0x00, 0x40, 0x40, 0x00, 0x00, 0x00, // 0x1100
  0x00, 0x00, 0x83, 0x00, 0x0C, 0x00, 0x00, 0x0C, 0x00, 0x00, 0x00, 0x00, 0x33, 0x00, 0x80, 0x00, // 0x1110
  0x00, 0x33, 0x00, 0x00, 0x00, 0x00, 0x0C, 0x40, 0x00, 0x0C, 0x00, 0x00, 0x0C, 0x00, 0x15, 0x00, // 0x1120
  0x00, 0x00, 0x00, 0x2A, 0x00, 0x00, 0x2A, 0x00, 0x80, 0x2A, 0x00, 0x00, 0x00, 0x40, 0x15, 0x00, // 0x1130
  0x00, 0x40, 0x40, 0x15, 0x00, 0x00, 0x00, 0x00, 0x2A, 0x3F, 0x6D, 0x40, 0x3E, 0x2F, 0x38, 0x16, // 0x1140
  0xE0, 0x9F, 0x00, 0xA0, 0x00, 0x6C, 0x00, 0x80, 0x00, 0x19, 0x00, 0xFF, 0xFF, 0xFF, 0xFF, 0xFF, // 0x1150
  0xFF, 0xFF, 0xFF, 0xFF, 0xFF, 0xFF, 0xFF, 0xA5, 0x11, 0xF5, 0x11, 0xFB, 0x11, 0xFB, 0x11, 0xFB, // 0x1160
  0x11, 0xFB, 0x11, 0xFB, 0x11, 0xFB, 0x11, 0xFB, 0x11, 0xFB, 0x11, 0xFB, 0x11, 0xFB, 0x11, 0xFB, // 0x1170
  0x11, 0xFB, 0x11, 0xEF, 0x11, 0xCB, 0x91, 0xA7, 0x91, 0x01, 0x12, 0x07, 0x12, 0x07, 0x12, 0x07, // 0x1180
  0x12, 0x07, 0x12, 0x07, 0x12, 0x07, 0x12, 0x07, 0x12, 0x07, 0x12, 0x07, 0x12, 0x07, 0x12, 0x07, // 0x1190
  0x12, 0x07, 0x12, 0x0D, 0x12, 0xB0, 0xFE, 0x2C, 0x00, 0x5C, 0x00, 0x1E, 0x00, 0x2C, 0x00, 0x5C, // 0x11A0
  0x00, 0x50, 0x00, 0x2C, 0x00, 0x5C, 0x00, 0x73, 0x00, 0x2C, 0x00, 0x5C, 0x00, 0x78, 0x00, 0x2C, // 0x11B0
  0x00, 0x5C, 0x00, 0x7D, 0x00, 0x2C, 0x00, 0x5C, 0x00, 0x7D, 0x00, 0x0C, 0x00, 0x21, 0x00, 0x22, // 0x11C0
  0x01, 0x0C, 0x00, 0x21, 0x00, 0xF0, 0x00, 0x0C, 0x00, 0x21, 0x00, 0xCD, 0x00, 0x0C, 0x00, 0x21, // 0x11D0
  0x00, 0xC8, 0x00, 0x0C, 0x00, 0x21, 0x00, 0xE1, 0x00, 0x0C, 0x00, 0x21, 0x00, 0xD7, 0x00, 0x14, // 0x11E0
  0x23, 0x14, 0x23, 0x14, 0x23, 0xC8, 0x00, 0x90, 0x01, 0x00, 0x04, 0xD6, 0x06, 0x74, 0x0E, 0xEF, // 0x11F0
  0x11, 0x44, 0x48, 0xE8, 0x80, 0xAA, 0x82, 0x1E, 0x00, 0x28, 0x00, 0x32, 0x00, 0x24, 0x49, 0x24, // 0x1200
  0x49, 0x24, 0x49, 0x05, 0x48, 0x83, 0x02, 0xBD, 0x00, 0xFF, 0x00, 0xFF, 0x01, 0xFE, 0x00, 0xFF, // 0x1210
  0x04, 0xFB, 0x00, 0xFF, 0x08, 0xF7, 0x00, 0xFF, 0x10, 0xEF, 0x00, 0xFF, 0x20, 0xDF, 0x00, 0xFF, // 0x1220
  0x40, 0xBF, 0x00, 0xFF, 0x80, 0x7F, 0x00, 0xFF, 0x00, 0xFF, 0x01, 0xFE, 0x00, 0xFF, 0x02, 0xFD, // 0x1230
  0x00, 0xFF, 0x04, 0xFB, 0x00, 0xFF, 0x08, 0xF7, 0x00, 0xFF, 0x10, 0xEF, 0x00, 0xFF, 0x20, 0xDF, // 0x1240
  0x02, 0xFD, 0x00, 0xFF, 0x00, 0xFF, 0x80, 0x40, 0x00, 0xFF, 0x40, 0x80, 0x00, 0xFF, 0x40, 0xBF, // 0x1250
  0x01, 0xFE, 0x40, 0xBF, 0x04, 0xFB, 0x40, 0xBF, 0x08, 0xF7, 0x40, 0xBF, 0x10, 0xEF, 0x40, 0xBF, // 0x1260
  0x20, 0xDF, 0x40, 0xBF, 0x40, 0xBF, 0x40, 0xBF, 0x80, 0x7F, 0x40, 0xBF, 0x00, 0xFF, 0x41, 0xBE, // 0x1270
  0x00, 0xFF, 0x42, 0xBD, 0x00, 0xFF, 0x44, 0xBB, 0x00, 0xFF, 0x48, 0xB7, 0x00, 0xFF, 0x50, 0xAF, // 0x1280
  0x00, 0xFF, 0x60, 0x9F, 0x02, 0xFD, 0x40, 0xBF, 0x00, 0xFF, 0x80, 0x7F, 0x01, 0xFE, 0x80, 0x7F, // 0x1290
  0x04, 0xFB, 0x80, 0x7F, 0x08, 0xF7, 0x80, 0x7F, 0x10, 0xEF, 0x80, 0x7F, 0x20, 0xDF, 0x80, 0x7F, // 0x12A0
  0x40, 0xBF, 0x80, 0x7F, 0x80, 0x7F, 0x80, 0x7F, 0x00, 0xFF, 0x81, 0x7E, 0x00, 0xFF, 0x82, 0x7D, // 0x12B0
  0x00, 0xFF, 0x84, 0x7B, 0x00, 0xFF, 0x88, 0x77, 0x00, 0xFF, 0x90, 0x6F, 0x00, 0xFF, 0xA0, 0x5F, // 0x12C0
  0x02, 0xFD, 0x80, 0x7F, 0x00, 0xFF, 0x00, 0xFF, 0x02, 0xFD, 0x00, 0xFF, 0x7D, 0x93, 0x01, 0x85, // 0x12D0
  0x95, 0xF8, 0x01, 0x01, 0x01, 0x01, 0x01, 0x7D, 0x93, 0xFE, 0x85, 0x95, 0xF8, 0xFE, 0xFE, 0xFE, // 0x12E0
  0xFE, 0xFE, 0x7F, 0x94, 0xFF, 0x8C, 0x9A, 0xF8, 0xFF, 0xFF, 0xFF, 0xFF, 0xFF, 0x7D, 0x93, 0xFC, // 0x12F0
  0x85, 0x95, 0xF8, 0x00, 0xC0, 0xFC, 0xC0, 0xFC, 0x7F, 0x94, 0x3F, 0x8C, 0x9A, 0xF8, 0x00, 0x3F, // 0x1300
  0x03, 0x3F, 0x03, 0x7F, 0x94, 0x40, 0x8C, 0x9A, 0xF8, 0x00, 0x00, 0x40, 0x00, 0x40, 0x7F, 0x94, // 0x1310
  0x80, 0x8C, 0x9A, 0xF8, 0x00, 0x80, 0x80, 0x80, 0x80, 0x7E, 0x94, 0xC0, 0x8C, 0x9A, 0x00, 0xC0, // 0x1320
  0xC0, 0xC0, 0xC0, 0xC0, 0x7C, 0x93, 0xFF, 0x85, 0x95, 0x00, 0xFF, 0xFF, 0xFF, 0xFF, 0xFF, 0x7E, // 0x1330
  0x94, 0x3F, 0x8C, 0x9A, 0x00, 0x3F, 0x3F, 0x3F, 0x3F, 0x3F, 0x05, 0x26, 0x43, 0x60, 0x7D, 0x7B, // 0x1340
  0x14, 0x74, 0x14, 0x65, 0x14, 0x65, 0x14, 0x65, 0x14, 0x65, 0x14, 0x65, 0x14, 0x65, 0x14, 0x65, // 0x1350
  0x14, 0x65, 0x14, 0x65, 0x14, 0x65, 0x14, 0x65, 0x14, 0x65, 0x14, 0x6C, 0x14, 0x59, 0x14, 0x4F, // 0x1360
  0x14, 0x4F, 0x14, 0x8E, 0x14, 0x4F, 0x14, 0x4F, 0x14, 0x4F, 0x14, 0x4F, 0x14, 0x4F, 0x14, 0x4F, // 0x1370
  0x14, 0x4F, 0x14, 0x4F, 0x14, 0x4F, 0x14, 0x4F, 0x14, 0x4F, 0x14, 0x4F, 0x14, 0x6C, 0x14, 0x59, // 0x1380
  0x14, 0x8E, 0x14, 0x59, 0x14, 0x59, 0x14, 0x59, 0x14, 0x59, 0x14, 0x59, 0x14, 0x59, 0x14, 0x59, // 0x1390
  0x14, 0x59, 0x14, 0x59, 0x14, 0x59, 0x14, 0x59, 0x14, 0x59, 0x14, 0x6C, 0x14, 0x7B, 0x14, 0x74, // 0x13A0
  0x14, 0x65, 0x14, 0x65, 0x14, 0x65, 0x14, 0x65, 0x14, 0x65, 0x14, 0x65, 0x14, 0x65, 0x14, 0x65, // 0x13B0
  0x14, 0x65, 0x14, 0x65, 0x14, 0x65, 0x14, 0x65, 0x14, 0x6C, 0x14, 0x7B, 0x14, 0x6C, 0x14, 0x04, // 0x13C0
  0x25, 0x42, 0x5F, 0x7B, 0x14, 0x74, 0x14, 0xA0, 0x14, 0xA0, 0x14, 0xA0, 0x14, 0xA0, 0x14, 0xA0, // 0x13D0
  0x14, 0xA0, 0x14, 0xA0, 0x14, 0xA0, 0x14, 0xA0, 0x14, 0xA0, 0x14, 0xA0, 0x14, 0xA0, 0x14, 0x6C, // 0x13E0
  0x14, 0x59, 0x14, 0x4F, 0x14, 0x4F, 0x14, 0x8E, 0x14, 0x92, 0x14, 0x92, 0x14, 0x92, 0x14, 0x92, // 0x13F0
  0x14, 0x92, 0x14, 0x92, 0x14, 0x92, 0x14, 0x92, 0x14, 0x92, 0x14, 0x92, 0x14, 0x92, 0x14, 0x92, // 0x1400
  0x14, 0x6C, 0x14, 0x59, 0x14, 0x8E, 0x14, 0x99, 0x14, 0x99, 0x14, 0x99, 0x14, 0x99, 0x14, 0x99, // 0x1410
  0x14, 0x99, 0x14, 0x99, 0x14, 0x99, 0x14, 0x99, 0x14, 0x99, 0x14, 0x99, 0x14, 0x99, 0x14, 0x6C, // 0x1420
  0x14, 0x7B, 0x14, 0x74, 0x14, 0xA0, 0x14, 0xA0, 0x14, 0xA0, 0x14, 0xA0, 0x14, 0xA0, 0x14, 0xA0, // 0x1430
  0x14, 0xA0, 0x14, 0xA0, 0x14, 0xA0, 0x14, 0xA0, 0x14, 0xA0, 0x14, 0xA0, 0x14, 0x6C, 0x14, 0x90, // 0x1440
  0x14, 0x19, 0x01, 0x0D, 0x07, 0x22, 0x1A, 0x15, 0x01, 0x40, 0x15, 0x01, 0x0A, 0x04, 0x0A, 0x03, // 0x1450
  0x0A, 0x14, 0x14, 0x19, 0x19, 0x1C, 0x16, 0x01, 0x37, 0x26, 0x0C, 0x16, 0x8A, 0x16, 0x04, 0x50, // 0x1460
  0x0F, 0x0C, 0x0F, 0x02, 0x0E, 0x17, 0x11, 0x0F, 0x26, 0x29, 0x11, 0x7C, 0x17, 0x23, 0x04, 0x16, // 0x1470
  0x02, 0x1B, 0x01, 0x01, 0x05, 0x09, 0x05, 0x01, 0x02, 0x01, 0x06, 0x04, 0x02, 0x01, 0xF2, 0x18, // 0x1480
  0x40, 0x40, 0x90, 0x14, 0x19, 0x19, 0x1A, 0x1A, 0x1A, 0x40, 0x15, 0x19, 0x19, 0x1A, 0x1A, 0x1A, // 0x1490
  0x1C, 0x16, 0x20, 0x20, 0x20, 0x20, 0x03, 0x78, 0x50, 0x34, 0x0A, 0xD2, 0xC8, 0xA0, 0x82, 0x51, // 0x14A0
  0x32, 0x02, 0xC8, 0xD0, 0xA4, 0x98, 0x68, 0x38, 0x0C, 0xCE, 0xDA, 0xAA, 0x04, 0x81, 0x58, 0x2C, // 0x14B0
  0xD0, 0xD0, 0xCA, 0xD0, 0x78, 0x5A, 0x30, 0xCA, 0xD0, 0xC8, 0xDA, 0x80, 0x64, 0x40, 0xDA, 0xD0, // 0x14C0
  0xCE, 0xCC, 0x02, 0xCA, 0xD8, 0xAC, 0x78, 0x5A, 0x2A, 0x08, 0xD2, 0xCA, 0xA8, 0x7A, 0x5A, 0x32, // 0x14D0
  0x00, 0xD0, 0xCC, 0xA0, 0x90, 0x60, 0x34, 0x06, 0x05, 0xD0, 0xC8, 0xBC, 0x81, 0x52, 0x28, 0x01, // 0x14E0
  0xEA, 0xD0, 0xA1, 0x82, 0x50, 0x42, 0x0C, 0xC8, 0xD0, 0xB8, 0x8C, 0x5C, 0x28, 0x10, 0x02, 0xD0, // 0x14F0
  0xD0, 0xD4, 0xD6, 0xD0, 0xD4, 0xD6, 0xD0, 0xD4, 0xD6, 0xAA, 0xAC, 0xA8, 0x5C, 0xD0, 0xD4, 0xD0, // 0x1500
  0xD0, 0xD4, 0xD4, 0xD0, 0x07, 0xD0, 0xA0, 0x7C, 0x58, 0x2A, 0x00, 0xC8, 0xCA, 0xA8, 0x78, 0x52, // 0x1510
  0x28, 0x02, 0xD4, 0xCC, 0xA6, 0x90, 0x60, 0x3C, 0x04, 0xCE, 0x08, 0xA8, 0x80, 0x54, 0x30, 0x0A, // 0x1520
  0xCA, 0xD0, 0xA2, 0x92, 0x58, 0x2A, 0x0A, 0xC8, 0xD2, 0xAC, 0x7C, 0x68, 0x3A, 0x0C, 0xCC, 0xCA, // 0x1530
  0x01, 0xE8, 0xE8, 0xC0, 0xE8, 0xE8, 0xE8, 0xC0, 0xE8, 0xE8, 0xC0, 0xC0, 0xC0, 0xC0, 0xC0, 0xE8, // 0x1540
  0xE8, 0xC0, 0xE8, 0xE8, 0xE8, 0xC0, 0x02, 0x89, 0x58, 0x2C, 0x12, 0xD0, 0xE9, 0xBA, 0x88, 0x5D, // 0x1550
  0x2A, 0x10, 0xD1, 0xC8, 0xC4, 0x92, 0x64, 0x31, 0x04, 0xD8, 0xD2, 0xA4, 0x03, 0x79, 0x60, 0x34, // 0x1560
  0x02, 0xE8, 0xE1, 0xC2, 0x90, 0x61, 0x32, 0x04, 0xD9, 0xD0, 0xA0, 0x82, 0x54, 0x39, 0x08, 0xC8, // 0x1570
  0xDE, 0xAC, 0x04, 0xD2, 0xC8, 0xB5, 0x80, 0x50, 0x2A, 0x00, 0xE9, 0xE2, 0xB0, 0x85, 0x52, 0x3D, // 0x1580
  0x08, 0xC8, 0xC8, 0xBA, 0x88, 0x58, 0x29, 0x14, 0x05, 0xC8, 0xD8, 0xAC, 0x88, 0x5A, 0x28, 0x20, // 0x1590
  0xE0, 0xDC, 0xAA, 0x78, 0x60, 0x30, 0x04, 0xD0, 0xEA, 0xB0, 0x80, 0x50, 0x3C, 0x08, 0x01, 0xDE, // 0x15A0
  0xE8, 0xCD, 0xCC, 0xEC, 0xCC, 0xE8, 0xD4, 0xC8, 0xD8, 0xA4, 0xA2, 0x81, 0x50, 0x0C, 0x00, 0x06, // 0x15B0
  0xD1, 0xD8, 0xD4, 0xC8, 0x07, 0xB2, 0x80, 0x55, 0x38, 0x08, 0xEA, 0xE1, 0xB0, 0x86, 0x50, 0x39, // 0x15C0
  0x0A, 0xC8, 0xED, 0xB8, 0x9A, 0x69, 0x38, 0x0C, 0xC8, 0xCA, 0x08, 0xA8, 0x98, 0x6D, 0x3A, 0x0C, // 0x15D0
  0xC9, 0xEA, 0xB8, 0x89, 0x5A, 0x2D, 0x20, 0xE4, 0xD8, 0xAA, 0x9D, 0x68, 0x3A, 0x08, 0xCD, 0xDE, // 0x15E0
  0x09, 0xAA, 0x9A, 0x6C, 0x60, 0x32, 0x00, 0xE8, 0xBA, 0x88, 0x5C, 0x50, 0x4A, 0x18, 0xD8, 0xAC, // 0x15F0
  0x78, 0x6A, 0x60, 0x34, 0x06, 0xD8, 0x0A, 0xD0, 0xA0, 0x8C, 0x58, 0x30, 0x04, 0xE0, 0xD8, 0xB8, // 0x1600
  0x88, 0x5C, 0x28, 0x14, 0xD0, 0xD0, 0xA0, 0x98, 0x68, 0x38, 0x0C, 0xDC, 0x01, 0xD0, 0xC0, 0x94, // 0x1610
  0x60, 0x30, 0x02, 0xEC, 0xE0, 0xB4, 0x80, 0x50, 0x48, 0x18, 0xDC, 0xD0, 0xA0, 0x90, 0x60, 0x34, // 0x1620
  0x00, 0xD8, 0x02, 0x8A, 0x58, 0x28, 0x24, 0xE0, 0xDA, 0xAC, 0x78, 0x72, 0x44, 0x10, 0xD2, 0xC8, // 0x1630
  0xC0, 0x94, 0x60, 0x4A, 0x18, 0xD8, 0xD4, 0xA0, 0x03, 0x7C, 0x60, 0x30, 0x02, 0xE9, 0xE4, 0xB2, // 0x1640
  0x81, 0x54, 0x4A, 0x18, 0xDC, 0xD1, 0xA1, 0x9A, 0x68, 0x3C, 0x08, 0xC9, 0xDA, 0xA8, 0x04, 0xD4, // 0x1650
  0xC8, 0xB0, 0x82, 0x50, 0x4C, 0x1A, 0xD8, 0xD4, 0xA2, 0x98, 0x6C, 0x38, 0x08, 0xCA, 0xE8, 0xBC, // 0x1660
  0x88, 0x58, 0x42, 0x10, 0x01, 0xCA, 0xD8, 0xA8, 0x7C, 0x70, 0x42, 0x14, 0xD0, 0xCA, 0xC4, 0x90, // 0x1670
  0x62, 0x30, 0x00, 0xEC, 0xE0, 0xB2, 0x80, 0x50, 0x3C, 0x08, 0x04, 0xB2, 0x80, 0x50, 0x4C, 0x18, // 0x1680
  0xDA, 0xD4, 0xA0, 0x9A, 0x6C, 0x38, 0x0A, 0xC8, 0xE8, 0xBC, 0x88, 0x5A, 0x28, 0x10, 0xD4, 0xC8, // 0x1690
  0x06, 0xDC, 0xD0, 0xC8, 0xE8, 0xE0, 0xDC, 0xD0, 0xC8, 0xEC, 0xE0, 0xB0, 0x98, 0xB8, 0x8C, 0x58, // 0x16A0
  0x28, 0x24, 0xE0, 0xD8, 0xE8, 0xE0, 0x03, 0xD0, 0xC8, 0xC0, 0x90, 0x64, 0x30, 0x00, 0xEC, 0xE0, // 0x16B0
  0xB0, 0x80, 0x50, 0x3C, 0x08, 0xC8, 0xEC, 0xB8, 0x88, 0x58, 0x40, 0x14, 0x04, 0x78, 0x64, 0x30, // 0x16C0
  0x00, 0xE8, 0xE0, 0xB4, 0x80, 0x50, 0x4C, 0x18, 0xD8, 0xD0, 0xA0, 0x8C, 0x58, 0x28, 0x24, 0xE0, // 0x16D0
  0xD8, 0xA8, 0x05, 0xD8, 0xD4, 0xA0, 0x98, 0x68, 0x38, 0x0C, 0xC8, 0xE8, 0xBC, 0x88, 0x58, 0x28, // 0x16E0
  0x10, 0xD4, 0xC8, 0xC0, 0x94, 0x60, 0x30, 0x00, 0x02, 0x88, 0x58, 0x28, 0x20, 0xE4, 0xD8, 0xA8, // 0x16F0
  0x7C, 0x70, 0x40, 0x10, 0xD0, 0xCC, 0xB0, 0x80, 0x54, 0x48, 0x18, 0xD8, 0xD0, 0xA4, 0x03, 0xD8, // 0x1700
  0xD4, 0xA0, 0x98, 0x6C, 0x38, 0x0C, 0xC8, 0xE8, 0xBC, 0x88, 0x58, 0x7C, 0x60, 0x30, 0x04, 0xC0, // 0x1710
  0x94, 0x60, 0x30, 0x04, 0x05, 0x0C, 0xC8, 0xDC, 0xA8, 0x88, 0xD4, 0xC8, 0x20, 0xE4, 0xD8, 0x20, // 0x1720
  0xCC, 0xD8, 0xA8, 0x78, 0x70, 0x2C, 0xB0, 0x98, 0x68, 0xD8, 0x01, 0xD8, 0x30, 0x24, 0xE0, 0xDC, // 0x1730
  0xAA, 0x79, 0xCC, 0x4A, 0x19, 0x88, 0x50, 0x2C, 0x1C, 0xE2, 0xD0, 0xA4, 0xCA, 0xDC, 0xE8, 0x90, // 0x1740
  0x02, 0xD0, 0xE8, 0xE0, 0xDC, 0xD0, 0xD0, 0xCC, 0xE8, 0xE0, 0xDC, 0xC0, 0x90, 0x64, 0x80, 0x14, // 0x1750
  0x30, 0x00, 0xD8, 0xD4, 0xCC, 0xD8, 0x01, 0xD0, 0xC8, 0xDC, 0xD0, 0xD8, 0xD4, 0xE0, 0xD8, 0xD0, // 0x1760
  0xCC, 0x30, 0x00, 0xDE, 0xD0, 0xA4, 0x80, 0xCE, 0xE0, 0xE8, 0xE4, 0xD8, 0x03, 0xD8, 0xD4, 0xE8, // 0x1770
  0xE0, 0xD4, 0xC8, 0xC8, 0xEC, 0xE0, 0xE4, 0x5A, 0x28, 0x20, 0x94, 0x6A, 0x30, 0x24, 0xE0, 0xDE, // 0x1780
  0xD0, 0xC8, 0x10, 0xCD, 0xD8, 0xD2, 0xDC, 0xD0, 0xCA, 0xDC, 0xD0, 0xBA, 0x8C, 0x58, 0x2A, 0x08, // 0x1790
  0xCA, 0xDC, 0xD0, 0xE0, 0xDA, 0xD4, 0xC8, 0xD0, 0x03, 0xD8, 0xEC, 0xE2, 0xD8, 0xD4, 0x28, 0x08, // 0x17A0
  0xCC, 0xE8, 0xE0, 0xD8, 0xD0, 0x48, 0x1C, 0xE0, 0xD8, 0xE8, 0xE4, 0x66, 0x30, 0x18, 0x04, 0xD0, // 0x17B0
  0xCC, 0xE2, 0xD8, 0xD4, 0xC8, 0xE2, 0xB4, 0x80, 0x52, 0x44, 0x10, 0xD6, 0xCC, 0xE8, 0xE0, 0xE0, // 0x17C0
  0xDC, 0xD4, 0xD8, 0xD0, 0x05, 0xD4, 0xDE, 0x58, 0x39, 0x08, 0xCA, 0xD9, 0xD0, 0xCA, 0xE9, 0xE0, // 0x17D0
  0xD8, 0xD4, 0xD0, 0xCA, 0xE0, 0xDC, 0x30, 0x18, 0xDA, 0xD8, 0x06, 0xD0, 0xCC, 0xE0, 0xD8, 0xD4, // 0x17E0
  0xC8, 0xB8, 0x8C, 0x58, 0x28, 0x0C, 0xC8, 0xD8, 0xD4, 0xC8, 0xE0, 0xD8, 0xDC, 0xD4, 0xC8, 0xD8, // 0x17F0
  0x07, 0xD0, 0xCC, 0x40, 0x10, 0xD4, 0xD0, 0xC8, 0xEC, 0xE0, 0xD8, 0xD0, 0xC8, 0xDC, 0xD4, 0xC8, // 0x1800
  0xE8, 0x40, 0x14, 0xD4, 0xC8, 0xD8, 0x08, 0xD0, 0xCC, 0xE0, 0xD8, 0xD4, 0xC8, 0xD8, 0xD4, 0xC8, // 0x1810
  0xE8, 0xE4, 0xD8, 0xD4, 0x30, 0x00, 0x30, 0x00, 0xD4, 0xCC, 0xD8, 0xD0, 0x09, 0xCC, 0xB0, 0x82, // 0x1820
  0x60, 0x34, 0x01, 0xD8, 0xD4, 0xC9, 0xDC, 0xD4, 0xD9, 0xD0, 0xC9, 0xEC, 0xE0, 0xD9, 0xD4, 0xCC, // 0x1830
  0xD8, 0xD0, 0x0A, 0xDA, 0xD4, 0xE0, 0xD8, 0xD2, 0xD9, 0xD4, 0xEA, 0xE1, 0xD8, 0x86, 0x50, 0x28, // 0x1840
  0x1D, 0xD8, 0xD0, 0xEA, 0xE4, 0xD8, 0xD4, 0xC8, 0x0B, 0xD0, 0x50, 0x3C, 0x08, 0xDC, 0xD0, 0xC8, // 0x1850
  0xEC, 0x68, 0x38, 0x0C, 0xC8, 0xD8, 0xD4, 0xC8, 0x58, 0x2A, 0x1C, 0xDC, 0xE2, 0xD8, 0x0C, 0x8A, // 0x1860
  0x58, 0x28, 0x24, 0xE0, 0xDA, 0xD4, 0x78, 0x72, 0x44, 0x10, 0xD2, 0xC8, 0xE8, 0x94, 0x60, 0x4A, // 0x1870
  0x18, 0xD8, 0xD4, 0xC8, 0x0D, 0x7C, 0x60, 0x30, 0x02, 0xE9, 0xE4, 0xB2, 0x81, 0x54, 0x4A, 0x18, // 0x1880
  0xDC, 0xD1, 0xA1, 0x9A, 0x68, 0x3C, 0x08, 0xC9, 0xDA, 0xA8, 0x0E, 0xD4, 0xC8, 0xB0, 0x82, 0x50, // 0x1890
  0x4C, 0x1A, 0xD8, 0xD4, 0xA2, 0x98, 0x6C, 0x38, 0x08, 0xCA, 0xE8, 0xBC, 0x88, 0x58, 0x42, 0x10, // 0x18A0
  0x0F, 0xCA, 0xD8, 0xA8, 0x7C, 0x70, 0x42, 0x14, 0xD0, 0xCA, 0xC4, 0x90, 0x62, 0x30, 0x00, 0xEC, // 0x18B0
  0xE0, 0xB2, 0x80, 0x50, 0x3C, 0x08, 0x01, 0xB2, 0x80, 0x50, 0x4C, 0x18, 0xDA, 0xD4, 0xA0, 0x9A, // 0x18C0
  0x6C, 0x38, 0x0A, 0xC8, 0xE8, 0xBC, 0x88, 0x5A, 0x28, 0x10, 0xD4, 0xC8, 0x11, 0xD4, 0xD0, 0xCD, // 0x18D0
  0x58, 0x28, 0x10, 0xD4, 0xC8, 0xD0, 0xCC, 0x60, 0x30, 0x10, 0xD4, 0xC8, 0xD8, 0xD0, 0xE4, 0xD8, // 0x18E0
  0xD2, 0xC8, 0x02, 0xD4, 0xC8, 0x38, 0x08, 0xC8, 0xEC, 0xE0, 0xDA, 0xD0, 0xC8, 0xD0, 0xCC, 0xD8, // 0x18F0
  0xD0, 0xC8, 0xD0, 0x2C, 0x10, 0xE8, 0xE0, 0xD8, 0x02, 0x30, 0x20, 0x1C, 0xB0, 0xA8, 0x7C, 0x72, // 0x1900
  0x44, 0x10, 0x08, 0xCA, 0xC0, 0x94, 0x3A, 0x30, 0x04, 0x1A, 0x60, 0xAC, 0x78, 0x60, 0x01, 0xD0, // 0x1910
  0xE8, 0xE6, 0xD8, 0xD0, 0xCC, 0xEA, 0xE0, 0xDC, 0xD2, 0x54, 0x1A, 0x04, 0x12, 0xAC, 0xA0, 0x60, // 0x1920
  0xD0, 0xD4, 0xCE, 0xDC, 0x05, 0x15, 0x23, 0x31, 0x3F, 0x48, 0x71, 0x85, 0x84, 0x83, 0x82, 0x81, // 0x1930
  0x80, 0x7F, 0x7E, 0x7D, 0x7C, 0x7B, 0x7A, 0x8E, 0x39, 0x4D, 0x37, 0x60, 0x4A, 0x49, 0x48, 0x47, // 0x1940
  0x46, 0x45, 0x44, 0x43, 0x42, 0x41, 0x40, 0x3F, 0x7D, 0x28, 0x51, 0x26, 0x25, 0x24, 0x23, 0x22, // 0x1950
  0x21, 0x20, 0x1F, 0x1E, 0x1D, 0x1C, 0x1B, 0x6E, 0x19, 0x42, 0x56, 0x55, 0x54, 0x53, 0x52, 0x51, // 0x1960
  0x50, 0x4F, 0x4E, 0x4D, 0x4C, 0x4B, 0x5F, 0x1F, 0x5D, 0x04, 0x03, 0x80, 0x03, 0x10, 0x03, 0x02, // 0x1970
  0x02, 0x00, 0x10, 0x02, 0x80, 0x00, 0x90, 0x42, 0x00, 0x00, 0x02, 0x90, 0x00, 0x80, 0x00, 0x42, // 0x1980
  0x90, 0x00, 0x40, 0x00, 0x92, 0x60, 0x00, 0x10, 0x02, 0x80, 0x00, 0x90, 0x42, 0x00, 0x00, 0x02, // 0x1990
  0x90, 0x00, 0x80, 0x00, 0x42, 0x90, 0x00, 0x00, 0x42, 0x92, 0x80, 0x80, 0x10, 0x82, 0x00, 0x00, // 0x19A0
  0x10, 0x02, 0x80, 0x00, 0x82, 0x12, 0x00, 0x80, 0x00, 0x02, 0x92, 0xC0, 0x00, 0x02, 0x12, 0x02, // 0x19B0
  0x10, 0x00, 0x00, 0x90, 0x02, 0x00, 0x80, 0x02, 0x10, 0x00, 0x82, 0x00, 0x00, 0x90, 0x00, 0x82, // 0x19C0
  0x00, 0x80, 0x10, 0x00, 0x82, 0x00, 0x10, 0x00, 0x00, 0x42, 0x00, 0x90, 0x02, 0x00, 0x00, 0x00, // 0x19D0
  0x50, 0x02, 0x80, 0x10, 0x82, 0x00, 0x00, 0x00, 0x10, 0x82, 0x10, 0x00, 0x01, 0x00, 0x02, 0x00, // 0x19E0
  0x04, 0x00, 0x0F, 0x00, 0x08, 0x00, 0x0F, 0x00, 0x10, 0x00, 0x0F, 0x00, 0x20, 0x00, 0x0F, 0x00, // 0x19F0
  0x40, 0x00, 0x0F, 0x00, 0x80, 0x00, 0x0F, 0xFF, 0x01, 0x00, 0x0F, 0xFF, 0x02, 0x00, 0x0F, 0xFF, // 0x1A00
  0x04, 0x00, 0x0F, 0xFF, 0x08, 0x00, 0x0F, 0xFF, 0x10, 0x00, 0x0F, 0xFF, 0x20, 0x00, 0x0F, 0x00, // 0x1A10
  0x02, 0x01, 0x00, 0xFF, 0x40, 0x04, 0x0F, 0xFF, 0x80, 0x02, 0x02, 0x0E, 0x00, 0x01, 0x00, 0x05, // 0x1A20
  0x00, 0x04, 0x00, 0x0F, 0x00, 0x08, 0x00, 0x0F, 0x00, 0x10, 0x00, 0x0F, 0x00, 0x20, 0x00, 0x0F, // 0x1A30
  0x00, 0x40, 0x00, 0x0F, 0x00, 0x80, 0x00, 0x0F, 0xFF, 0x01, 0x00, 0x0F, 0xFF, 0x02, 0x00, 0x0F, // 0x1A40
  0xFF, 0x04, 0x00, 0x0F, 0xFF, 0x08, 0x00, 0x0F, 0xFF, 0x10, 0x00, 0x0F, 0xFF, 0x20, 0x00, 0x0F, // 0x1A50
  0x00, 0x02, 0x02, 0x01, 0x01, 0x00, 0x02, 0x00, 0x0F, 0x80, 0x00, 0x10, 0x07, 0x01, 0xFF, 0x01, // 0x1A60
  0x07, 0x01, 0x08, 0x02, 0xFF, 0x02, 0x07, 0x33, 0x02, 0x03, 0x04, 0x84, 0x00, 0x04, 0x07, 0x04, // 0x1A70
  0x08, 0x04, 0x09, 0x85, 0x6C, 0x05, 0x04, 0x86, 0x81, 0x87, 0x59, 0x88, 0x61, 0x89, 0x69, 0x8A, // 0x1A80
  0x6D, 0x0A, 0x10, 0x8B, 0x1B, 0xAB, 0x1B, 0x8C, 0xA5, 0x0F, 0xFF, 0x03, 0x13, 0x12, 0x1F, 0x1F, // 0x1A90
  0x23, 0x23, 0x23, 0x23, 0x23, 0x23, 0x23, 0x23, 0x23, 0x23, 0x23, 0x23, 0x23, 0x41, 0x41, 0x41, // 0x1AA0
  0x41, 0x45, 0x47, 0x49, 0x4B, 0x4D, 0x4F, 0x51, 0x53, 0x55, 0x57, 0x59, 0x5B, 0x5D, 0x01, 0x20, // 0x1AB0
  0x21, 0x20, 0x22, 0x03, 0x04, 0x05, 0x06, 0x07, 0x08, 0x09, 0x0A, 0x0B, 0x0C, 0x0D, 0x0E, 0x0F, // 0x1AC0
  0x20, 0x23, 0x20, 0x24, 0x20, 0x25, 0x20, 0x26, 0x20, 0x27, 0x20, 0x28, 0x20, 0x29, 0x20, 0x2A, // 0x1AD0
  0x20, 0x2B, 0x20, 0x2C, 0x20, 0x2D, 0x20, 0x2E, 0x20, 0x2F, 0x20, 0x30, 0x20, 0x31, 0x02, 0x11, // 0x1AE0
  0x10, 0x01, 0x20, 0x21, 0x20, 0x22, 0x03, 0x40, 0x52, 0x04, 0x40, 0x52, 0x05, 0x40, 0x52, 0x06, // 0x1AF0
  0x40, 0x52, 0x07, 0x40, 0x52, 0x08, 0x40, 0x52, 0x09, 0x40, 0x52, 0x0A, 0x40, 0x52, 0x0B, 0x40, // 0x1B00
  0x52, 0x0C, 0x40, 0x52, 0x0D, 0x40, 0x52, 0x0E, 0x40, 0x52, 0x0F, 0x02, 0x0A, 0x01, 0xA7, 0x0D, // 0x1B10
  0x66, 0x0E, 0x01, 0x50, 0x01, 0x00, 0x00, 0x40, 0xBD, 0x00, 0x00, 0x00, 0x00, 0x00, 0x00, 0x00, // 0x1B20
  0x00, 0x00, 0x00, 0x00, 0x00, 0x00, 0x00, 0x00, 0x00, 0x00, 0x00, 0x00, 0x00, 0x00, 0x00, 0x00, // 0x1B30
  0x00, 0x00, 0x00, 0x00, 0x00, 0x00, 0x00, 0x00, 0x00, 0x00, 0x00, 0x00, 0x00, 0x00, 0x00, 0x00, // 0x1B40
  0x00, 0x00, 0x00, 0x00, 0x00, 0x00, 0x00, 0x00, 0x00, 0x00, 0x00, 0x00, 0x00, 0x00, 0x00, 0x00, // 0x1B50
  0x00, 0x00, 0x00, 0x00, 0x00, 0x00, 0x00, 0x00, 0x00, 0x00, 0x00, 0x00, 0x00, 0x00, 0x00, 0x00, // 0x1B60
  0x00, 0x00, 0x00, 0x00, 0x00, 0x00, 0x00, 0x00, 0x00, 0x00, 0x00, 0x00, 0x00, 0x00, 0x00, 0x00, // 0x1B70
  0x00, 0x00, 0x00, 0x00, 0x00, 0x00, 0x00, 0x00, 0x00, 0x00, 0x00, 0x00, 0x00, 0x00, 0x00, 0x00, // 0x1B80
  0x00, 0x00, 0x00, 0x00, 0x00, 0x00, 0x00, 0x00, 0x00, 0x00, 0x00, 0x00, 0x00, 0x00, 0x00, 0x00, // 0x1B90
  0x00, 0x00, 0x00, 0x00, 0x00, 0x00, 0x00, 0x00, 0x00, 0x00, 0x00, 0x00, 0x00, 0x00, 0x00, 0x00, // 0x1BA0
  0x00, 0x00, 0x00, 0x00, 0x00, 0x00, 0x00, 0x00, 0x00, 0x00, 0x00, 0x00, 0x00, 0x00, 0x00, 0x00, // 0x1BB0
  0x00, 0x00, 0x00, 0x00, 0x00, 0x00, 0x00, 0x00, 0x00, 0x00, 0x00, 0x00, 0x00, 0x00, 0x00, 0x00, // 0x1BC0
  0x00, 0x00, 0x00, 0x00, 0x00, 0x00, 0x00, 0x00, 0x00, 0x00, 0x00, 0x00, 0x00, 0x00, 0x00, 0x00, // 0x1BD0
  0x00, 0x00, 0x00, 0x00, 0x00, 0x00, 0x00, 0x00, 0x00, 0x00, 0x00, 0x00, 0x00, 0x00, 0x00, 0x00, // 0x1BE0
  0x00, 0x00, 0x00, 0x00, 0x00, 0x00, 0x00, 0x00, 0x00, 0x00, 0x00, 0x00, 0x00, 0x00, 0x00, 0x00, // 0x1BF0
  0x20, 0xBC, 0xDE, 0xAD, 0xB3, 0xB5, 0xB3, 0x20, 0x20, 0x20, 0x20, 0x20, 0x20, 0x20, 0x20, 0x20, // 0x1C00
  0x20, 0xBB, 0xD0, 0xB0, 0x20, 0xB6, 0xCC, 0xDE, 0xBC, 0xB7, 0xB6, 0xDE, 0xB2, 0xBC, 0xAC, 0x20, // 0x1C10
  0x20, 0xB1, 0xD0, 0xAD, 0xB0, 0xBD, 0xDE, 0xD2, 0xDD, 0xC4, 0xCD, 0xDD, 0xBA, 0xB3, 0xB7, 0x20, // 0x1C20
  0x20, 0xC4, 0xB3, 0xC6, 0xAD, 0xB3, 0xC0, 0xDE, 0xCC, 0xDE, 0xD9, 0xBE, 0xDD, 0xBB, 0xB0, 0x20, // 0x1C30
  0x20, 0xB9, 0xB2, 0xCB, 0xDD, 0xD2, 0xC0, 0xDE, 0xD9, 0xCA, 0xD7, 0xB2, 0xC0, 0xDE, 0xBC, 0x20, // 0x1C40
  0x20, 0xC5, 0xC6, 0xDC, 0xC9, 0xC0, 0xD2, 0xC0, 0xD2, 0xC0, 0xD2, 0xBA, 0xDE, 0xDB, 0xB3, 0x20, // 0x1C50
  0x20, 0xCA, 0xB6, 0xC0, 0xC9, 0xBF, 0xDD, 0xBF, 0xDD, 0xBF, 0xDD, 0xBA, 0xDE, 0xB8, 0xB3, 0x20, // 0x1C60
  0x20, 0x32, 0x30, 0x30, 0x31, 0x2E, 0x30, 0x37, 0x2E, 0x30, 0x34, 0x20, 0x20, 0x20, 0x20, 0x20, // 0x1C70
  0x00, 0x00, 0x00, 0x00, 0x00, 0x00, 0x00, 0x00, 0x00, 0x00, 0x00, 0x00, 0x00, 0x00, 0x00, 0x00, // 0x1C80
  0x00, 0x00, 0x00, 0x00, 0x00, 0x00, 0x00, 0x00, 0x00, 0x00, 0x00, 0x00, 0x00, 0x00, 0x00, 0x00, // 0x1C90
  0x00, 0x00, 0x00, 0x00, 0x00, 0x00, 0x00, 0x00, 0x00, 0x00, 0x00, 0x00, 0x00, 0x00, 0x00, 0x00, // 0x1CA0
  0x00, 0x00, 0x00, 0x00, 0x00, 0x00, 0x00, 0x00, 0x00, 0x00, 0x00, 0x00, 0x00, 0x00, 0x00, 0x00, // 0x1CB0
  0x00, 0x00, 0x00, 0x00, 0x00, 0x00, 0x00, 0x00, 0x00, 0x00, 0x00, 0x00, 0x00, 0x00, 0x00, 0x00, // 0x1CC0
  0x00, 0x00, 0x00, 0x00, 0x00, 0x00, 0x00, 0x00, 0x00, 0x00, 0x00, 0x00, 0x00, 0x00, 0x00, 0x00, // 0x1CD0
  0x00, 0x00, 0x00, 0x00, 0x00, 0x00, 0x00, 0x00, 0x00, 0x00, 0x00, 0x00, 0x00, 0x00, 0x00, 0x00, // 0x1CE0
  0x00, 0x00, 0x00, 0x00, 0x00, 0x00, 0x00, 0x00, 0x00, 0x00, 0x00, 0x00, 0x00, 0x00, 0x00, 0x00, // 0x1CF0
  0x00, 0x00, 0x00, 0x00, 0x00, 0x00, 0x00, 0x00, 0x00, 0x00, 0x00, 0x00, 0x00, 0x00, 0x00, 0x00, // 0x1D00
  0x00, 0x00, 0x00, 0x00, 0x00, 0x00, 0x00, 0x00, 0x00, 0x00, 0x00, 0x00, 0x00, 0x00, 0x00, 0x00, // 0x1D10
  0x00, 0x00, 0x00, 0x00, 0x00, 0x00, 0x00, 0x00, 0x00, 0x00, 0x00, 0x00, 0x00, 0x00, 0x00, 0x00, // 0x1D20
  0x00, 0x00, 0x00, 0x00, 0x00, 0x00, 0x00, 0x00, 0x00, 0x00, 0x00, 0x00, 0x00, 0x00, 0x00, 0x00, // 0x1D30
  0x00, 0x00, 0x00, 0x00, 0x00, 0x00, 0x00, 0x00, 0x00, 0x00, 0x00, 0x00, 0x00, 0x00, 0x00, 0x00, // 0x1D40
  0x00, 0x00, 0x00, 0x00, 0x00, 0x00, 0x00, 0x00, 0x00, 0x00, 0x00, 0x00, 0x00, 0x00, 0x00, 0x00, // 0x1D50
  0x00, 0x00, 0x00, 0x00, 0x00, 0x00, 0x00, 0x00, 0x00, 0x00, 0x00, 0x00, 0x00, 0x00, 0x00, 0x00, // 0x1D60
  0x00, 0x00, 0x00, 0x00, 0x00, 0x00, 0x00, 0x00, 0x00, 0x00, 0x00, 0x00, 0x00, 0x00, 0x00, 0x00, // 0x1D70
  0x00, 0x00, 0x00, 0x00, 0x00, 0x00, 0x00, 0x00, 0x00, 0x00, 0x00, 0x00, 0x00, 0x00, 0x00, 0x00, // 0x1D80
  0x00, 0x00, 0x00, 0x00, 0x00, 0x00, 0x00, 0x00, 0x00, 0x00, 0x00, 0x00, 0x00, 0x00, 0x00, 0x00, // 0x1D90
  0x00, 0x00, 0x00, 0x00, 0x00, 0x00, 0x00, 0x00, 0x00, 0x00, 0x00, 0x00, 0x00, 0x00, 0x00, 0x00, // 0x1DA0
  0x00, 0x00, 0x00, 0x00, 0x00, 0x00, 0x00, 0x00, 0x00, 0x00, 0x00, 0x00, 0x00, 0x00, 0x00, 0x00, // 0x1DB0
  0x00, 0x00, 0x00, 0x00, 0x00, 0x00, 0x00, 0x00, 0x00, 0x00, 0x00, 0x00, 0x00, 0x00, 0x00, 0x00, // 0x1DC0
  0x00, 0x00, 0x00, 0x00, 0x00, 0x00, 0x00, 0x00, 0x00, 0x00, 0x00, 0x00, 0x00, 0x00, 0x00, 0x00, // 0x1DD0
  0x00, 0x00, 0x00, 0x00, 0x00, 0x00, 0x00, 0x00, 0x00, 0x00, 0x00, 0x00, 0x00, 0x00, 0x00, 0x00, // 0x1DE0
  0x00, 0x00, 0x00, 0x00, 0x00, 0x00, 0x00, 0x00, 0x00, 0x00, 0x00, 0x00, 0x00, 0x00, 0x00, 0x00, // 0x1DF0
  0x00, 0x00, 0x00, 0x00, 0x00, 0x00, 0x00, 0x00, 0x00, 0x00, 0x00, 0x00, 0x00, 0x00, 0x00, 0x00, // 0x1E00
  0x00, 0x00, 0x00, 0x00, 0x00, 0x00, 0x00, 0x00, 0x00, 0x00, 0x00, 0x00, 0x00, 0x00, 0x00, 0x00, // 0x1E10
  0x00, 0x00, 0x00, 0x00, 0x00, 0x00, 0x00, 0x00, 0x00, 0x00, 0x00, 0x00, 0x00, 0x00, 0x00, 0x00, // 0x1E20
  0x00, 0x00, 0x00, 0x00, 0x00, 0x00, 0x00, 0x00, 0x00, 0x00, 0x00, 0x00, 0x00, 0x00, 0x00, 0x00, // 0x1E30
  0x00, 0x00, 0x00, 0x00, 0x00, 0x00, 0x00, 0x00, 0x00, 0x00, 0x00, 0x00, 0x00, 0x00, 0x00, 0x00, // 0x1E40
  0x00, 0x00, 0x00, 0x00, 0x00, 0x00, 0x00, 0x00, 0x00, 0x00, 0x00, 0x00, 0x00, 0x00, 0x00, 0x00, // 0x1E50
  0x00, 0x00, 0x00, 0x00, 0x00, 0x00, 0x00, 0x00, 0x00, 0x00, 0x00, 0x00, 0x00, 0x00, 0x00, 0x00, // 0x1E60
  0x00, 0x00, 0x00, 0x00, 0x00, 0x00, 0x00, 0x00, 0x00, 0x00, 0x00, 0x00, 0x00, 0x00, 0x00, 0x00, // 0x1E70
  0x00, 0x00, 0x00, 0x00, 0x00, 0x00, 0x00, 0x00, 0x00, 0x00, 0x00, 0x00, 0x00, 0x00, 0x00, 0x00, // 0x1E80
  0x00, 0x00, 0x00, 0x00, 0x00, 0x00, 0x00, 0x00, 0x00, 0x00, 0x00, 0x00, 0x00, 0x00, 0x00, 0x00, // 0x1E90
  0x00, 0x00, 0x00, 0x00, 0x00, 0x00, 0x00, 0x00, 0x00, 0x00, 0x00, 0x00, 0x00, 0x00, 0x00, 0x00, // 0x1EA0
  0x00, 0x00, 0x00, 0x00, 0x00, 0x00, 0x00, 0x00, 0x00, 0x00, 0x00, 0x00, 0x00, 0x00, 0x00, 0x00, // 0x1EB0
  0x00, 0x00, 0x00, 0x00, 0x00, 0x00, 0x00, 0x00, 0x00, 0x00, 0x00, 0x00, 0x00, 0x00, 0x00, 0x00, // 0x1EC0
  0x00, 0x00, 0x00, 0x00, 0x00, 0x00, 0x00, 0x00, 0x00, 0x00, 0x00, 0x00, 0x00, 0x00, 0x00, 0x00, // 0x1ED0
  0x00, 0x00, 0x00, 0x00, 0x00, 0x00, 0x00, 0x00, 0x00, 0x00, 0x00, 0x00, 0x00, 0x00, 0x00, 0x00, // 0x1EE0
  0x00, 0x00, 0x00, 0x00, 0x00, 0x00, 0x00, 0x00, 0x00, 0x00, 0x00, 0x00, 0x00, 0x00, 0x00, 0x00, // 0x1EF0
  0x4C, 0x45, 0x32, 0x30, 0x38, 0x30, 0x41, 0x2A, 0x00, 0x00, 0x75, 0x0E, 0x00, 0x00, 0x00, 0x00, // 0x1F00
  0xD0, 0x00, 0xA9, 0x06, 0x05, 0x09, 0x55, 0xB4, 0x36, 0x45, 0xA2, 0x6F, 0x97, 0xC0, 0x80, 0xB4, // 0x1F10
  0xA0, 0x86, 0xFF, 0x22, 0xD5, 0x09, 0x55, 0x12, 0x36, 0xA5, 0x54, 0xB8, 0x97, 0xA2, 0x80, 0x04, // 0x1F20
  0x80, 0xD1, 0xFB, 0x54, 0x2D, 0x3F, 0x00, 0xA8, 0xB5, 0x09, 0xD2, 0xA8, 0xA4, 0x94, 0xEE, 0x44, // 0x1F30
  0x99, 0x99, 0x98, 0xD8, 0x33, 0x60, 0xC5, 0x85, 0xD5, 0xF6, 0x08, 0x88, 0x01, 0x61, 0xD1, 0x25, // 0x1F40
  0x55, 0x55, 0x98, 0x85, 0x36, 0x5D, 0x14, 0x66, 0x00, 0x00, 0x01, 0x02, 0x30, 0x40, 0x50, 0x60, // 0x1F50
  0xDD, 0xCC, 0x21, 0x15, 0xFD, 0x7F, 0xDD, 0x7A, 0xDC, 0xC8, 0xCC, 0x02, 0x82, 0xAA, 0x52, 0x92, // 0x1F60
  0x1A, 0x18, 0xFB, 0x5D, 0x19, 0xF3, 0x93, 0x13, 0x66, 0x87, 0xDF, 0x8C, 0x8D, 0x99, 0x51, 0x01, // 0x1F70
  0xAA, 0xFA, 0xAA, 0xAA, 0x85, 0xB5, 0x54, 0x32, 0x00, 0x35, 0x62, 0xA3, 0x50, 0x70, 0x11, 0x38, // 0x1F80
  0x38, 0xF9, 0x5F, 0x56, 0x28, 0xFE, 0x7F, 0x20, 0x12, 0x0D, 0x4A, 0xBC, 0x08, 0x3F, 0x88, 0x21, // 0x1F90
  0xE3, 0x51, 0x7A, 0x68, 0x1A, 0x72, 0x13, 0x44, 0x0F, 0x56, 0x90, 0x80, 0x3A, 0x25, 0x15, 0x66, // 0x1FA0
  0x00, 0x00, 0x00, 0x00, 0x00, 0x00, 0x00, 0x00, 0x00, 0x00, 0x00, 0x00, 0x00, 0x00, 0x00, 0x00, // 0x1FB0
  0x00, 0x00, 0x00, 0x00, 0x00, 0x00, 0x00, 0x00, 0x00, 0x00, 0x00, 0x00, 0x00, 0x00, 0x00, 0x00, // 0x1FC0
  0x00, 0x00, 0x00, 0x00, 0x00, 0x00, 0x00, 0x00, 0x00, 0x00, 0x00, 0x00, 0x00, 0x00, 0x00, 0x00, // 0x1FD0
  0x00, 0x00, 0x00, 0x00, 0x00, 0x00, 0x00, 0x00, 0x00, 0x00, 0x00, 0x00, 0x00, 0x00, 0x00, 0x00, // 0x1FE0
  0x00, 0x01, 0xBB, 0x80, 0x80, 0x1F, 0x54, 0x58, 0x41, 0xEF, 0x5A, 0x60, 0xC5, 0x01, 0x1E, 0x50, // 0x1FF0
  0x31, 0x80, 0x7F, 0xED, 0x5E, 0xC3, 0xF7, 0x02, 0x85, 0x6F, 0xD0, 0x24, 0xC9, 0x00, 0x00, 0x00, // 0x2000
  0x16, 0xFF, 0x14, 0x91, 0x30, 0xFC, 0x81, 0xC9, 0x26, 0x7E, 0xF3, 0x7E, 0x23, 0xB6, 0xFB, 0xC9, // 0x2010
  0xE5, 0x21, 0x30, 0x7E, 0xCB, 0xB6, 0xE1, 0xC9, 0xE5, 0x21, 0x30, 0x7E, 0xCB, 0xF6, 0xE1, 0xC9, // 0x2020
  0x3A, 0x1A, 0x7E, 0xE6, 0x07, 0xCB, 0x3F, 0xC9, 0xE5, 0xD5, 0xC5, 0xF3, 0xCD, 0x90, 0x0D, 0xFB, // 0x2030
  0xC1, 0xD1, 0xE1, 0xC9, 0xC1, 0x1E, 0x5B, 0x21, 0x01, 0x7E, 0x3E, 0x55, 0x77, 0xBE, 0x20, 0x46, // 0x2040
  0x2F, 0x77, 0x96, 0x20, 0x41, 0x77, 0x2C, 0x7D, 0xFE, 0xAE, 0x20, 0xEE, 0xC5, 0xC9, 0x00, 0x00, // 0x2050
  0xB4, 0x00, 0x00, 0x00, 0x00, 0x00, 0xF5, 0x3E, 0x11, 0xD3, 0x80, 0xED, 0x57, 0xF5, 0x08, 0xF5, // 0x2060
  0xC5, 0xD5, 0xE5, 0xD9, 0xC5, 0xD5, 0xE5, 0xED, 0x73, 0x73, 0x7E, 0x21, 0x18, 0x7E, 0x36, 0xFF, // 0x2070
  0xAF, 0x11, 0x72, 0x7E, 0x12, 0x6F, 0x86, 0x23, 0xCB, 0x7C, 0x28, 0xFA, 0xED, 0x44, 0x12, 0x3E, // 0x2080
  0x01, 0x32, 0x00, 0xFD, 0x18, 0xFE, 0xF3, 0xAF, 0x01, 0x00, 0x07, 0xED, 0x79, 0x0C, 0x10, 0xFB, // 0x2090
  0x16, 0x40, 0x21, 0x79, 0x20, 0x0E, 0x02, 0xED, 0x79, 0x0C, 0xED, 0x69, 0x0D, 0xED, 0x61, 0x10, // 0x20A0
  0xFE, 0xEB, 0x18, 0xF3, 0xF5, 0x08, 0xF5, 0xC5, 0xD5, 0xE5, 0xCD, 0xFC, 0x00, 0xCD, 0x28, 0x01, // 0x20B0
  0x0E, 0x03, 0x21, 0x4B, 0x7E, 0x79, 0x87, 0x87, 0x87, 0xCF, 0xCD, 0x47, 0x01, 0x0D, 0x20, 0xF2, // 0x20C0
  0xCD, 0xE9, 0x01, 0xCD, 0x08, 0x02, 0xCD, 0x8D, 0x02, 0x21, 0x7A, 0x10, 0x16, 0x7E, 0x46, 0xAF, // 0x20D0
  0x23, 0x5E, 0xEB, 0xB6, 0xEB, 0x23, 0x10, 0xF9, 0x4E, 0xED, 0x79, 0x23, 0x79, 0xA7, 0x20, 0xEE, // 0x20E0
  0xCD, 0xBF, 0x02, 0xE1, 0xD1, 0xC1, 0xF1, 0x08, 0xF1, 0xFB, 0xED, 0x4D, 0x21, 0x02, 0x7E, 0x01, // 0x20F0
  0x00, 0x7D, 0xCD, 0x1B, 0x01, 0x7A, 0xA3, 0x77, 0x23, 0x06, 0xEF, 0xCD, 0x1B, 0x01, 0x06, 0x0F, // 0x2100
  0xCD, 0x1B, 0x01, 0x3A, 0x05, 0x7E, 0x2E, 0x17, 0xA6, 0x77, 0xC9, 0xED, 0x78, 0xA8, 0x56, 0x77, // 0x2110
  0xAA, 0x5F, 0xA6, 0x23, 0x77, 0x23, 0x0C, 0xC9, 0x21, 0x37, 0x7E, 0x06, 0x06, 0x5E, 0x23, 0x56, // 0x2120
  0x7A, 0xB3, 0x28, 0x05, 0x1B, 0x72, 0x2B, 0x73, 0x23, 0x23, 0x10, 0xF1, 0x06, 0x10, 0x7E, 0xA7, // 0x2130
  0x28, 0x01, 0x35, 0x23, 0x10, 0xF8, 0xC9, 0x54, 0x5D, 0x7E, 0x3D, 0xF8, 0x20, 0x18, 0x23, 0x35, // 0x2140
  0xC0, 0xCD, 0xC4, 0x01, 0x23, 0x23, 0x35, 0x28, 0x09, 0x7E, 0x21, 0x31, 0x10, 0xCF, 0x7E, 0x13, // 0x2150
  0x12, 0xC9, 0x3E, 0x02, 0x12, 0xC9, 0x3D, 0x20, 0x20, 0xCD, 0xC4, 0x01, 0x3A, 0x08, 0x7E, 0x07, // 0x2160
  0x41, 0x07, 0x10, 0xFD, 0x23, 0x23, 0x23, 0x30, 0x08, 0x36, 0xFF, 0x23, 0x36, 0x14, 0x23, 0x70, // 0x2170
  0xC9, 0x23, 0x35, 0xC0, 0x36, 0x13, 0x23, 0x34, 0xC9, 0x3D, 0x20, 0x2F, 0xCD, 0xC4, 0x01, 0x3E, // 0x2180
  0x04, 0xCF, 0x35, 0x20, 0x0E, 0x36, 0x13, 0x23, 0x34, 0x7E, 0xD6, 0x15, 0x38, 0x01, 0x77, 0x2B, // 0x2190
  0x20, 0x01, 0x34, 0x7E, 0xFE, 0x11, 0xD0, 0x23, 0x7E, 0x23, 0xBE, 0xC0, 0x3E, 0x0F, 0xCD, 0xD8, // 0x21A0
  0x01, 0xEB, 0x36, 0x04, 0x23, 0x36, 0xD6, 0x2E, 0x15, 0x71, 0xC9, 0x23, 0x35, 0xC0, 0xAF, 0x12, // 0x21B0
  0xCD, 0xD8, 0x01, 0xC9, 0x62, 0x6B, 0x3E, 0x07, 0xCF, 0x34, 0x7E, 0xE6, 0x07, 0x21, 0x2A, 0x10, // 0x21C0
  0xCF, 0x7E, 0xCD, 0xD8, 0x01, 0x62, 0x6B, 0xC9, 0x21, 0x31, 0x7E, 0x06, 0x00, 0x09, 0x41, 0x05, // 0x21D0
  0x05, 0x20, 0x04, 0x0F, 0x0F, 0x0F, 0x0F, 0x77, 0xC9, 0x21, 0x44, 0x7E, 0x7E, 0xA7, 0xC0, 0x36, // 0x21E0
  0x36, 0x2E, 0x6F, 0x4F, 0x86, 0x28, 0x03, 0x35, 0xCB, 0xF9, 0x23, 0x7E, 0xA7, 0x28, 0x03, 0x35, // 0x21F0
  0xCB, 0xF1, 0x2E, 0x35, 0x7E, 0xA9, 0x77, 0xC9, 0xAF, 0x0E, 0x03, 0xED, 0x79, 0x0D, 0xED, 0x79, // 0x2200
  0x21, 0x0D, 0x7E, 0xCB, 0xC6, 0xCB, 0xCE, 0xED, 0x5B, 0xAC, 0x7E, 0x7A, 0xA7, 0x7B, 0x28, 0x18, // 0x2210
  0x3A, 0x0C, 0x7E, 0xFE, 0x80, 0x30, 0x03, 0x7B, 0x18, 0x0E, 0xCB, 0x86, 0xCB, 0x8E, 0xFE, 0x96, // 0x2220
  0x38, 0x05, 0xCB, 0xCE, 0x7A, 0x18, 0x01, 0xAF, 0x32, 0x0F, 0x7E, 0xC5, 0x21, 0x0C, 0x7E, 0x34, // 0x2230
  0x46, 0x23, 0x5E, 0xF2, 0x4B, 0x02, 0x23, 0x7E, 0x2F, 0xA3, 0x5F, 0x78, 0xE6, 0x07, 0xCD, 0x58, // 0x2240
  0x02, 0xC1, 0xED, 0x51, 0x0C, 0xED, 0x79, 0xC9, 0x87, 0x87, 0x21, 0x5A, 0x10, 0xCF, 0x7E, 0xF5, // 0x2250
  0x23, 0x46, 0x23, 0x16, 0x7E, 0xA3, 0x28, 0x13, 0x5E, 0x1A, 0xCB, 0x78, 0x28, 0x04, 0x0F, 0x0F, // 0x2260
  0x0F, 0x0F, 0xE6, 0x0F, 0xE5, 0x21, 0x4A, 0x10, 0xCF, 0x7E, 0xE1, 0x4F, 0x23, 0x5E, 0x7B, 0xA7, // 0x2270
  0x28, 0x08, 0x1A, 0xCB, 0xB8, 0x0F, 0x10, 0xFD, 0xE6, 0x80, 0xB1, 0xD1, 0xC9, 0xAF, 0xD3, 0x04, // 0x2280
  0x32, 0x75, 0x7E, 0x11, 0x1C, 0x7E, 0x1A, 0xA7, 0xC8, 0x13, 0x1A, 0x21, 0x4B, 0x7E, 0x1F, 0xCF, // 0x2290
  0x7E, 0xA7, 0xC0, 0x1A, 0x2E, 0x1F, 0xCF, 0x7E, 0x32, 0x75, 0x7E, 0xD3, 0x04, 0x36, 0x00, 0x1A, // 0x22A0
  0x3C, 0xE6, 0x0F, 0x12, 0x2E, 0x1C, 0x35, 0x3A, 0x31, 0x7E, 0xCB, 0xFF, 0xD3, 0x01, 0xC9, 0x21, // 0x22B0
  0x09, 0x7E, 0x7E, 0xA7, 0xC0, 0x23, 0x3A, 0x02, 0x7E, 0x47, 0x3A, 0x31, 0x7E, 0xCB, 0x67, 0x20, // 0x22C0
  0x0F, 0x78, 0x0F, 0x7E, 0x30, 0x03, 0x3C, 0x18, 0x01, 0xAF, 0x77, 0xFE, 0x05, 0xD8, 0x18, 0x12, // 0x22D0
  0x23, 0x78, 0x0F, 0x38, 0x07, 0x0F, 0x30, 0x04, 0x7E, 0x3C, 0x18, 0x01, 0xAF, 0x77, 0xFE, 0x04, // 0x22E0
  0xD8, 0x2B, 0x2B, 0x3E, 0xFF, 0x77, 0xC9, 0x3E, 0x00, 0xED, 0x47, 0x21, 0x00, 0x10, 0x11, 0x00, // 0x22F0
  0xFD, 0x01, 0x04, 0x00, 0xED, 0xB0, 0x06, 0x0B, 0x4E, 0x23, 0xED, 0xA3, 0x20, 0xFA, 0x3A, 0x02, // 0x2300
  0xFD, 0xEE, 0x5D, 0xC2, 0x00, 0x00, 0xDB, 0x00, 0xEE, 0x7D, 0xCB, 0x5F, 0x28, 0x31, 0x31, 0x00, // 0x2310
  0x80, 0x21, 0x00, 0x7E, 0x7E, 0x3D, 0xFE, 0x06, 0x38, 0x02, 0x36, 0x01, 0xCD, 0x44, 0x00, 0xCD, // 0x2320
  0xA6, 0x03, 0xFB, 0x3E, 0x01, 0xFF, 0xCD, 0x4E, 0x0E, 0xCD, 0xAF, 0x03, 0xF3, 0xCD, 0x44, 0x00, // 0x2330
  0x3E, 0x05, 0x21, 0x0D, 0x7E, 0x36, 0x63, 0xFB, 0xFF, 0xCD, 0x4E, 0x0E, 0xC3, 0x94, 0x04, 0x3A, // 0x2340
  0x18, 0x7E, 0x3C, 0x20, 0x4C, 0xAF, 0x2A, 0x73, 0x7E, 0x11, 0xBC, 0x7F, 0xED, 0x52, 0x38, 0x41, // 0x2350
  0x21, 0x00, 0x7E, 0x86, 0x23, 0xCB, 0x7C, 0x28, 0xFA, 0xA7, 0x20, 0x35, 0xED, 0x7B, 0x73, 0x7E, // 0x2360
  0x3A, 0x75, 0x7E, 0xD3, 0x04, 0xCD, 0x77, 0x04, 0xCD, 0xA6, 0x03, 0xCD, 0xFC, 0x00, 0xAF, 0x67, // 0x2370
  0x6F, 0x22, 0x03, 0x7E, 0x32, 0x06, 0x7E, 0x32, 0x08, 0x7E, 0x32, 0x18, 0x7E, 0xE1, 0xD1, 0xC1, // 0x2380
  0xD9, 0xE1, 0xD1, 0xC1, 0xF1, 0x08, 0xF1, 0xE2, 0x9E, 0x03, 0xF1, 0xFB, 0xED, 0x45, 0xF1, 0xED, // 0x2390
  0x45, 0x1E, 0x06, 0xC3, 0x96, 0x00, 0x3E, 0xB5, 0xD3, 0x80, 0x3E, 0x2C, 0xD3, 0x80, 0xC9, 0x2A, // 0x23A0
  0xAE, 0x7E, 0x7D, 0xA7, 0x28, 0x0A, 0xFE, 0x51, 0x30, 0x06, 0xE6, 0x0F, 0xFE, 0x0A, 0x38, 0x02, // 0x23B0
  0x2E, 0x40, 0x7C, 0xA7, 0x28, 0x0A, 0xFE, 0x91, 0x30, 0x06, 0xE6, 0x0F, 0xFE, 0x0A, 0x38, 0x02, // 0x23C0
  0x26, 0x35, 0x22, 0xAE, 0x7E, 0x21, 0x00, 0x7E, 0x46, 0x21, 0x0C, 0x7E, 0x7E, 0xBE, 0x28, 0xFD, // 0x23D0
  0x2E, 0x10, 0x70, 0x2E, 0x13, 0x70, 0x2E, 0xAC, 0x3A, 0xAE, 0x7E, 0x77, 0x3A, 0xAF, 0x7E, 0x0F, // 0x23E0
  0x0F, 0x0F, 0x0F, 0xF5, 0xE6, 0x0F, 0x32, 0x12, 0x7E, 0xF1, 0xE6, 0xF0, 0x32, 0x11, 0x7E, 0x2E, // 0x23F0
  0x0D, 0x36, 0xDF, 0x2E, 0x06, 0xCB, 0x66, 0xC2, 0x57, 0x04, 0x2B, 0x3A, 0x0C, 0x7E, 0xE6, 0x7F, // 0x2400
  0x20, 0xC7, 0xCB, 0x7E, 0x28, 0x0F, 0xCB, 0xBE, 0x04, 0x3E, 0x06, 0xB8, 0x30, 0x02, 0x06, 0x01, // 0x2410
  0x3E, 0x03, 0xFF, 0x18, 0xB4, 0xCB, 0x76, 0x28, 0x15, 0xF3, 0xCB, 0xB6, 0x3A, 0xAF, 0x7E, 0xC6, // 0x2420
  0x01, 0x27, 0xFE, 0x91, 0x38, 0x02, 0x3E, 0x10, 0x32, 0xAF, 0x7E, 0xFB, 0x18, 0x9B, 0xCB, 0x6E, // 0x2430
  0x28, 0x97, 0xF3, 0xCB, 0xAE, 0x3A, 0xAE, 0x7E, 0xC6, 0x01, 0x27, 0xFE, 0x51, 0x38, 0x02, 0x3E, // 0x2440
  0x01, 0x32, 0xAE, 0x7E, 0xFB, 0x18, 0x82, 0x3E, 0x04, 0xFF, 0xAF, 0x32, 0x10, 0x7E, 0x32, 0x13, // 0x2450
  0x7E, 0x32, 0x0F, 0x7E, 0x32, 0x12, 0x7E, 0x32, 0x11, 0x7E, 0x2E, 0x00, 0x70, 0x2E, 0x0D, 0x77, // 0x2460
  0x3A, 0x1C, 0x7E, 0xA7, 0x20, 0xFA, 0xC9, 0x3A, 0x00, 0x7E, 0x3D, 0xFE, 0x06, 0xD8, 0x3E, 0x01, // 0x2470
  0x32, 0x00, 0x7E, 0xC9, 0x5E, 0x23, 0x56, 0x23, 0x4E, 0x23, 0x46, 0xAF, 0x12, 0x13, 0x0B, 0x78, // 0x2480
  0xB1, 0x20, 0xF8, 0xC9, 0xFB, 0xCD, 0xF3, 0x04, 0xCD, 0x14, 0x05, 0xCD, 0x57, 0x09, 0xCD, 0x63, // 0x2490
  0x05, 0xCD, 0x87, 0x05, 0xF7, 0xCC, 0xA3, 0x05, 0xF7, 0xD4, 0xBE, 0x05, 0xCD, 0xAE, 0x06, 0x3A, // 0x24A0
  0x6C, 0x7E, 0xA7, 0xC4, 0xD1, 0x06, 0x30, 0xEC, 0xCD, 0xF8, 0x06, 0xCD, 0x82, 0x0A, 0xCD, 0xDE, // 0x24B0
  0x0D, 0xCD, 0x1A, 0x07, 0x3E, 0xE0, 0xCD, 0x32, 0x07, 0xCD, 0x5C, 0x07, 0x30, 0xF8, 0xCD, 0x79, // 0x24C0
  0x07, 0x30, 0xF6, 0xCD, 0x87, 0x07, 0xDC, 0x1A, 0x0B, 0xCD, 0x84, 0x0D, 0xCD, 0xE1, 0x07, 0x20, // 0x24D0
  0xE8, 0xCD, 0xF0, 0x07, 0xCD, 0x2F, 0x0E, 0xCD, 0xAE, 0x06, 0xCD, 0x55, 0x08, 0xCD, 0xE1, 0x08, // 0x24E0
  0xC3, 0x94, 0x04, 0x3A, 0x6C, 0x7E, 0xF5, 0x21, 0x49, 0x11, 0x01, 0x0C, 0x09, 0x16, 0x7E, 0x5E, // 0x24F0
  0x23, 0x7E, 0x12, 0x23, 0x10, 0xF9, 0x1E, 0x93, 0xED, 0xB0, 0x3A, 0x02, 0x7E, 0xE6, 0x40, 0x32, // 0x2500
  0x71, 0x7E, 0xC1, 0xC9, 0x21, 0x1B, 0x7E, 0x7E, 0x36, 0x00, 0x2E, 0x1A, 0xCB, 0xAE, 0x0F, 0x30, // 0x2510
  0x0D, 0xCB, 0xC6, 0x2E, 0x6E, 0x70, 0x21, 0x18, 0x01, 0x22, 0x3B, 0x7E, 0x18, 0x2B, 0x0F, 0x30, // 0x2520
  0x0B, 0xCB, 0x9E, 0xCB, 0xCE, 0x21, 0x0C, 0x08, 0x22, 0xA1, 0x7E, 0xC9, 0x0F, 0x30, 0x09, 0x36, // 0x2530
  0x04, 0x21, 0x30, 0x03, 0x22, 0xA3, 0x7E, 0xC9, 0x3A, 0x7A, 0x7E, 0xFE, 0x0F, 0x20, 0x03, 0xCB, // 0x2540
  0xDE, 0xC9, 0xFE, 0x10, 0x20, 0x03, 0xCB, 0xE6, 0xC9, 0x21, 0x1A, 0x7E, 0x7E, 0xE6, 0x1E, 0xC0, // 0x2550
  0xCB, 0xEE, 0xC9, 0xF7, 0xC8, 0x57, 0x21, 0x7F, 0x04, 0xED, 0x4B, 0xA3, 0x7E, 0xFE, 0x02, 0x28, // 0x2560
  0x0E, 0x26, 0x00, 0x3A, 0xA2, 0x7E, 0xF6, 0xF0, 0x4F, 0xCB, 0x4A, 0x20, 0x02, 0x06, 0x01, 0xED, // 0x2570
  0x43, 0x11, 0x7E, 0x22, 0x0D, 0x7E, 0xC9, 0xF7, 0x38, 0x03, 0xC3, 0xA2, 0x06, 0x2E, 0x3B, 0xDF, // 0x2580
  0x20, 0xFB, 0x21, 0x30, 0x7E, 0xCB, 0xFE, 0xCD, 0x9F, 0x09, 0xC8, 0x21, 0x38, 0x00, 0x22, 0x3B, // 0x2590
  0x7E, 0x18, 0xEA, 0x3A, 0x6C, 0x7E, 0xA7, 0xC0, 0x21, 0x19, 0x7E, 0xCB, 0x76, 0xC0, 0xEB, 0x2E, // 0x25A0
  0x3F, 0xDF, 0xC0, 0xEB, 0xCB, 0xF6, 0xAF, 0x32, 0x14, 0x7E, 0x3E, 0x0C, 0xFF, 0xC9, 0x21, 0x30, // 0x25B0
  0x7E, 0xCB, 0x76, 0x2E, 0x19, 0x28, 0x0F, 0x11, 0x07, 0x7E, 0x1A, 0x06, 0x06, 0xA0, 0x28, 0x06, // 0x25C0
  0xCB, 0xBE, 0xCD, 0xF9, 0x05, 0xC9, 0xED, 0x5B, 0x05, 0x7E, 0x7A, 0x2F, 0xF6, 0xF0, 0xA3, 0xC0, // 0x25D0
  0x47, 0x7A, 0xE6, 0x0F, 0xC8, 0xCB, 0xBE, 0xE6, 0x07, 0xC8, 0x04, 0x0F, 0x30, 0xFC, 0xF7, 0xE6, // 0x25E0
  0x01, 0x28, 0x02, 0x06, 0x01, 0xCD, 0x6E, 0x06, 0xC9, 0xFE, 0x04, 0xC2, 0x4B, 0x06, 0xE5, 0xD5, // 0x25F0
  0x2A, 0xAC, 0x7E, 0x11, 0x00, 0x09, 0xAF, 0xED, 0x52, 0xD1, 0xE1, 0xD4, 0x20, 0x00, 0x21, 0x49, // 0x2600
  0x7E, 0x36, 0x52, 0x1A, 0xA0, 0x28, 0x3A, 0xB8, 0x28, 0x09, 0xD6, 0x04, 0x20, 0x2D, 0x86, 0x28, // 0x2610
  0x26, 0x18, 0xF0, 0x23, 0x36, 0x52, 0x1A, 0xA0, 0xFE, 0x02, 0x28, 0x10, 0xB8, 0x20, 0x1C, 0x7E, // 0x2620
  0xFE, 0x1B, 0x38, 0x13, 0x3A, 0x49, 0x7E, 0xA7, 0x28, 0x0D, 0x18, 0xEA, 0x1A, 0xA0, 0x28, 0x13, // 0x2630
  0xD6, 0x02, 0x20, 0x07, 0x86, 0x20, 0xF5, 0x06, 0x01, 0x18, 0x02, 0x06, 0x02, 0xE7, 0xCD, 0x3D, // 0x2640
  0x0A, 0xEF, 0xC9, 0x3A, 0xAE, 0x7E, 0xCD, 0x7C, 0x09, 0x3E, 0x0D, 0xFF, 0x21, 0x36, 0x7E, 0xCB, // 0x2650
  0xE6, 0xE5, 0x2E, 0x0C, 0x7E, 0xC6, 0x32, 0xBE, 0x20, 0xFD, 0xE1, 0xCB, 0xA6, 0xC9, 0x78, 0x21, // 0x2660
  0x6C, 0x7E, 0x96, 0xC8, 0x30, 0x10, 0xEB, 0x21, 0x19, 0x7E, 0xCB, 0x4E, 0xC0, 0xCB, 0x86, 0x1A, // 0x2670
  0xCD, 0x7C, 0x09, 0xAF, 0x12, 0x78, 0x47, 0xE5, 0x2A, 0xAC, 0x7E, 0x7D, 0xB4, 0xE1, 0x28, 0x12, // 0x2680
  0xE7, 0x21, 0x43, 0x7E, 0x7E, 0xA7, 0x20, 0xFC, 0x36, 0x38, 0xCD, 0x9F, 0x09, 0xCD, 0x8A, 0x09, // 0x2690
  0x10, 0xE5, 0x2A, 0xAC, 0x7E, 0x11, 0x00, 0x09, 0xAF, 0xED, 0x52, 0xD0, 0xEF, 0xC9, 0x3A, 0x09, // 0x26A0
  0x7E, 0xA7, 0xC8, 0x21, 0x30, 0x7E, 0xCB, 0x76, 0xF5, 0xE7, 0x2E, 0x19, 0xCB, 0xBE, 0x06, 0x05, // 0x26B0
  0xCD, 0x3D, 0x0A, 0x21, 0x00, 0x00, 0x22, 0x0A, 0x7E, 0x7D, 0x32, 0x09, 0x7E, 0xF1, 0xC8, 0xEF, // 0x26C0
  0xC9, 0x21, 0x19, 0x7E, 0xED, 0x5B, 0x05, 0x7E, 0x7A, 0x2F, 0xF6, 0xEF, 0xA3, 0x20, 0x14, 0xCB, // 0x26D0
  0xFE, 0xCB, 0x62, 0xC8, 0xE7, 0x01, 0x02, 0x04, 0x21, 0x76, 0x7E, 0xF3, 0x0C, 0xED, 0xA2, 0x20, // 0x26E0
  0xFB, 0xFB, 0x37, 0x2E, 0x19, 0xCB, 0xBE, 0xC9, 0xCD, 0x77, 0x04, 0x11, 0x66, 0x01, 0xF7, 0xE6, // 0x26F0
  0x01, 0x20, 0x02, 0x16, 0x03, 0x3A, 0x6C, 0x7E, 0x3D, 0xBA, 0xD2, 0x96, 0x00, 0x21, 0x6F, 0x7E, // 0x2700
  0x3C, 0x87, 0xF3, 0x86, 0x77, 0xFB, 0x3E, 0x0E, 0xFF, 0xC9, 0x3E, 0x0F, 0xFF, 0x06, 0x03, 0x21, // 0x2710
  0x5A, 0x7E, 0x35, 0x35, 0xCB, 0x86, 0x3E, 0x08, 0xCF, 0x10, 0xF7, 0x21, 0x75, 0x53, 0x22, 0x37, // 0x2720
  0x7E, 0xC9, 0x21, 0x2F, 0x7E, 0x36, 0x38, 0x2E, 0x63, 0x11, 0x08, 0x00, 0x01, 0x01, 0x03, 0xF3, // 0x2730
  0x07, 0x30, 0x12, 0xE5, 0x71, 0x23, 0x71, 0x23, 0x36, 0x13, 0x23, 0x72, 0x23, 0x36, 0x14, 0x23, // 0x2740
  0x72, 0x23, 0x36, 0xFF, 0xE1, 0xA7, 0xED, 0x52, 0x10, 0xE6, 0xFB, 0xC9, 0x21, 0x53, 0x7E, 0x01, // 0x2750
  0x20, 0x03, 0x56, 0x3E, 0x05, 0xCF, 0x15, 0x15, 0x20, 0x07, 0x7E, 0xFE, 0x17, 0x38, 0x02, 0x79, // 0x2760
  0xC9, 0xCB, 0x21, 0x23, 0x23, 0x23, 0x10, 0xEA, 0xC9, 0x21, 0x56, 0x7E, 0x11, 0x08, 0x00, 0x7E, // 0x2770
  0x19, 0xA6, 0x19, 0xA6, 0xC8, 0x37, 0xC9, 0x3A, 0x45, 0x7E, 0xA7, 0xC0, 0x2E, 0x37, 0xDF, 0x21, // 0x2780
  0x16, 0x7E, 0x56, 0x28, 0x0D, 0xED, 0x5B, 0x05, 0x7E, 0x7A, 0xA6, 0x57, 0x2F, 0xA3, 0x3E, 0x38, // 0x2790
  0x20, 0x19, 0x01, 0x20, 0x03, 0x79, 0xA2, 0x20, 0x16, 0xCB, 0x21, 0x10, 0xF8, 0x7E, 0x0F, 0x0F, // 0x27A0
  0x2F, 0xE6, 0x38, 0x47, 0x7E, 0x07, 0x07, 0x07, 0xE6, 0x07, 0xB0, 0x32, 0x2F, 0x7E, 0xC9, 0x79, // 0x27B0
  0xAE, 0x77, 0x23, 0x7E, 0xB1, 0x77, 0x2E, 0x80, 0x34, 0x23, 0x3E, 0x04, 0x90, 0x77, 0xAF, 0xCD, // 0x27C0
  0x70, 0x09, 0x36, 0x03, 0x2E, 0x2F, 0x36, 0x38, 0x2E, 0x45, 0x36, 0x6C, 0x3E, 0x10, 0xFF, 0x37, // 0x27D0
  0xC9, 0x21, 0x53, 0x7E, 0x11, 0x08, 0x00, 0x7E, 0x19, 0xB6, 0x19, 0xB6, 0x2E, 0x17, 0xB6, 0xC9, // 0x27E0
  0x21, 0xEA, 0x19, 0xF7, 0x28, 0x0A, 0x21, 0x2B, 0x1A, 0xE6, 0x01, 0x28, 0x03, 0x21, 0x64, 0x1A, // 0x27F0
  0x3A, 0x6B, 0x7E, 0x47, 0xE5, 0xCD, 0x1A, 0x08, 0xE1, 0x10, 0xF9, 0x3A, 0x1B, 0x7E, 0xCB, 0x57, // 0x2800
  0xC8, 0xF3, 0x21, 0x22, 0x10, 0xCD, 0x84, 0x04, 0xFB, 0xC9, 0x4E, 0x23, 0x7E, 0xE6, 0x05, 0x80, // 0x2810
  0xC6, 0x94, 0x16, 0x7E, 0x5F, 0x23, 0x1A, 0xA6, 0x28, 0x24, 0x4F, 0x2B, 0x7E, 0x23, 0xE6, 0x02, // 0x2820
  0xC6, 0x7D, 0x5F, 0x1A, 0xA1, 0x1E, 0x6D, 0xC2, 0x96, 0x00, 0x23, 0x1E, 0x1B, 0x1A, 0xB6, 0x12, // 0x2830
  0x23, 0x7E, 0x21, 0x6D, 0x7E, 0x86, 0xFE, 0x0F, 0x38, 0x02, 0x3E, 0x0F, 0x77, 0xC9, 0x3E, 0x03, // 0x2840
  0xCF, 0x0D, 0x20, 0xC8, 0xC9, 0x2A, 0x6C, 0x7E, 0x3A, 0x1B, 0x7E, 0x0F, 0xF5, 0x38, 0x01, 0x6C, // 0x2850
  0x11, 0x70, 0x7E, 0xF3, 0x1A, 0x85, 0x85, 0x12, 0xFB, 0xF1, 0xD8, 0x7C, 0xA7, 0xC8, 0x3E, 0x14, // 0x2860
  0xFF, 0x21, 0x46, 0x7E, 0x36, 0x36, 0x7E, 0xA7, 0x20, 0xFC, 0x3C, 0xCD, 0x7C, 0x09, 0x21, 0x10, // 0x2870
  0x7E, 0x7E, 0xC6, 0x01, 0x27, 0x77, 0x2E, 0x6D, 0x35, 0x20, 0xE6, 0x3E, 0x15, 0xFF, 0x3A, 0xAF, // 0x2880
  0x7E, 0x2A, 0xAC, 0x7E, 0x07, 0x07, 0x07, 0x07, 0x57, 0xE6, 0xF0, 0x5F, 0x7A, 0xE6, 0x0F, 0x57, // 0x2890
  0xAF, 0xED, 0x52, 0xD8, 0x2A, 0xAC, 0x7E, 0x7D, 0x93, 0x27, 0x6F, 0x30, 0x01, 0x25, 0x7C, 0x92, // 0x28A0
  0x27, 0x67, 0xEB, 0x21, 0x07, 0x00, 0xAF, 0xED, 0x52, 0x38, 0x03, 0x11, 0x07, 0x00, 0xED, 0x53, // 0x28B0
  0xAC, 0x7E, 0x21, 0x10, 0x7E, 0xAF, 0x77, 0x3E, 0x01, 0xCD, 0xD5, 0x09, 0x21, 0x10, 0x7E, 0x34, // 0x28C0
  0x2E, 0x36, 0xCB, 0xEE, 0xE5, 0x2E, 0x0C, 0x7E, 0xC6, 0x32, 0xBE, 0x20, 0xFD, 0xE1, 0xCB, 0xAE, // 0x28D0
  0xC9, 0xF7, 0x21, 0x1A, 0x7E, 0x30, 0x07, 0xCB, 0x86, 0x2E, 0x30, 0xCB, 0xBE, 0xC9, 0x0F, 0x30, // 0x28E0
  0x2E, 0x2E, 0xA2, 0x3A, 0x93, 0x7E, 0xE6, 0x02, 0x28, 0x03, 0x35, 0x28, 0x03, 0x2B, 0x35, 0xC0, // 0x28F0
  0x2E, 0x1A, 0xCB, 0x8E, 0x3E, 0x09, 0xFF, 0xCB, 0x56, 0x20, 0x09, 0x2E, 0x0D, 0x36, 0x63, 0x2E, // 0x2900
  0xA5, 0x36, 0x00, 0xC9, 0x2E, 0xA4, 0x35, 0x28, 0x16, 0x2B, 0x7E, 0xA7, 0x28, 0x11, 0xC9, 0x0F, // 0x2910
  0xD0, 0x2E, 0xA3, 0x7E, 0xD6, 0x01, 0x27, 0x77, 0x2E, 0x1B, 0xCB, 0x4E, 0xC0, 0xA7, 0xC0, 0xAF, // 0x2920
  0x32, 0x10, 0x7E, 0x32, 0x14, 0x7E, 0x21, 0x0D, 0x7E, 0xE5, 0x36, 0x63, 0x23, 0x77, 0x3E, 0x08, // 0x2930
  0xFF, 0xCD, 0x4E, 0x0E, 0xAF, 0x32, 0x1A, 0x7E, 0xE1, 0x31, 0x00, 0x80, 0xF3, 0x21, 0x26, 0x10, // 0x2940
  0xCD, 0x84, 0x04, 0xFB, 0xC3, 0x94, 0x04, 0x3A, 0x1A, 0x7E, 0x47, 0xE6, 0x18, 0x28, 0x0D, 0x3A, // 0x2950
  0x31, 0x7E, 0xCB, 0x47, 0x20, 0x06, 0x3E, 0x01, 0xA0, 0xF6, 0x20, 0x47, 0x3E, 0x19, 0xFF, 0xC9, // 0x2960
  0x21, 0x4B, 0x7E, 0xCF, 0x3A, 0x81, 0x7E, 0x87, 0x87, 0x87, 0xCF, 0xC9, 0xE5, 0x2A, 0xAC, 0x7E, // 0x2970
  0x85, 0x27, 0x6F, 0x3E, 0x00, 0x8C, 0x27, 0x67, 0x18, 0x10, 0xE5, 0x2A, 0xAC, 0x7E, 0x7D, 0xD6, // 0x2980
  0x01, 0x27, 0x6F, 0x30, 0x05, 0x7C, 0xD6, 0x01, 0x27, 0x67, 0x22, 0xAC, 0x7E, 0xE1, 0xC9, 0xF7, // 0x2990
  0xCC, 0x61, 0x0E, 0xAF, 0x32, 0x10, 0x7E, 0x3E, 0x0D, 0xFF, 0x21, 0x6C, 0x7E, 0x34, 0x7E, 0x4F, // 0x29A0
  0x21, 0x42, 0x10, 0x87, 0xCF, 0x7E, 0x32, 0x6B, 0x7E, 0x23, 0x7E, 0x32, 0x14, 0x7E, 0x21, 0x6E, // 0x29B0
  0x7E, 0x56, 0xF7, 0x38, 0x08, 0x16, 0x03, 0xE6, 0x01, 0x28, 0x02, 0x16, 0x01, 0x79, 0xBA, 0xC0, // 0x29C0
  0x2E, 0x19, 0xCB, 0xC6, 0xC9, 0xF5, 0x01, 0x00, 0x07, 0x21, 0x31, 0x7E, 0xCB, 0xE6, 0x21, 0x0B, // 0x29D0
  0x01, 0x22, 0x39, 0x7E, 0x3A, 0x31, 0x7E, 0xCB, 0x67, 0x28, 0x27, 0x21, 0x02, 0x7E, 0x11, 0x47, // 0x29E0
  0x7E, 0xCB, 0x41, 0x20, 0x08, 0xCB, 0x4E, 0x28, 0x19, 0x0C, 0x3E, 0x1B, 0x12, 0xCB, 0x4E, 0x28, // 0x29F0
  0x2D, 0xCB, 0x79, 0x20, 0x0D, 0x1A, 0xA7, 0x20, 0xF4, 0x01, 0x81, 0x04, 0x2E, 0x31, 0xCB, 0xA6, // 0x2A00
  0x18, 0xCC, 0x2E, 0x39, 0xDF, 0x20, 0xCD, 0x21, 0x31, 0x7E, 0xF3, 0x7E, 0xEE, 0x10, 0x77, 0xFB, // 0x2A10
  0x10, 0xBC, 0x06, 0x03, 0xCB, 0x79, 0x28, 0x01, 0x04, 0xCD, 0x3D, 0x0A, 0x18, 0xA8, 0xCB, 0x81, // 0x2A20
  0x1A, 0xFE, 0x17, 0x30, 0xAF, 0xF1, 0x3D, 0xC0, 0x2E, 0x31, 0xCB, 0xA6, 0xC9, 0x78, 0x21, 0x89, // 0x2A30
  0x10, 0xCF, 0x7E, 0x4F, 0xE6, 0x1F, 0xCF, 0x11, 0x10, 0x7E, 0x1A, 0xF5, 0x7E, 0x12, 0x23, 0x3E, // 0x2A40
  0x06, 0xFF, 0xCB, 0x79, 0x28, 0x06, 0x5E, 0x23, 0x1A, 0xA6, 0x20, 0xFC, 0xCB, 0x71, 0x20, 0x1A, // 0x2A50
  0x21, 0x06, 0x7E, 0xCB, 0x5E, 0x20, 0x0B, 0xCB, 0x69, 0x20, 0xF5, 0x21, 0x03, 0x7E, 0xCB, 0x7E, // 0x2A60
  0x28, 0xEE, 0x2E, 0x03, 0xCB, 0xBE, 0x2E, 0x06, 0xCB, 0x9E, 0xF1, 0x1E, 0x10, 0x12, 0x3E, 0x07, // 0x2A70
  0xFF, 0xC9, 0x11, 0x66, 0x11, 0x06, 0x01, 0xF7, 0xE6, 0x01, 0x20, 0x16, 0x11, 0x88, 0x11, 0x06, // 0x2A80
  0x0E, 0xF7, 0x20, 0x0E, 0x11, 0x68, 0x11, 0x06, 0x0E, 0x3A, 0x1A, 0x7E, 0xE6, 0x18, 0x20, 0x02, // 0x2A90
  0x06, 0x10, 0x2A, 0x76, 0x7E, 0xCD, 0xC6, 0x0A, 0x79, 0xFE, 0x0F, 0x28, 0x09, 0xA7, 0x20, 0x0E, // 0x2AA0
  0x3A, 0x00, 0x7E, 0x0F, 0x30, 0x08, 0x3A, 0x76, 0x7E, 0x0F, 0x30, 0x02, 0x0E, 0x01, 0x79, 0x32, // 0x2AB0
  0x7A, 0x7E, 0xCD, 0xF6, 0x0A, 0xC9, 0x0E, 0x00, 0xC5, 0xE5, 0xEB, 0x23, 0x5E, 0x23, 0x56, 0xCB, // 0x2AC0
  0xBA, 0x01, 0x00, 0x00, 0xCB, 0x7E, 0x28, 0x09, 0x3A, 0x00, 0x7E, 0x3D, 0x4F, 0x87, 0x81, 0x87, // 0x2AD0
  0x4F, 0x3A, 0x6C, 0x7E, 0x3D, 0x87, 0x81, 0x4F, 0xEB, 0x09, 0x4E, 0x23, 0x46, 0xE1, 0x09, 0xC1, // 0x2AE0
  0x0C, 0xD8, 0x10, 0xD4, 0x48, 0xC9, 0x3A, 0x1A, 0x7E, 0x0F, 0x06, 0x04, 0x0F, 0x38, 0x02, 0x10, // 0x2AF0
  0xFB, 0x78, 0x32, 0x7B, 0x7E, 0x21, 0x13, 0x12, 0xCF, 0x7E, 0xCF, 0x3A, 0x7A, 0x7E, 0x87, 0x87, // 0x2B00
  0xCF, 0x01, 0x04, 0x00, 0x11, 0x7C, 0x7E, 0xED, 0xB0, 0xC9, 0x3E, 0x05, 0xCD, 0x70, 0x09, 0x7E, // 0x2B10
  0xFE, 0x15, 0x38, 0x02, 0xD6, 0x15, 0x2E, 0x81, 0x46, 0x23, 0x77, 0x23, 0x36, 0x00, 0x23, 0x36, // 0x2B20
  0xF8, 0x21, 0x8C, 0x10, 0xCF, 0xAF, 0x11, 0x1B, 0x00, 0xC6, 0x05, 0x19, 0x10, 0xFB, 0xD9, 0x21, // 0x2B30
  0x93, 0x10, 0xCF, 0xEB, 0xD9, 0x3E, 0x02, 0x11, 0x85, 0x7E, 0x0E, 0x07, 0xED, 0xB0, 0x0E, 0x4A, // 0x2B40
  0x09, 0x3D, 0x20, 0xF6, 0xCD, 0x70, 0x0C, 0xCD, 0x0B, 0x0D, 0xCD, 0x3B, 0x0D, 0xCD, 0x1A, 0x0D, // 0x2B50
  0xCD, 0x6D, 0x0D, 0xCD, 0x67, 0x0B, 0xC9, 0x78, 0x21, 0x84, 0x7E, 0xCF, 0xEB, 0x21, 0x95, 0x7E, // 0x2B60
  0x01, 0x00, 0x00, 0x3A, 0x6B, 0x7E, 0xF5, 0xE5, 0xD9, 0x1A, 0x13, 0xD9, 0x83, 0x5F, 0x1A, 0xA6, // 0x2B70
  0x77, 0xB0, 0x47, 0xD5, 0x3E, 0x07, 0x83, 0x5F, 0x3E, 0x05, 0xCF, 0x1A, 0xA6, 0x77, 0xB1, 0x4F, // 0x2B80
  0xD1, 0xE1, 0x23, 0xF1, 0x3D, 0x20, 0xDF, 0x2E, 0x93, 0x70, 0x23, 0x71, 0xC9, 0x0E, 0x00, 0x2A, // 0x2B90
  0x9F, 0x7E, 0x7C, 0xB5, 0x20, 0x5E, 0x3A, 0x16, 0x7E, 0xE6, 0xE0, 0xFE, 0xC0, 0xC2, 0xF3, 0x0B, // 0x2BA0
  0x21, 0x4A, 0x13, 0x3A, 0x6C, 0x7E, 0xFE, 0x02, 0x20, 0x03, 0x21, 0xCF, 0x13, 0x3A, 0x7B, 0x7E, // 0x2BB0
  0xCF, 0x7E, 0xCF, 0x3A, 0x7A, 0x7E, 0x87, 0xCF, 0x5E, 0x23, 0x56, 0xEB, 0x5E, 0x23, 0x56, 0x06, // 0x2BC0
  0x00, 0xED, 0x5F, 0xF6, 0x80, 0x23, 0x04, 0x86, 0x30, 0xFB, 0x62, 0x6B, 0x3E, 0x16, 0xCF, 0x10, // 0x2BD0
  0xFB, 0x46, 0x23, 0xE5, 0x3A, 0x82, 0x7E, 0xCF, 0x7E, 0xE1, 0xFE, 0xC8, 0x30, 0xEC, 0x22, 0x9F, // 0x2BE0
  0x7E, 0x18, 0x11, 0x21, 0x34, 0x19, 0x3A, 0x7B, 0x7E, 0xCF, 0x7E, 0xCF, 0x3A, 0x7A, 0x7E, 0xCF, // 0x2BF0
  0x7E, 0xCF, 0x0E, 0x03, 0x3A, 0x81, 0x7E, 0x81, 0xC9, 0xFE, 0x03, 0x30, 0x21, 0x4F, 0x3A, 0x82, // 0x2C00
  0x7E, 0xCF, 0x7E, 0x16, 0x28, 0x0D, 0x28, 0x06, 0x92, 0x30, 0xFD, 0x82, 0x16, 0x08, 0x01, 0x00, // 0x2C10
  0x05, 0x92, 0xCB, 0x19, 0x10, 0xFB, 0x3A, 0x84, 0x7E, 0xA1, 0x20, 0x3C, 0x18, 0x30, 0xE5, 0x87, // 0x2C20
  0x21, 0x73, 0x19, 0xCF, 0x5E, 0x23, 0x56, 0xE1, 0x01, 0x04, 0x00, 0x78, 0xFE, 0x05, 0x28, 0x19, // 0x2C30
  0x3A, 0x82, 0x7E, 0x80, 0xFE, 0x15, 0x38, 0x02, 0xD6, 0x15, 0x04, 0xCB, 0x21, 0xE5, 0xCF, 0x7E, // 0x2C40
  0xE1, 0xA3, 0x28, 0xE7, 0x3A, 0x84, 0x7E, 0xA1, 0xC0, 0xCB, 0x3B, 0x15, 0x20, 0xDA, 0x3A, 0x84, // 0x2C50
  0x7E, 0x06, 0x06, 0x05, 0x07, 0x30, 0xFC, 0xC9, 0x0F, 0x0F, 0x0F, 0x04, 0x0F, 0x30, 0xFC, 0xC9, // 0x2C60
  0x3A, 0x81, 0x7E, 0x3D, 0xC0, 0x21, 0xDC, 0x12, 0x06, 0x01, 0xCD, 0x7E, 0x0C, 0xC9, 0xE5, 0xC5, // 0x2C70
  0x16, 0x7E, 0x5E, 0x23, 0x1A, 0x4F, 0xCD, 0x91, 0x0C, 0xC1, 0xE1, 0x3E, 0x0B, 0xCF, 0x10, 0xEE, // 0x2C80
  0xC9, 0x16, 0x7E, 0x5E, 0x1A, 0xA1, 0x23, 0xA6, 0xC8, 0x3A, 0x83, 0x7E, 0xFE, 0x04, 0xD0, 0x5F, // 0x2C90
  0x23, 0x7E, 0x23, 0xD9, 0x06, 0x7E, 0x4F, 0xD9, 0x7E, 0x23, 0xD9, 0x26, 0x7E, 0x6F, 0xD9, 0x7E, // 0x2CA0
  0x23, 0xFE, 0xF8, 0x28, 0x02, 0x1E, 0xFF, 0x3A, 0x84, 0x7E, 0x0F, 0x0F, 0x0F, 0x47, 0x3E, 0x05, // 0x2CB0
  0x08, 0xD9, 0xE5, 0xD5, 0xC5, 0xD9, 0xCB, 0x38, 0x30, 0x1E, 0xE5, 0xC5, 0x3A, 0x6B, 0x7E, 0x47, // 0x2CC0
  0xD9, 0x1A, 0x13, 0x81, 0x4F, 0x0A, 0xA6, 0x2C, 0xD9, 0xA6, 0xA1, 0x28, 0x06, 0x1C, 0x7B, 0xFE, // 0x2CD0
  0x05, 0x18, 0x03, 0x23, 0x10, 0xEA, 0xC1, 0xE1, 0xCB, 0x1A, 0xD9, 0xC1, 0x0C, 0xD1, 0xE1, 0xD9, // 0x2CE0
  0x08, 0x3D, 0x20, 0xCC, 0x7A, 0xE6, 0xF8, 0xC8, 0x2B, 0xAE, 0x21, 0x84, 0x7E, 0xA6, 0x77, 0x01, // 0x2CF0
  0x00, 0x05, 0x07, 0x38, 0x01, 0x0C, 0x10, 0xFA, 0x2B, 0x71, 0xC9, 0x3A, 0x80, 0x7E, 0xFE, 0x03, // 0x2D00
  0xC0, 0x21, 0xE7, 0x12, 0x06, 0x02, 0xCD, 0x7E, 0x0C, 0xC9, 0x3A, 0x6C, 0x7E, 0xFE, 0x03, 0x28, // 0x2D10
  0x0B, 0xFE, 0x01, 0x28, 0x0D, 0x3A, 0x80, 0x7E, 0xFE, 0x01, 0x20, 0x06, 0x3A, 0x80, 0x7E, 0xFE, // 0x2D20
  0x03, 0xC0, 0x21, 0x29, 0x13, 0x06, 0x03, 0xCD, 0x7E, 0x0C, 0xC9, 0x3A, 0x16, 0x7E, 0xE6, 0xE0, // 0x2D30
  0xFE, 0x20, 0xC0, 0x3A, 0x7C, 0x7E, 0xE6, 0x01, 0xC0, 0x21, 0xFD, 0x12, 0x06, 0x02, 0xCD, 0x7E, // 0x2D40
  0x0C, 0x21, 0x13, 0x13, 0x06, 0x01, 0x3A, 0x7E, 0x7E, 0xE6, 0x40, 0xCC, 0x7E, 0x0C, 0x21, 0x1E, // 0x2D50
  0x13, 0x06, 0x01, 0x3A, 0x7E, 0x7E, 0xE6, 0x80, 0xC0, 0xCD, 0x7E, 0x0C, 0xC9, 0xCD, 0x9D, 0x0B, // 0x2D60
  0xCD, 0x09, 0x0C, 0x3E, 0x06, 0xCD, 0x70, 0x09, 0x3A, 0x82, 0x7E, 0x80, 0xFE, 0x15, 0x38, 0x02, // 0x2D70
  0xD6, 0x15, 0x77, 0xC9, 0x21, 0x15, 0x7E, 0x7E, 0xA7, 0xC8, 0x36, 0x00, 0xC6, 0x10, 0xFF, 0xC9, // 0x2D80
  0x5F, 0x21, 0x1C, 0x7E, 0x7E, 0xFE, 0x0F, 0xD0, 0x34, 0x34, 0x3A, 0x1E, 0x7E, 0xE6, 0x07, 0x2E, // 0x2D90
  0x4B, 0xCF, 0xED, 0x5F, 0xE6, 0x3F, 0x0E, 0x15, 0xD7, 0x77, 0x21, 0x67, 0x1A, 0x7B, 0x87, 0xCF, // 0x2DA0
  0x4E, 0x23, 0x5E, 0x21, 0x1E, 0x7E, 0x7E, 0xE6, 0x07, 0x87, 0x34, 0x23, 0xCF, 0x79, 0xE6, 0x0F, // 0x2DB0
  0xF6, 0x80, 0x77, 0xCB, 0x79, 0x20, 0x07, 0x7B, 0x1C, 0x20, 0x06, 0x78, 0x18, 0x03, 0x16, 0x7E, // 0x2DC0
  0x1A, 0x23, 0x77, 0x79, 0x0F, 0x0F, 0x0F, 0x0F, 0xE6, 0x07, 0xC4, 0x54, 0x0E, 0xC9, 0x3A, 0x7B, // 0x2DD0
  0x7E, 0xFE, 0x03, 0xD0, 0x21, 0x9B, 0x1A, 0xCF, 0x7E, 0xCF, 0x3A, 0x7A, 0x7E, 0xCF, 0x7E, 0xCF, // 0x2DE0
  0xED, 0x5F, 0xF6, 0x80, 0x47, 0xED, 0x5B, 0x78, 0x7E, 0x23, 0x7E, 0x07, 0x07, 0x07, 0xE6, 0x07, // 0x2DF0
  0x28, 0x23, 0xE5, 0x21, 0x21, 0x1B, 0xCF, 0x7E, 0xE1, 0x80, 0x47, 0x23, 0x30, 0xEB, 0xC5, 0x7E, // 0x2E00
  0x07, 0x07, 0x07, 0xE6, 0x07, 0xE5, 0x21, 0x22, 0x1B, 0x87, 0xCF, 0x4E, 0x23, 0x46, 0xE1, 0xEB, // 0x2E10
  0x09, 0xEB, 0xC1, 0x30, 0xD4, 0x7E, 0xE6, 0x1F, 0x32, 0xA5, 0x7E, 0x3E, 0x18, 0xFF, 0xC9, 0x21, // 0x2E20
  0x1B, 0x7E, 0x7E, 0x06, 0x16, 0xE6, 0x06, 0x28, 0x0F, 0x2E, 0x31, 0xCB, 0x86, 0xCB, 0x8E, 0xCB, // 0x2E30
  0x96, 0xCB, 0x9E, 0xCB, 0x57, 0x28, 0x01, 0x04, 0x78, 0xFF, 0xCD, 0x4E, 0x0E, 0xC9, 0x2E, 0x41, // 0x2E40
  0xDF, 0x20, 0xFB, 0xC9, 0x21, 0x1A, 0x1B, 0x87, 0xCF, 0x7E, 0x23, 0x66, 0x6F, 0x22, 0x41, 0x7E, // 0x2E50
  0xC9, 0x21, 0x31, 0x7E, 0xCB, 0x46, 0xC0, 0x3A, 0xA5, 0x7E, 0xFE, 0x12, 0xD8, 0xCB, 0xC6, 0xCB, // 0x2E60
  0xCE, 0xCB, 0xD6, 0xCB, 0xDE, 0xC9, 0x00, 0x00, 0x00, 0x00, 0x00, 0x00, 0x00, 0x00, 0x00, 0x00, // 0x2E70
  0x00, 0x00, 0x00, 0x00, 0x00, 0x00, 0x00, 0x00, 0x00, 0x00, 0x00, 0x00, 0x00, 0x00, 0x00, 0x00, // 0x2E80
  0x00, 0x00, 0x00, 0x00, 0x00, 0x00, 0x00, 0x00, 0x00, 0x00, 0x00, 0x00, 0x00, 0x00, 0x00, 0x00, // 0x2E90
  0x00, 0x00, 0x00, 0x00, 0x00, 0x00, 0x00, 0x00, 0x00, 0x00, 0x00, 0x00, 0x00, 0x00, 0x00, 0x00, // 0x2EA0
  0x00, 0x00, 0x00, 0x00, 0x00, 0x00, 0x00, 0x00, 0x00, 0x00, 0x00, 0x00, 0x00, 0x00, 0x00, 0x00, // 0x2EB0
  0x00, 0x00, 0x00, 0x00, 0x00, 0x00, 0x00, 0x00, 0x00, 0x00, 0x00, 0x00, 0x00, 0x00, 0x00, 0x00, // 0x2EC0
  0x00, 0x00, 0x00, 0x00, 0x00, 0x00, 0x00, 0x00, 0x00, 0x00, 0x00, 0x00, 0x00, 0x00, 0x00, 0x00, // 0x2ED0
  0x00, 0x00, 0x00, 0x00, 0x00, 0x00, 0x00, 0x00, 0x00, 0x00, 0x00, 0x00, 0x00, 0x00, 0x00, 0x00, // 0x2EE0
  0x00, 0x00, 0x00, 0x00, 0x00, 0x00, 0x00, 0x00, 0x00, 0x00, 0x00, 0x00, 0x00, 0x00, 0x00, 0x00, // 0x2EF0
  0x00, 0x00, 0x00, 0x00, 0x00, 0x00, 0x00, 0x00, 0x00, 0x00, 0x00, 0x00, 0x00, 0x00, 0x00, 0x00, // 0x2F00
  0x00, 0x00, 0x00, 0x00, 0x00, 0x00, 0x00, 0x00, 0x00, 0x00, 0x00, 0x00, 0x00, 0x00, 0x00, 0x00, // 0x2F10
  0x00, 0x00, 0x00, 0x00, 0x00, 0x00, 0x00, 0x00, 0x00, 0x00, 0x00, 0x00, 0x00, 0x00, 0x00, 0x00, // 0x2F20
  0x00, 0x00, 0x00, 0x00, 0x00, 0x00, 0x00, 0x00, 0x00, 0x00, 0x00, 0x00, 0x00, 0x00, 0x00, 0x00, // 0x2F30
  0x00, 0x00, 0x00, 0x00, 0x00, 0x00, 0x00, 0x00, 0x00, 0x00, 0x00, 0x00, 0x00, 0x00, 0x00, 0x00, // 0x2F40
  0x00, 0x00, 0x00, 0x00, 0x00, 0x00, 0x00, 0x00, 0x00, 0x00, 0x00, 0x00, 0x00, 0x00, 0x00, 0x00, // 0x2F50
  0x00, 0x00, 0x00, 0x00, 0x00, 0x00, 0x00, 0x00, 0x00, 0x00, 0x00, 0x00, 0x00, 0x00, 0x00, 0x00, // 0x2F60
  0x00, 0x00, 0x00, 0x00, 0x00, 0x00, 0x00, 0x00, 0x00, 0x00, 0x00, 0x00, 0x00, 0x00, 0x00, 0x00, // 0x2F70
  0x00, 0x00, 0x00, 0x00, 0x00, 0x00, 0x00, 0x00, 0x00, 0x00, 0x00, 0x00, 0x00, 0x00, 0x00, 0x00, // 0x2F80
  0x00, 0x00, 0x00, 0x00, 0x00, 0x00, 0x00, 0x00, 0x00, 0x00, 0x00, 0x00, 0x00, 0x00, 0x00, 0x00, // 0x2F90
  0x00, 0x00, 0x00, 0x00, 0x00, 0x00, 0x00, 0x00, 0x00, 0x00, 0x00, 0x00, 0x00, 0x00, 0x00, 0x00, // 0x2FA0
  0x00, 0x00, 0x00, 0x00, 0x00, 0x00, 0x00, 0x00, 0x00, 0x00, 0x00, 0x00, 0x00, 0x00, 0x00, 0x00, // 0x2FB0
  0x00, 0x00, 0x00, 0x00, 0x00, 0x00, 0x00, 0x00, 0x00, 0x00, 0x00, 0x00, 0x00, 0x00, 0x00, 0x00, // 0x2FC0
  0x00, 0x00, 0x00, 0x00, 0x00, 0x00, 0x00, 0x00, 0x00, 0x00, 0x00, 0x00, 0x00, 0x00, 0x00, 0x00, // 0x2FD0
  0x00, 0x00, 0x00, 0x00, 0x00, 0x00, 0x00, 0x00, 0x00, 0x00, 0x00, 0x00, 0x00, 0x00, 0x00, 0x00, // 0x2FE0
  0x00, 0x00, 0x00, 0x00, 0x00, 0x00, 0x00, 0x00, 0x00, 0x00, 0x00, 0x00, 0x00, 0x00, 0x00, 0x00, // 0x2FF0
  0x00, 0x00, 0xCC, 0x00, 0x85, 0xCF, 0x85, 0xFF, 0x85, 0x07, 0x87, 0xCF, 0x87, 0x0F, 0x87, 0x07, // 0x3000
  0x80, 0x11, 0x81, 0x11, 0x82, 0x11, 0x83, 0x11, 0x80, 0x60, 0xA6, 0x7E, 0x14, 0x01, 0xA6, 0x7E, // 0x3010
  0x40, 0x01, 0x76, 0x7E, 0x2F, 0x00, 0x10, 0x7E, 0x96, 0x00, 0x09, 0x01, 0x03, 0x02, 0x06, 0x04, // 0x3020
  0x0C, 0x08, 0x01, 0x02, 0x02, 0x02, 0x02, 0x03, 0x03, 0x03, 0x03, 0x04, 0x05, 0x06, 0x07, 0x08, // 0x3030
  0x09, 0x0A, 0x0B, 0x64, 0x01, 0x80, 0x03, 0xC0, 0x05, 0xE0, 0x3F, 0x06, 0x5B, 0x4F, 0x66, 0x6D, // 0x3040
  0x7D, 0x07, 0x7F, 0x6F, 0x79, 0x73, 0x39, 0x76, 0x71, 0x40, 0x01, 0x88, 0x0F, 0x19, 0x02, 0x06, // 0x3050
  0x0F, 0x14, 0x04, 0x07, 0x12, 0x14, 0x08, 0x88, 0x11, 0x14, 0x10, 0x00, 0x11, 0x00, 0x20, 0x80, // 0x3060
  0x10, 0x00, 0x40, 0x07, 0x10, 0x30, 0x80, 0x08, 0x13, 0x30, 0x03, 0x32, 0x35, 0x36, 0x06, 0x02, // 0x3070
  0x33, 0x34, 0x05, 0x01, 0x31, 0x01, 0x02, 0x2F, 0x30, 0x00, 0xC6, 0x08, 0x08, 0x08, 0x28, 0x08, // 0x3080
  0xCA, 0x07, 0x06, 0xCB, 0xDA, 0xDB, 0xDC, 0xEA, 0x01, 0x01, 0xFE, 0x02, 0xFE, 0x01, 0x01, 0xFE, // 0x3090
  0x01, 0x00, 0x01, 0x01, 0xFE, 0x00, 0x02, 0x00, 0x02, 0x01, 0x02, 0x00, 0xC0, 0xC0, 0x00, 0x02, // 0x30A0
  0x01, 0x02, 0x00, 0x00, 0x00, 0x00, 0x02, 0x00, 0x02, 0x00, 0x3C, 0x3C, 0x00, 0x02, 0x01, 0x02, // 0x30B0
  0x00, 0xC0, 0x03, 0xCD, 0x01, 0x03, 0xCD, 0x01, 0x01, 0x01, 0x03, 0x31, 0x01, 0x01, 0x01, 0x03, // 0x30C0
  0x31, 0x01, 0x03, 0x01, 0x01, 0xCD, 0x01, 0x03, 0xCD, 0x01, 0x03, 0xCD, 0x01, 0x55, 0x03, 0x01, // 0x30D0
  0x01, 0x01, 0xA9, 0x03, 0x01, 0xA9, 0x03, 0x01, 0xA9, 0x01, 0x01, 0x03, 0x01, 0x55, 0x03, 0x01, // 0x30E0
  0x01, 0x01, 0x55, 0x03, 0x01, 0x01, 0x01, 0xA9, 0x00, 0x00, 0x00, 0x00, 0x00, 0x83, 0x83, 0x00, // 0x30F0
  0x00, 0x00, 0x00, 0x00, 0x3C, 0x3C, 0x00, 0x00, 0x00, 0x00, 0x00, 0x40, 0x40, 0x00, 0x00, 0x00, // 0x3100
  0x00, 0x00, 0x83, 0x00, 0x0C, 0x00, 0x00, 0x0C, 0x00, 0x00, 0x00, 0x00, 0x33, 0x00, 0x80, 0x00, // 0x3110
  0x00, 0x33, 0x00, 0x00, 0x00, 0x00, 0x0C, 0x40, 0x00, 0x0C, 0x00, 0x00, 0x0C, 0x00, 0x15, 0x00, // 0x3120
  0x00, 0x00, 0x00, 0x2A, 0x00, 0x00, 0x2A, 0x00, 0x80, 0x2A, 0x00, 0x00, 0x00, 0x40, 0x15, 0x00, // 0x3130
  0x00, 0x40, 0x40, 0x15, 0x00, 0x00, 0x00, 0x00, 0x2A, 0x3F, 0x6D, 0x40, 0x3E, 0x2F, 0x38, 0x16, // 0x3140
  0xE0, 0x9F, 0x00, 0xA0, 0x00, 0x6C, 0x00, 0x80, 0x00, 0x19, 0x00, 0xFF, 0xFF, 0xFF, 0xFF, 0xFF, // 0x3150
  0xFF, 0xFF, 0xFF, 0xFF, 0xFF, 0xFF, 0xFF, 0xA5, 0x11, 0xF5, 0x11, 0xFB, 0x11, 0xFB, 0x11, 0xFB, // 0x3160
  0x11, 0xFB, 0x11, 0xFB, 0x11, 0xFB, 0x11, 0xFB, 0x11, 0xFB, 0x11, 0xFB, 0x11, 0xFB, 0x11, 0xFB, // 0x3170
  0x11, 0xFB, 0x11, 0xEF, 0x11, 0xCB, 0x91, 0xA7, 0x91, 0x01, 0x12, 0x07, 0x12, 0x07, 0x12, 0x07, // 0x3180
  0x12, 0x07, 0x12, 0x07, 0x12, 0x07, 0x12, 0x07, 0x12, 0x07, 0x12, 0x07, 0x12, 0x07, 0x12, 0x07, // 0x3190
  0x12, 0x07, 0x12, 0x0D, 0x12, 0xB0, 0xFE, 0x2C, 0x00, 0x5C, 0x00, 0x1E, 0x00, 0x2C, 0x00, 0x5C, // 0x31A0
  0x00, 0x50, 0x00, 0x2C, 0x00, 0x5C, 0x00, 0x73, 0x00, 0x2C, 0x00, 0x5C, 0x00, 0x78, 0x00, 0x2C, // 0x31B0
  0x00, 0x5C, 0x00, 0x7D, 0x00, 0x2C, 0x00, 0x5C, 0x00, 0x7D, 0x00, 0x0C, 0x00, 0x21, 0x00, 0x22, // 0x31C0
  0x01, 0x0C, 0x00, 0x21, 0x00, 0xF0, 0x00, 0x0C, 0x00, 0x21, 0x00, 0xCD, 0x00, 0x0C, 0x00, 0x21, // 0x31D0
  0x00, 0xC8, 0x00, 0x0C, 0x00, 0x21, 0x00, 0xE1, 0x00, 0x0C, 0x00, 0x21, 0x00, 0xD7, 0x00, 0x14, // 0x31E0
  0x23, 0x14, 0x23, 0x14, 0x23, 0xC8, 0x00, 0x90, 0x01, 0x00, 0x04, 0xD6, 0x06, 0x74, 0x0E, 0xEF, // 0x31F0
  0x11, 0x44, 0x48, 0xE8, 0x80, 0xAA, 0x82, 0x1E, 0x00, 0x28, 0x00, 0x32, 0x00, 0x24, 0x49, 0x24, // 0x3200
  0x49, 0x24, 0x49, 0x05, 0x48, 0x83, 0x02, 0xBD, 0x00, 0xFF, 0x00, 0xFF, 0x01, 0xFE, 0x00, 0xFF, // 0x3210
  0x04, 0xFB, 0x00, 0xFF, 0x08, 0xF7, 0x00, 0xFF, 0x10, 0xEF, 0x00, 0xFF, 0x20, 0xDF, 0x00, 0xFF, // 0x3220
  0x40, 0xBF, 0x00, 0xFF, 0x80, 0x7F, 0x00, 0xFF, 0x00, 0xFF, 0x01, 0xFE, 0x00, 0xFF, 0x02, 0xFD, // 0x3230
  0x00, 0xFF, 0x04, 0xFB, 0x00, 0xFF, 0x08, 0xF7, 0x00, 0xFF, 0x10, 0xEF, 0x00, 0xFF, 0x20, 0xDF, // 0x3240
  0x02, 0xFD, 0x00, 0xFF, 0x00, 0xFF, 0x80, 0x40, 0x00, 0xFF, 0x40, 0x80, 0x00, 0xFF, 0x40, 0xBF, // 0x3250
  0x01, 0xFE, 0x40, 0xBF, 0x04, 0xFB, 0x40, 0xBF, 0x08, 0xF7, 0x40, 0xBF, 0x10, 0xEF, 0x40, 0xBF, // 0x3260
  0x20, 0xDF, 0x40, 0xBF, 0x40, 0xBF, 0x40, 0xBF, 0x80, 0x7F, 0x40, 0xBF, 0x00, 0xFF, 0x41, 0xBE, // 0x3270
  0x00, 0xFF, 0x42, 0xBD, 0x00, 0xFF, 0x44, 0xBB, 0x00, 0xFF, 0x48, 0xB7, 0x00, 0xFF, 0x50, 0xAF, // 0x3280
  0x00, 0xFF, 0x60, 0x9F, 0x02, 0xFD, 0x40, 0xBF, 0x00, 0xFF, 0x80, 0x7F, 0x01, 0xFE, 0x80, 0x7F, // 0x3290
  0x04, 0xFB, 0x80, 0x7F, 0x08, 0xF7, 0x80, 0x7F, 0x10, 0xEF, 0x80, 0x7F, 0x20, 0xDF, 0x80, 0x7F, // 0x32A0
  0x40, 0xBF, 0x80, 0x7F, 0x80, 0x7F, 0x80, 0x7F, 0x00, 0xFF, 0x81, 0x7E, 0x00, 0xFF, 0x82, 0x7D, // 0x32B0
  0x00, 0xFF, 0x84, 0x7B, 0x00, 0xFF, 0x88, 0x77, 0x00, 0xFF, 0x90, 0x6F, 0x00, 0xFF, 0xA0, 0x5F, // 0x32C0
  0x02, 0xFD, 0x80, 0x7F, 0x00, 0xFF, 0x00, 0xFF, 0x02, 0xFD, 0x00, 0xFF, 0x7D, 0x93, 0x01, 0x85, // 0x32D0
  0x95, 0xF8, 0x01, 0x01, 0x01, 0x01, 0x01, 0x7D, 0x93, 0xFE, 0x85, 0x95, 0xF8, 0xFE, 0xFE, 0xFE, // 0x32E0
  0xFE, 0xFE, 0x7F, 0x94, 0xFF, 0x8C, 0x9A, 0xF8, 0xFF, 0xFF, 0xFF, 0xFF, 0xFF, 0x7D, 0x93, 0xFC, // 0x32F0
  0x85, 0x95, 0xF8, 0x00, 0xC0, 0xFC, 0xC0, 0xFC, 0x7F, 0x94, 0x3F, 0x8C, 0x9A, 0xF8, 0x00, 0x3F, // 0x3300
  0x03, 0x3F, 0x03, 0x7F, 0x94, 0x40, 0x8C, 0x9A, 0xF8, 0x00, 0x00, 0x40, 0x00, 0x40, 0x7F, 0x94, // 0x3310
  0x80, 0x8C, 0x9A, 0xF8, 0x00, 0x80, 0x80, 0x80, 0x80, 0x7E, 0x94, 0xC0, 0x8C, 0x9A, 0x00, 0xC0, // 0x3320
  0xC0, 0xC0, 0xC0, 0xC0, 0x7C, 0x93, 0xFF, 0x85, 0x95, 0x00, 0xFF, 0xFF, 0xFF, 0xFF, 0xFF, 0x7E, // 0x3330
  0x94, 0x3F, 0x8C, 0x9A, 0x00, 0x3F, 0x3F, 0x3F, 0x3F, 0x3F, 0x05, 0x26, 0x43, 0x60, 0x7D, 0x7B, // 0x3340
  0x14, 0x74, 0x14, 0x65, 0x14, 0x65, 0x14, 0x65, 0x14, 0x65, 0x14, 0x65, 0x14, 0x65, 0x14, 0x65, // 0x3350
  0x14, 0x65, 0x14, 0x65, 0x14, 0x65, 0x14, 0x65, 0x14, 0x65, 0x14, 0x6C, 0x14, 0x59, 0x14, 0x4F, // 0x3360
  0x14, 0x4F, 0x14, 0x8E, 0x14, 0x4F, 0x14, 0x4F, 0x14, 0x4F, 0x14, 0x4F, 0x14, 0x4F, 0x14, 0x4F, // 0x3370
  0x14, 0x4F, 0x14, 0x4F, 0x14, 0x4F, 0x14, 0x4F, 0x14, 0x4F, 0x14, 0x4F, 0x14, 0x6C, 0x14, 0x59, // 0x3380
  0x14, 0x8E, 0x14, 0x59, 0x14, 0x59, 0x14, 0x59, 0x14, 0x59, 0x14, 0x59, 0x14, 0x59, 0x14, 0x59, // 0x3390
  0x14, 0x59, 0x14, 0x59, 0x14, 0x59, 0x14, 0x59, 0x14, 0x59, 0x14, 0x6C, 0x14, 0x7B, 0x14, 0x74, // 0x33A0
  0x14, 0x65, 0x14, 0x65, 0x14, 0x65, 0x14, 0x65, 0x14, 0x65, 0x14, 0x65, 0x14, 0x65, 0x14, 0x65, // 0x33B0
  0x14, 0x65, 0x14, 0x65, 0x14, 0x65, 0x14, 0x65, 0x14, 0x6C, 0x14, 0x7B, 0x14, 0x6C, 0x14, 0x04, // 0x33C0
  0x25, 0x42, 0x5F, 0x7B, 0x14, 0x74, 0x14, 0xA0, 0x14, 0xA0, 0x14, 0xA0, 0x14, 0xA0, 0x14, 0xA0, // 0x33D0
  0x14, 0xA0, 0x14, 0xA0, 0x14, 0xA0, 0x14, 0xA0, 0x14, 0xA0, 0x14, 0xA0, 0x14, 0xA0, 0x14, 0x6C, // 0x33E0
  0x14, 0x59, 0x14, 0x4F, 0x14, 0x4F, 0x14, 0x8E, 0x14, 0x92, 0x14, 0x92, 0x14, 0x92, 0x14, 0x92, // 0x33F0
  0x14, 0x92, 0x14, 0x92, 0x14, 0x92, 0x14, 0x92, 0x14, 0x92, 0x14, 0x92, 0x14, 0x92, 0x14, 0x92, // 0x3400
  0x14, 0x6C, 0x14, 0x59, 0x14, 0x8E, 0x14, 0x99, 0x14, 0x99, 0x14, 0x99, 0x14, 0x99, 0x14, 0x99, // 0x3410
  0x14, 0x99, 0x14, 0x99, 0x14, 0x99, 0x14, 0x99, 0x14, 0x99, 0x14, 0x99, 0x14, 0x99, 0x14, 0x6C, // 0x3420
  0x14, 0x7B, 0x14, 0x74, 0x14, 0xA0, 0x14, 0xA0, 0x14, 0xA0, 0x14, 0xA0, 0x14, 0xA0, 0x14, 0xA0, // 0x3430
  0x14, 0xA0, 0x14, 0xA0, 0x14, 0xA0, 0x14, 0xA0, 0x14, 0xA0, 0x14, 0xA0, 0x14, 0x6C, 0x14, 0x90, // 0x3440
  0x14, 0x19, 0x01, 0x0D, 0x07, 0x22, 0x1A, 0x15, 0x01, 0x40, 0x15, 0x01, 0x0A, 0x04, 0x0A, 0x03, // 0x3450
  0x0A, 0x14, 0x14, 0x19, 0x19, 0x1C, 0x16, 0x01, 0x37, 0x26, 0x0C, 0x16, 0x8A, 0x16, 0x04, 0x50, // 0x3460
  0x0F, 0x0C, 0x0F, 0x02, 0x0E, 0x17, 0x11, 0x0F, 0x26, 0x29, 0x11, 0x7C, 0x17, 0x23, 0x04, 0x16, // 0x3470
  0x02, 0x1B, 0x01, 0x01, 0x05, 0x09, 0x05, 0x01, 0x02, 0x01, 0x06, 0x04, 0x02, 0x01, 0xF2, 0x18, // 0x3480
  0x40, 0x40, 0x90, 0x14, 0x19, 0x19, 0x1A, 0x1A, 0x1A, 0x40, 0x15, 0x19, 0x19, 0x1A, 0x1A, 0x1A, // 0x3490
  0x1C, 0x16, 0x20, 0x20, 0x20, 0x20, 0x03, 0x78, 0x50, 0x34, 0x0A, 0xD2, 0xC8, 0xA0, 0x82, 0x51, // 0x34A0
  0x32, 0x02, 0xC8, 0xD0, 0xA4, 0x98, 0x68, 0x38, 0x0C, 0xCE, 0xDA, 0xAA, 0x04, 0x81, 0x58, 0x2C, // 0x34B0
  0xD0, 0xD0, 0xCA, 0xD0, 0x78, 0x5A, 0x30, 0xCA, 0xD0, 0xC8, 0xDA, 0x80, 0x64, 0x40, 0xDA, 0xD0, // 0x34C0
  0xCE, 0xCC, 0x02, 0xCA, 0xD8, 0xAC, 0x78, 0x5A, 0x2A, 0x08, 0xD2, 0xCA, 0xA8, 0x7A, 0x5A, 0x32, // 0x34D0
  0x00, 0xD0, 0xCC, 0xA0, 0x90, 0x60, 0x34, 0x06, 0x05, 0xD0, 0xC8, 0xBC, 0x81, 0x52, 0x28, 0x01, // 0x34E0
  0xEA, 0xD0, 0xA1, 0x82, 0x50, 0x42, 0x0C, 0xC8, 0xD0, 0xB8, 0x8C, 0x5C, 0x28, 0x10, 0x02, 0xD0, // 0x34F0
  0xD0, 0xD4, 0xD6, 0xD0, 0xD4, 0xD6, 0xD0, 0xD4, 0xD6, 0xAA, 0xAC, 0xA8, 0x5C, 0xD0, 0xD4, 0xD0, // 0x3500
  0xD0, 0xD4, 0xD4, 0xD0, 0x07, 0xD0, 0xA0, 0x7C, 0x58, 0x2A, 0x00, 0xC8, 0xCA, 0xA8, 0x78, 0x52, // 0x3510
  0x28, 0x02, 0xD4, 0xCC, 0xA6, 0x90, 0x60, 0x3C, 0x04, 0xCE, 0x08, 0xA8, 0x80, 0x54, 0x30, 0x0A, // 0x3520
  0xCA, 0xD0, 0xA2, 0x92, 0x58, 0x2A, 0x0A, 0xC8, 0xD2, 0xAC, 0x7C, 0x68, 0x3A, 0x0C, 0xCC, 0xCA, // 0x3530
  0x01, 0xE8, 0xE8, 0xC0, 0xE8, 0xE8, 0xE8, 0xC0, 0xE8, 0xE8, 0xC0, 0xC0, 0xC0, 0xC0, 0xC0, 0xE8, // 0x3540
  0xE8, 0xC0, 0xE8, 0xE8, 0xE8, 0xC0, 0x02, 0x89, 0x58, 0x2C, 0x12, 0xD0, 0xE9, 0xBA, 0x88, 0x5D, // 0x3550
  0x2A, 0x10, 0xD1, 0xC8, 0xC4, 0x92, 0x64, 0x31, 0x04, 0xD8, 0xD2, 0xA4, 0x03, 0x79, 0x60, 0x34, // 0x3560
  0x02, 0xE8, 0xE1, 0xC2, 0x90, 0x61, 0x32, 0x04, 0xD9, 0xD0, 0xA0, 0x82, 0x54, 0x39, 0x08, 0xC8, // 0x3570
  0xDE, 0xAC, 0x04, 0xD2, 0xC8, 0xB5, 0x80, 0x50, 0x2A, 0x00, 0xE9, 0xE2, 0xB0, 0x85, 0x52, 0x3D, // 0x3580
  0x08, 0xC8, 0xC8, 0xBA, 0x88, 0x58, 0x29, 0x14, 0x05, 0xC8, 0xD8, 0xAC, 0x88, 0x5A, 0x28, 0x20, // 0x3590
  0xE0, 0xDC, 0xAA, 0x78, 0x60, 0x30, 0x04, 0xD0, 0xEA, 0xB0, 0x80, 0x50, 0x3C, 0x08, 0x01, 0xDE, // 0x35A0
  0xE8, 0xCD, 0xCC, 0xEC, 0xCC, 0xE8, 0xD4, 0xC8, 0xD8, 0xA4, 0xA2, 0x81, 0x50, 0x0C, 0x00, 0x06, // 0x35B0
  0xD1, 0xD8, 0xD4, 0xC8, 0x07, 0xB2, 0x80, 0x55, 0x38, 0x08, 0xEA, 0xE1, 0xB0, 0x86, 0x50, 0x39, // 0x35C0
  0x0A, 0xC8, 0xED, 0xB8, 0x9A, 0x69, 0x38, 0x0C, 0xC8, 0xCA, 0x08, 0xA8, 0x98, 0x6D, 0x3A, 0x0C, // 0x35D0
  0xC9, 0xEA, 0xB8, 0x89, 0x5A, 0x2D, 0x20, 0xE4, 0xD8, 0xAA, 0x9D, 0x68, 0x3A, 0x08, 0xCD, 0xDE, // 0x35E0
  0x09, 0xAA, 0x9A, 0x6C, 0x60, 0x32, 0x00, 0xE8, 0xBA, 0x88, 0x5C, 0x50, 0x4A, 0x18, 0xD8, 0xAC, // 0x35F0
  0x78, 0x6A, 0x60, 0x34, 0x06, 0xD8, 0x0A, 0xD0, 0xA0, 0x8C, 0x58, 0x30, 0x04, 0xE0, 0xD8, 0xB8, // 0x3600
  0x88, 0x5C, 0x28, 0x14, 0xD0, 0xD0, 0xA0, 0x98, 0x68, 0x38, 0x0C, 0xDC, 0x01, 0xD0, 0xC0, 0x94, // 0x3610
  0x60, 0x30, 0x02, 0xEC, 0xE0, 0xB4, 0x80, 0x50, 0x48, 0x18, 0xDC, 0xD0, 0xA0, 0x90, 0x60, 0x34, // 0x3620
  0x00, 0xD8, 0x02, 0x8A, 0x58, 0x28, 0x24, 0xE0, 0xDA, 0xAC, 0x78, 0x72, 0x44, 0x10, 0xD2, 0xC8, // 0x3630
  0xC0, 0x94, 0x60, 0x4A, 0x18, 0xD8, 0xD4, 0xA0, 0x03, 0x7C, 0x60, 0x30, 0x02, 0xE9, 0xE4, 0xB2, // 0x3640
  0x81, 0x54, 0x4A, 0x18, 0xDC, 0xD1, 0xA1, 0x9A, 0x68, 0x3C, 0x08, 0xC9, 0xDA, 0xA8, 0x04, 0xD4, // 0x3650
  0xC8, 0xB0, 0x82, 0x50, 0x4C, 0x1A, 0xD8, 0xD4, 0xA2, 0x98, 0x6C, 0x38, 0x08, 0xCA, 0xE8, 0xBC, // 0x3660
  0x88, 0x58, 0x42, 0x10, 0x01, 0xCA, 0xD8, 0xA8, 0x7C, 0x70, 0x42, 0x14, 0xD0, 0xCA, 0xC4, 0x90, // 0x3670
  0x62, 0x30, 0x00, 0xEC, 0xE0, 0xB2, 0x80, 0x50, 0x3C, 0x08, 0x04, 0xB2, 0x80, 0x50, 0x4C, 0x18, // 0x3680
  0xDA, 0xD4, 0xA0, 0x9A, 0x6C, 0x38, 0x0A, 0xC8, 0xE8, 0xBC, 0x88, 0x5A, 0x28, 0x10, 0xD4, 0xC8, // 0x3690
  0x06, 0xDC, 0xD0, 0xC8, 0xE8, 0xE0, 0xDC, 0xD0, 0xC8, 0xEC, 0xE0, 0xB0, 0x98, 0xB8, 0x8C, 0x58, // 0x36A0
  0x28, 0x24, 0xE0, 0xD8, 0xE8, 0xE0, 0x03, 0xD0, 0xC8, 0xC0, 0x90, 0x64, 0x30, 0x00, 0xEC, 0xE0, // 0x36B0
  0xB0, 0x80, 0x50, 0x3C, 0x08, 0xC8, 0xEC, 0xB8, 0x88, 0x58, 0x40, 0x14, 0x04, 0x78, 0x64, 0x30, // 0x36C0
  0x00, 0xE8, 0xE0, 0xB4, 0x80, 0x50, 0x4C, 0x18, 0xD8, 0xD0, 0xA0, 0x8C, 0x58, 0x28, 0x24, 0xE0, // 0x36D0
  0xD8, 0xA8, 0x05, 0xD8, 0xD4, 0xA0, 0x98, 0x68, 0x38, 0x0C, 0xC8, 0xE8, 0xBC, 0x88, 0x58, 0x28, // 0x36E0
  0x10, 0xD4, 0xC8, 0xC0, 0x94, 0x60, 0x30, 0x00, 0x02, 0x88, 0x58, 0x28, 0x20, 0xE4, 0xD8, 0xA8, // 0x36F0
  0x7C, 0x70, 0x40, 0x10, 0xD0, 0xCC, 0xB0, 0x80, 0x54, 0x48, 0x18, 0xD8, 0xD0, 0xA4, 0x03, 0xD8, // 0x3700
  0xD4, 0xA0, 0x98, 0x6C, 0x38, 0x0C, 0xC8, 0xE8, 0xBC, 0x88, 0x58, 0x7C, 0x60, 0x30, 0x04, 0xC0, // 0x3710
  0x94, 0x60, 0x30, 0x04, 0x05, 0x0C, 0xC8, 0xDC, 0xA8, 0x88, 0xD4, 0xC8, 0x20, 0xE4, 0xD8, 0x20, // 0x3720
  0xCC, 0xD8, 0xA8, 0x78, 0x70, 0x2C, 0xB0, 0x98, 0x68, 0xD8, 0x01, 0xD8, 0x30, 0x24, 0xE0, 0xDC, // 0x3730
  0xAA, 0x79, 0xCC, 0x4A, 0x19, 0x88, 0x50, 0x2C, 0x1C, 0xE2, 0xD0, 0xA4, 0xCA, 0xDC, 0xE8, 0x90, // 0x3740
  0x02, 0xD0, 0xE8, 0xE0, 0xDC, 0xD0, 0xD0, 0xCC, 0xE8, 0xE0, 0xDC, 0xC0, 0x90, 0x64, 0x80, 0x14, // 0x3750
  0x30, 0x00, 0xD8, 0xD4, 0xCC, 0xD8, 0x01, 0xD0, 0xC8, 0xDC, 0xD0, 0xD8, 0xD4, 0xE0, 0xD8, 0xD0, // 0x3760
  0xCC, 0x30, 0x00, 0xDE, 0xD0, 0xA4, 0x80, 0xCE, 0xE0, 0xE8, 0xE4, 0xD8, 0x03, 0xD8, 0xD4, 0xE8, // 0x3770
  0xE0, 0xD4, 0xC8, 0xC8, 0xEC, 0xE0, 0xE4, 0x5A, 0x28, 0x20, 0x94, 0x6A, 0x30, 0x24, 0xE0, 0xDE, // 0x3780
  0xD0, 0xC8, 0x10, 0xCD, 0xD8, 0xD2, 0xDC, 0xD0, 0xCA, 0xDC, 0xD0, 0xBA, 0x8C, 0x58, 0x2A, 0x08, // 0x3790
  0xCA, 0xDC, 0xD0, 0xE0, 0xDA, 0xD4, 0xC8, 0xD0, 0x03, 0xD8, 0xEC, 0xE2, 0xD8, 0xD4, 0x28, 0x08, // 0x37A0
  0xCC, 0xE8, 0xE0, 0xD8, 0xD0, 0x48, 0x1C, 0xE0, 0xD8, 0xE8, 0xE4, 0x66, 0x30, 0x18, 0x04, 0xD0, // 0x37B0
  0xCC, 0xE2, 0xD8, 0xD4, 0xC8, 0xE2, 0xB4, 0x80, 0x52, 0x44, 0x10, 0xD6, 0xCC, 0xE8, 0xE0, 0xE0, // 0x37C0
  0xDC, 0xD4, 0xD8, 0xD0, 0x05, 0xD4, 0xDE, 0x58, 0x39, 0x08, 0xCA, 0xD9, 0xD0, 0xCA, 0xE9, 0xE0, // 0x37D0
  0xD8, 0xD4, 0xD0, 0xCA, 0xE0, 0xDC, 0x30, 0x18, 0xDA, 0xD8, 0x06, 0xD0, 0xCC, 0xE0, 0xD8, 0xD4, // 0x37E0
  0xC8, 0xB8, 0x8C, 0x58, 0x28, 0x0C, 0xC8, 0xD8, 0xD4, 0xC8, 0xE0, 0xD8, 0xDC, 0xD4, 0xC8, 0xD8, // 0x37F0
  0x07, 0xD0, 0xCC, 0x40, 0x10, 0xD4, 0xD0, 0xC8, 0xEC, 0xE0, 0xD8, 0xD0, 0xC8, 0xDC, 0xD4, 0xC8, // 0x3800
  0xE8, 0x40, 0x14, 0xD4, 0xC8, 0xD8, 0x08, 0xD0, 0xCC, 0xE0, 0xD8, 0xD4, 0xC8, 0xD8, 0xD4, 0xC8, // 0x3810
  0xE8, 0xE4, 0xD8, 0xD4, 0x30, 0x00, 0x30, 0x00, 0xD4, 0xCC, 0xD8, 0xD0, 0x09, 0xCC, 0xB0, 0x82, // 0x3820
  0x60, 0x34, 0x01, 0xD8, 0xD4, 0xC9, 0xDC, 0xD4, 0xD9, 0xD0, 0xC9, 0xEC, 0xE0, 0xD9, 0xD4, 0xCC, // 0x3830
  0xD8, 0xD0, 0x0A, 0xDA, 0xD4, 0xE0, 0xD8, 0xD2, 0xD9, 0xD4, 0xEA, 0xE1, 0xD8, 0x86, 0x50, 0x28, // 0x3840
  0x1D, 0xD8, 0xD0, 0xEA, 0xE4, 0xD8, 0xD4, 0xC8, 0x0B, 0xD0, 0x50, 0x3C, 0x08, 0xDC, 0xD0, 0xC8, // 0x3850
  0xEC, 0x68, 0x38, 0x0C, 0xC8, 0xD8, 0xD4, 0xC8, 0x58, 0x2A, 0x1C, 0xDC, 0xE2, 0xD8, 0x0C, 0x8A, // 0x3860
  0x58, 0x28, 0x24, 0xE0, 0xDA, 0xD4, 0x78, 0x72, 0x44, 0x10, 0xD2, 0xC8, 0xE8, 0x94, 0x60, 0x4A, // 0x3870
  0x18, 0xD8, 0xD4, 0xC8, 0x0D, 0x7C, 0x60, 0x30, 0x02, 0xE9, 0xE4, 0xB2, 0x81, 0x54, 0x4A, 0x18, // 0x3880
  0xDC, 0xD1, 0xA1, 0x9A, 0x68, 0x3C, 0x08, 0xC9, 0xDA, 0xA8, 0x0E, 0xD4, 0xC8, 0xB0, 0x82, 0x50, // 0x3890
  0x4C, 0x1A, 0xD8, 0xD4, 0xA2, 0x98, 0x6C, 0x38, 0x08, 0xCA, 0xE8, 0xBC, 0x88, 0x58, 0x42, 0x10, // 0x38A0
  0x0F, 0xCA, 0xD8, 0xA8, 0x7C, 0x70, 0x42, 0x14, 0xD0, 0xCA, 0xC4, 0x90, 0x62, 0x30, 0x00, 0xEC, // 0x38B0
  0xE0, 0xB2, 0x80, 0x50, 0x3C, 0x08, 0x01, 0xB2, 0x80, 0x50, 0x4C, 0x18, 0xDA, 0xD4, 0xA0, 0x9A, // 0x38C0
  0x6C, 0x38, 0x0A, 0xC8, 0xE8, 0xBC, 0x88, 0x5A, 0x28, 0x10, 0xD4, 0xC8, 0x11, 0xD4, 0xD0, 0xCD, // 0x38D0
  0x58, 0x28, 0x10, 0xD4, 0xC8, 0xD0, 0xCC, 0x60, 0x30, 0x10, 0xD4, 0xC8, 0xD8, 0xD0, 0xE4, 0xD8, // 0x38E0
  0xD2, 0xC8, 0x02, 0xD4, 0xC8, 0x38, 0x08, 0xC8, 0xEC, 0xE0, 0xDA, 0xD0, 0xC8, 0xD0, 0xCC, 0xD8, // 0x38F0
  0xD0, 0xC8, 0xD0, 0x2C, 0x10, 0xE8, 0xE0, 0xD8, 0x02, 0x30, 0x20, 0x1C, 0xB0, 0xA8, 0x7C, 0x72, // 0x3900
  0x44, 0x10, 0x08, 0xCA, 0xC0, 0x94, 0x3A, 0x30, 0x04, 0x1A, 0x60, 0xAC, 0x78, 0x60, 0x01, 0xD0, // 0x3910
  0xE8, 0xE6, 0xD8, 0xD0, 0xCC, 0xEA, 0xE0, 0xDC, 0xD2, 0x54, 0x1A, 0x04, 0x12, 0xAC, 0xA0, 0x60, // 0x3920
  0xD0, 0xD4, 0xCE, 0xDC, 0x05, 0x15, 0x23, 0x31, 0x3F, 0x48, 0x71, 0x85, 0x84, 0x83, 0x82, 0x81, // 0x3930
  0x80, 0x7F, 0x7E, 0x7D, 0x7C, 0x7B, 0x7A, 0x8E, 0x39, 0x4D, 0x37, 0x60, 0x4A, 0x49, 0x48, 0x47, // 0x3940
  0x46, 0x45, 0x44, 0x43, 0x42, 0x41, 0x40, 0x3F, 0x7D, 0x28, 0x51, 0x26, 0x25, 0x24, 0x23, 0x22, // 0x3950
  0x21, 0x20, 0x1F, 0x1E, 0x1D, 0x1C, 0x1B, 0x6E, 0x19, 0x42, 0x56, 0x55, 0x54, 0x53, 0x52, 0x51, // 0x3960
  0x50, 0x4F, 0x4E, 0x4D, 0x4C, 0x4B, 0x5F, 0x1F, 0x5D, 0x04, 0x03, 0x80, 0x03, 0x10, 0x03, 0x02, // 0x3970
  0x02, 0x00, 0x10, 0x02, 0x80, 0x00, 0x90, 0x42, 0x00, 0x00, 0x02, 0x90, 0x00, 0x80, 0x00, 0x42, // 0x3980
  0x90, 0x00, 0x40, 0x00, 0x92, 0x60, 0x00, 0x10, 0x02, 0x80, 0x00, 0x90, 0x42, 0x00, 0x00, 0x02, // 0x3990
  0x90, 0x00, 0x80, 0x00, 0x42, 0x90, 0x00, 0x00, 0x42, 0x92, 0x80, 0x80, 0x10, 0x82, 0x00, 0x00, // 0x39A0
  0x10, 0x02, 0x80, 0x00, 0x82, 0x12, 0x00, 0x80, 0x00, 0x02, 0x92, 0xC0, 0x00, 0x02, 0x12, 0x02, // 0x39B0
  0x10, 0x00, 0x00, 0x90, 0x02, 0x00, 0x80, 0x02, 0x10, 0x00, 0x82, 0x00, 0x00, 0x90, 0x00, 0x82, // 0x39C0
  0x00, 0x80, 0x10, 0x00, 0x82, 0x00, 0x10, 0x00, 0x00, 0x42, 0x00, 0x90, 0x02, 0x00, 0x00, 0x00, // 0x39D0
  0x50, 0x02, 0x80, 0x10, 0x82, 0x00, 0x00, 0x00, 0x10, 0x82, 0x10, 0x00, 0x01, 0x00, 0x02, 0x00, // 0x39E0
  0x04, 0x00, 0x0F, 0x00, 0x08, 0x00, 0x0F, 0x00, 0x10, 0x00, 0x0F, 0x00, 0x20, 0x00, 0x0F, 0x00, // 0x39F0
  0x40, 0x00, 0x0F, 0x00, 0x80, 0x00, 0x0F, 0xFF, 0x01, 0x00, 0x0F, 0xFF, 0x02, 0x00, 0x0F, 0xFF, // 0x3A00
  0x04, 0x00, 0x0F, 0xFF, 0x08, 0x00, 0x0F, 0xFF, 0x10, 0x00, 0x0F, 0xFF, 0x20, 0x00, 0x0F, 0x00, // 0x3A10
  0x02, 0x01, 0x00, 0xFF, 0x40, 0x04, 0x0F, 0xFF, 0x80, 0x02, 0x02, 0x0E, 0x00, 0x01, 0x00, 0x05, // 0x3A20
  0x00, 0x04, 0x00, 0x0F, 0x00, 0x08, 0x00, 0x0F, 0x00, 0x10, 0x00, 0x0F, 0x00, 0x20, 0x00, 0x0F, // 0x3A30
  0x00, 0x40, 0x00, 0x0F, 0x00, 0x80, 0x00, 0x0F, 0xFF, 0x01, 0x00, 0x0F, 0xFF, 0x02, 0x00, 0x0F, // 0x3A40
  0xFF, 0x04, 0x00, 0x0F, 0xFF, 0x08, 0x00, 0x0F, 0xFF, 0x10, 0x00, 0x0F, 0xFF, 0x20, 0x00, 0x0F, // 0x3A50
  0x00, 0x02, 0x02, 0x01, 0x01, 0x00, 0x02, 0x00, 0x0F, 0x80, 0x00, 0x10, 0x07, 0x01, 0xFF, 0x01, // 0x3A60
  0x07, 0x01, 0x08, 0x02, 0xFF, 0x02, 0x07, 0x33, 0x02, 0x03, 0x04, 0x84, 0x00, 0x04, 0x07, 0x04, // 0x3A70
  0x08, 0x04, 0x09, 0x85, 0x6C, 0x05, 0x04, 0x86, 0x81, 0x87, 0x59, 0x88, 0x61, 0x89, 0x69, 0x8A, // 0x3A80
  0x6D, 0x0A, 0x10, 0x8B, 0x1B, 0xAB, 0x1B, 0x8C, 0xA5, 0x0F, 0xFF, 0x03, 0x13, 0x12, 0x1F, 0x1F, // 0x3A90
  0x23, 0x23, 0x23, 0x23, 0x23, 0x23, 0x23, 0x23, 0x23, 0x23, 0x23, 0x23, 0x23, 0x41, 0x41, 0x41, // 0x3AA0
  0x41, 0x45, 0x47, 0x49, 0x4B, 0x4D, 0x4F, 0x51, 0x53, 0x55, 0x57, 0x59, 0x5B, 0x5D, 0x01, 0x20, // 0x3AB0
  0x21, 0x20, 0x22, 0x03, 0x04, 0x05, 0x06, 0x07, 0x08, 0x09, 0x0A, 0x0B, 0x0C, 0x0D, 0x0E, 0x0F, // 0x3AC0
  0x20, 0x23, 0x20, 0x24, 0x20, 0x25, 0x20, 0x26, 0x20, 0x27, 0x20, 0x28, 0x20, 0x29, 0x20, 0x2A, // 0x3AD0
  0x20, 0x2B, 0x20, 0x2C, 0x20, 0x2D, 0x20, 0x2E, 0x20, 0x2F, 0x20, 0x30, 0x20, 0x31, 0x02, 0x11, // 0x3AE0
  0x10, 0x01, 0x20, 0x21, 0x20, 0x22, 0x03, 0x40, 0x52, 0x04, 0x40, 0x52, 0x05, 0x40, 0x52, 0x06, // 0x3AF0
  0x40, 0x52, 0x07, 0x40, 0x52, 0x08, 0x40, 0x52, 0x09, 0x40, 0x52, 0x0A, 0x40, 0x52, 0x0B, 0x40, // 0x3B00
  0x52, 0x0C, 0x40, 0x52, 0x0D, 0x40, 0x52, 0x0E, 0x40, 0x52, 0x0F, 0x02, 0x0A, 0x01, 0xA7, 0x0D, // 0x3B10
  0x66, 0x0E, 0x01, 0x50, 0x01, 0x00, 0x00, 0x40, 0xBD, 0x00, 0x00, 0x00, 0x00, 0x00, 0x00, 0x00, // 0x3B20
  0x00, 0x00, 0x00, 0x00, 0x00, 0x00, 0x00, 0x00, 0x00, 0x00, 0x00, 0x00, 0x00, 0x00, 0x00, 0x00, // 0x3B30
  0x00, 0x00, 0x00, 0x00, 0x00, 0x00, 0x00, 0x00, 0x00, 0x00, 0x00, 0x00, 0x00, 0x00, 0x00, 0x00, // 0x3B40
  0x00, 0x00, 0x00, 0x00, 0x00, 0x00, 0x00, 0x00, 0x00, 0x00, 0x00, 0x00, 0x00, 0x00, 0x00, 0x00, // 0x3B50
  0x00, 0x00, 0x00, 0x00, 0x00, 0x00, 0x00, 0x00, 0x00, 0x00, 0x00, 0x00, 0x00, 0x00, 0x00, 0x00, // 0x3B60
  0x00, 0x00, 0x00, 0x00, 0x00, 0x00, 0x00, 0x00, 0x00, 0x00, 0x00, 0x00, 0x00, 0x00, 0x00, 0x00, // 0x3B70
  0x00, 0x00, 0x00, 0x00, 0x00, 0x00, 0x00, 0x00, 0x00, 0x00, 0x00, 0x00, 0x00, 0x00, 0x00, 0x00, // 0x3B80
  0x00, 0x00, 0x00, 0x00, 0x00, 0x00, 0x00, 0x00, 0x00, 0x00, 0x00, 0x00, 0x00, 0x00, 0x00, 0x00, // 0x3B90
  0x00, 0x00, 0x00, 0x00, 0x00, 0x00, 0x00, 0x00, 0x00, 0x00, 0x00, 0x00, 0x00, 0x00, 0x00, 0x00, // 0x3BA0
  0x00, 0x00, 0x00, 0x00, 0x00, 0x00, 0x00, 0x00, 0x00, 0x00, 0x00, 0x00, 0x00, 0x00, 0x00, 0x00, // 0x3BB0
  0x00, 0x00, 0x00, 0x00, 0x00, 0x00, 0x00, 0x00, 0x00, 0x00, 0x00, 0x00, 0x00, 0x00, 0x00, 0x00, // 0x3BC0
  0x00, 0x00, 0x00, 0x00, 0x00, 0x00, 0x00, 0x00, 0x00, 0x00, 0x00, 0x00, 0x00, 0x00, 0x00, 0x00, // 0x3BD0
  0x00, 0x00, 0x00, 0x00, 0x00, 0x00, 0x00, 0x00, 0x00, 0x00, 0x00, 0x00, 0x00, 0x00, 0x00, 0x00, // 0x3BE0
  0x00, 0x00, 0x00, 0x00, 0x00, 0x00, 0x00, 0x00, 0x00, 0x00, 0x00, 0x00, 0x00, 0x00, 0x00, 0x00, // 0x3BF0
  0x20, 0xBC, 0xDE, 0xAD, 0xB3, 0xB5, 0xB3, 0x20, 0x20, 0x20, 0x20, 0x20, 0x20, 0x20, 0x20, 0x20, // 0x3C00
  0x20, 0xBB, 0xD0, 0xB0, 0x20, 0xB6, 0xCC, 0xDE, 0xBC, 0xB7, 0xB6, 0xDE, 0xB2, 0xBC, 0xAC, 0x20, // 0x3C10
  0x20, 0xB1, 0xD0, 0xAD, 0xB0, 0xBD, 0xDE, 0xD2, 0xDD, 0xC4, 0xCD, 0xDD, 0xBA, 0xB3, 0xB7, 0x20, // 0x3C20
  0x20, 0xC4, 0xB3, 0xC6, 0xAD, 0xB3, 0xC0, 0xDE, 0xCC, 0xDE, 0xD9, 0xBE, 0xDD, 0xBB, 0xB0, 0x20, // 0x3C30
  0x20, 0xB9, 0xB2, 0xCB, 0xDD, 0xD2, 0xC0, 0xDE, 0xD9, 0xCA, 0xD7, 0xB2, 0xC0, 0xDE, 0xBC, 0x20, // 0x3C40
  0x20, 0xC5, 0xC6, 0xDC, 0xC9, 0xC0, 0xD2, 0xC0, 0xD2, 0xC0, 0xD2, 0xBA, 0xDE, 0xDB, 0xB3, 0x20, // 0x3C50
  0x20, 0xCA, 0xB6, 0xC0, 0xC9, 0xBF, 0xDD, 0xBF, 0xDD, 0xBF, 0xDD, 0xBA, 0xDE, 0xB8, 0xB3, 0x20, // 0x3C60
  0x20, 0x32, 0x30, 0x30, 0x31, 0x2E, 0x30, 0x37, 0x2E, 0x30, 0x34, 0x20, 0x20, 0x20, 0x20, 0x20, // 0x3C70
  0x00, 0x00, 0x00, 0x00, 0x00, 0x00, 0x00, 0x00, 0x00, 0x00, 0x00, 0x00, 0x00, 0x00, 0x00, 0x00, // 0x3C80
  0x00, 0x00, 0x00, 0x00, 0x00, 0x00, 0x00, 0x00, 0x00, 0x00, 0x00, 0x00, 0x00, 0x00, 0x00, 0x00, // 0x3C90
  0x00, 0x00, 0x00, 0x00, 0x00, 0x00, 0x00, 0x00, 0x00, 0x00, 0x00, 0x00, 0x00, 0x00, 0x00, 0x00, // 0x3CA0
  0x00, 0x00, 0x00, 0x00, 0x00, 0x00, 0x00, 0x00, 0x00, 0x00, 0x00, 0x00, 0x00, 0x00, 0x00, 0x00, // 0x3CB0
  0x00, 0x00, 0x00, 0x00, 0x00, 0x00, 0x00, 0x00, 0x00, 0x00, 0x00, 0x00, 0x00, 0x00, 0x00, 0x00, // 0x3CC0
  0x00, 0x00, 0x00, 0x00, 0x00, 0x00, 0x00, 0x00, 0x00, 0x00, 0x00, 0x00, 0x00, 0x00, 0x00, 0x00, // 0x3CD0
  0x00, 0x00, 0x00, 0x00, 0x00, 0x00, 0x00, 0x00, 0x00, 0x00, 0x00, 0x00, 0x00, 0x00, 0x00, 0x00, // 0x3CE0
  0x00, 0x00, 0x00, 0x00, 0x00, 0x00, 0x00, 0x00, 0x00, 0x00, 0x00, 0x00, 0x00, 0x00, 0x00, 0x00, // 0x3CF0
  0x00, 0x00, 0x00, 0x00, 0x00, 0x00, 0x00, 0x00, 0x00, 0x00, 0x00, 0x00, 0x00, 0x00, 0x00, 0x00, // 0x3D00
  0x00, 0x00, 0x00, 0x00, 0x00, 0x00, 0x00, 0x00, 0x00, 0x00, 0x00, 0x00, 0x00, 0x00, 0x00, 0x00, // 0x3D10
  0x00, 0x00, 0x00, 0x00, 0x00, 0x00, 0x00, 0x00, 0x00, 0x00, 0x00, 0x00, 0x00, 0x00, 0x00, 0x00, // 0x3D20
  0x00, 0x00, 0x00, 0x00, 0x00, 0x00, 0x00, 0x00, 0x00, 0x00, 0x00, 0x00, 0x00, 0x00, 0x00, 0x00, // 0x3D30
  0x00, 0x00, 0x00, 0x00, 0x00, 0x00, 0x00, 0x00, 0x00, 0x00, 0x00, 0x00, 0x00, 0x00, 0x00, 0x00, // 0x3D40
  0x00, 0x00, 0x00, 0x00, 0x00, 0x00, 0x00, 0x00, 0x00, 0x00, 0x00, 0x00, 0x00, 0x00, 0x00, 0x00, // 0x3D50
  0x00, 0x00, 0x00, 0x00, 0x00, 0x00, 0x00, 0x00, 0x00, 0x00, 0x00, 0x00, 0x00, 0x00, 0x00, 0x00, // 0x3D60
  0x00, 0x00, 0x00, 0x00, 0x00, 0x00, 0x00, 0x00, 0x00, 0x00, 0x00, 0x00, 0x00, 0x00, 0x00, 0x00, // 0x3D70
  0x00, 0x00, 0x00, 0x00, 0x00, 0x00, 0x00, 0x00, 0x00, 0x00, 0x00, 0x00, 0x00, 0x00, 0x00, 0x00, // 0x3D80
  0x00, 0x00, 0x00, 0x00, 0x00, 0x00, 0x00, 0x00, 0x00, 0x00, 0x00, 0x00, 0x00, 0x00, 0x00, 0x00, // 0x3D90
  0x00, 0x00, 0x00, 0x00, 0x00, 0x00, 0x00, 0x00, 0x00, 0x00, 0x00, 0x00, 0x00, 0x00, 0x00, 0x00, // 0x3DA0
  0x00, 0x00, 0x00, 0x00, 0x00, 0x00, 0x00, 0x00, 0x00, 0x00, 0x00, 0x00, 0x00, 0x00, 0x00, 0x00, // 0x3DB0
  0x00, 0x00, 0x00, 0x00, 0x00, 0x00, 0x00, 0x00, 0x00, 0x00, 0x00, 0x00, 0x00, 0x00, 0x00, 0x00, // 0x3DC0
  0x00, 0x00, 0x00, 0x00, 0x00, 0x00, 0x00, 0x00, 0x00, 0x00, 0x00, 0x00, 0x00, 0x00, 0x00, 0x00, // 0x3DD0
  0x00, 0x00, 0x00, 0x00, 0x00, 0x00, 0x00, 0x00, 0x00, 0x00, 0x00, 0x00, 0x00, 0x00, 0x00, 0x00, // 0x3DE0
  0x00, 0x00, 0x00, 0x00, 0x00, 0x00, 0x00, 0x00, 0x00, 0x00, 0x00, 0x00, 0x00, 0x00, 0x00, 0x00, // 0x3DF0
  0x00, 0x00, 0x00, 0x00, 0x00, 0x00, 0x00, 0x00, 0x00, 0x00, 0x00, 0x00, 0x00, 0x00, 0x00, 0x00, // 0x3E00
  0x00, 0x00, 0x00, 0x00, 0x00, 0x00, 0x00, 0x00, 0x00, 0x00, 0x00, 0x00, 0x00, 0x00, 0x00, 0x00, // 0x3E10
  0x00, 0x00, 0x00, 0x00, 0x00, 0x00, 0x00, 0x00, 0x00, 0x00, 0x00, 0x00, 0x00, 0x00, 0x00, 0x00, // 0x3E20
  0x00, 0x00, 0x00, 0x00, 0x00, 0x00, 0x00, 0x00, 0x00, 0x00, 0x00, 0x00, 0x00, 0x00, 0x00, 0x00, // 0x3E30
  0x00, 0x00, 0x00, 0x00, 0x00, 0x00, 0x00, 0x00, 0x00, 0x00, 0x00, 0x00, 0x00, 0x00, 0x00, 0x00, // 0x3E40
  0x00, 0x00, 0x00, 0x00, 0x00, 0x00, 0x00, 0x00, 0x00, 0x00, 0x00, 0x00, 0x00, 0x00, 0x00, 0x00, // 0x3E50
  0x00, 0x00, 0x00, 0x00, 0x00, 0x00, 0x00, 0x00, 0x00, 0x00, 0x00, 0x00, 0x00, 0x00, 0x00, 0x00, // 0x3E60
  0x00, 0x00, 0x00, 0x00, 0x00, 0x00, 0x00, 0x00, 0x00, 0x00, 0x00, 0x00, 0x00, 0x00, 0x00, 0x00, // 0x3E70
  0x00, 0x00, 0x00, 0x00, 0x00, 0x00, 0x00, 0x00, 0x00, 0x00, 0x00, 0x00, 0x00, 0x00, 0x00, 0x00, // 0x3E80
  0x00, 0x00, 0x00, 0x00, 0x00, 0x00, 0x00, 0x00, 0x00, 0x00, 0x00, 0x00, 0x00, 0x00, 0x00, 0x00, // 0x3E90
  0x00, 0x00, 0x00, 0x00, 0x00, 0x00, 0x00, 0x00, 0x00, 0x00, 0x00, 0x00, 0x00, 0x00, 0x00, 0x00, // 0x3EA0
  0x00, 0x00, 0x00, 0x00, 0x00, 0x00, 0x00, 0x00, 0x00, 0x00, 0x00, 0x00, 0x00, 0x00, 0x00, 0x00, // 0x3EB0
  0x00, 0x00, 0x00, 0x00, 0x00, 0x00, 0x00, 0x00, 0x00, 0x00, 0x00, 0x00, 0x00, 0x00, 0x00, 0x00, // 0x3EC0
  0x00, 0x00, 0x00, 0x00, 0x00, 0x00, 0x00, 0x00, 0x00, 0x00, 0x00, 0x00, 0x00, 0x00, 0x00, 0x00, // 0x3ED0
  0x00, 0x00, 0x00, 0x00, 0x00, 0x00, 0x00, 0x00, 0x00, 0x00, 0x00, 0x00, 0x00, 0x00, 0x00, 0x00, // 0x3EE0
  0x00, 0x00, 0x00, 0x00, 0x00, 0x00, 0x00, 0x00, 0x00, 0x00, 0x00, 0x00, 0x00, 0x00, 0x00, 0x00, // 0x3EF0
  0x4C, 0x45, 0x32, 0x30, 0x38, 0x30, 0x41, 0x2A, 0x00, 0x00, 0x75, 0x0E, 0x00, 0x00, 0x00, 0x00, // 0x3F00
  0xD0, 0x00, 0xA9, 0x06, 0x05, 0x09, 0x55, 0xB4, 0x36, 0x45, 0xA2, 0x6F, 0x97, 0xC0, 0x80, 0xB4, // 0x3F10
  0xA0, 0x86, 0xFF, 0x22, 0xD5, 0x09, 0x55, 0x12, 0x36, 0xA5, 0x54, 0xB8, 0x97, 0xA2, 0x80, 0x04, // 0x3F20
  0x80, 0xD1, 0xFB, 0x54, 0x2D, 0x3F, 0x00, 0xA8, 0xB5, 0x09, 0xD2, 0xA8, 0xA4, 0x94, 0xEE, 0x44, // 0x3F30
  0x99, 0x99, 0x98, 0xD8, 0x33, 0x60, 0xC5, 0x85, 0xD5, 0xF6, 0x08, 0x88, 0x01, 0x61, 0xD1, 0x25, // 0x3F40
  0x55, 0x55, 0x98, 0x85, 0x36, 0x5D, 0x14, 0x66, 0x00, 0x00, 0x01, 0x02, 0x30, 0x40, 0x50, 0x60, // 0x3F50
  0xDD, 0xCC, 0x21, 0x15, 0xFD, 0x7F, 0xDD, 0x7A, 0xDC, 0xC8, 0xCC, 0x02, 0x82, 0xAA, 0x52, 0x92, // 0x3F60
  0x1A, 0x18, 0xFB, 0x5D, 0x19, 0xF3, 0x93, 0x13, 0x66, 0x87, 0xDF, 0x8C, 0x8D, 0x99, 0x51, 0x01, // 0x3F70
  0xAA, 0xFA, 0xAA, 0xAA, 0x85, 0xB5, 0x54, 0x32, 0x00, 0x35, 0x62, 0xA3, 0x50, 0x70, 0x11, 0x38, // 0x3F80
  0x38, 0xF9, 0x5F, 0x56, 0x28, 0xFE, 0x7F, 0x20, 0x12, 0x0D, 0x4A, 0xBC, 0x08, 0x3F, 0x88, 0x21, // 0x3F90
  0xE3, 0x51, 0x7A, 0x68, 0x1A, 0x72, 0x13, 0x44, 0x0F, 0x56, 0x90, 0x80, 0x3A, 0x25, 0x15, 0x66, // 0x3FA0
  0x00, 0x00, 0x00, 0x00, 0x00, 0x00, 0x00, 0x00, 0x00, 0x00, 0x00, 0x00, 0x00, 0x00, 0x00, 0x00, // 0x3FB0
  0x00, 0x00, 0x00, 0x00, 0x00, 0x00, 0x00, 0x00, 0x00, 0x00, 0x00, 0x00, 0x00, 0x00, 0x00, 0x00, // 0x3FC0
  0x00, 0x00, 0x00, 0x00, 0x00, 0x00, 0x00, 0x00, 0x00, 0x00, 0x00, 0x00, 0x00, 0x00, 0x00, 0x00, // 0x3FD0
  0x00, 0x00, 0x00, 0x00, 0x00, 0x00, 0x00, 0x00, 0x00, 0x00, 0x00, 0x00, 0x00, 0x00, 0x00, 0x00, // 0x3FE0
  0x00, 0x01, 0xBB, 0x80, 0x80, 0x1F, 0x54, 0x58, 0x41, 0xEF, 0x5A, 0x60, 0xC5, 0x01, 0x1E, 0x50, // 0x3FF0
  0x31, 0x80, 0x7F, 0xED, 0x5E, 0xC3, 0xF7, 0x02, 0x85, 0x6F, 0xD0, 0x24, 0xC9, 0x00, 0x00, 0x00, // 0x4000
  0x16, 0xFF, 0x14, 0x91, 0x30, 0xFC, 0x81, 0xC9, 0x26, 0x7E, 0xF3, 0x7E, 0x23, 0xB6, 0xFB, 0xC9, // 0x4010
  0xE5, 0x21, 0x30, 0x7E, 0xCB, 0xB6, 0xE1, 0xC9, 0xE5, 0x21, 0x30, 0x7E, 0xCB, 0xF6, 0xE1, 0xC9, // 0x4020
  0x3A, 0x1A, 0x7E, 0xE6, 0x07, 0xCB, 0x3F, 0xC9, 0xE5, 0xD5, 0xC5, 0xF3, 0xCD, 0x90, 0x0D, 0xFB, // 0x4030
  0xC1, 0xD1, 0xE1, 0xC9, 0xC1, 0x1E, 0x5B, 0x21, 0x01, 0x7E, 0x3E, 0x55, 0x77, 0xBE, 0x20, 0x46, // 0x4040
  0x2F, 0x77, 0x96, 0x20, 0x41, 0x77, 0x2C, 0x7D, 0xFE, 0xAE, 0x20, 0xEE, 0xC5, 0xC9, 0x00, 0x00, // 0x4050
  0xB4, 0x00, 0x00, 0x00, 0x00, 0x00, 0xF5, 0x3E, 0x11, 0xD3, 0x80, 0xED, 0x57, 0xF5, 0x08, 0xF5, // 0x4060
  0xC5, 0xD5, 0xE5, 0xD9, 0xC5, 0xD5, 0xE5, 0xED, 0x73, 0x73, 0x7E, 0x21, 0x18, 0x7E, 0x36, 0xFF, // 0x4070
  0xAF, 0x11, 0x72, 0x7E, 0x12, 0x6F, 0x86, 0x23, 0xCB, 0x7C, 0x28, 0xFA, 0xED, 0x44, 0x12, 0x3E, // 0x4080
  0x01, 0x32, 0x00, 0xFD, 0x18, 0xFE, 0xF3, 0xAF, 0x01, 0x00, 0x07, 0xED, 0x79, 0x0C, 0x10, 0xFB, // 0x4090
  0x16, 0x40, 0x21, 0x79, 0x20, 0x0E, 0x02, 0xED, 0x79, 0x0C, 0xED, 0x69, 0x0D, 0xED, 0x61, 0x10, // 0x40A0
  0xFE, 0xEB, 0x18, 0xF3, 0xF5, 0x08, 0xF5, 0xC5, 0xD5, 0xE5, 0xCD, 0xFC, 0x00, 0xCD, 0x28, 0x01, // 0x40B0
  0x0E, 0x03, 0x21, 0x4B, 0x7E, 0x79, 0x87, 0x87, 0x87, 0xCF, 0xCD, 0x47, 0x01, 0x0D, 0x20, 0xF2, // 0x40C0
  0xCD, 0xE9, 0x01, 0xCD, 0x08, 0x02, 0xCD, 0x8D, 0x02, 0x21, 0x7A, 0x10, 0x16, 0x7E, 0x46, 0xAF, // 0x40D0
  0x23, 0x5E, 0xEB, 0xB6, 0xEB, 0x23, 0x10, 0xF9, 0x4E, 0xED, 0x79, 0x23, 0x79, 0xA7, 0x20, 0xEE, // 0x40E0
  0xCD, 0xBF, 0x02, 0xE1, 0xD1, 0xC1, 0xF1, 0x08, 0xF1, 0xFB, 0xED, 0x4D, 0x21, 0x02, 0x7E, 0x01, // 0x40F0
  0x00, 0x7D, 0xCD, 0x1B, 0x01, 0x7A, 0xA3, 0x77, 0x23, 0x06, 0xEF, 0xCD, 0x1B, 0x01, 0x06, 0x0F, // 0x4100
  0xCD, 0x1B, 0x01, 0x3A, 0x05, 0x7E, 0x2E, 0x17, 0xA6, 0x77, 0xC9, 0xED, 0x78, 0xA8, 0x56, 0x77, // 0x4110
  0xAA, 0x5F, 0xA6, 0x23, 0x77, 0x23, 0x0C, 0xC9, 0x21, 0x37, 0x7E, 0x06, 0x06, 0x5E, 0x23, 0x56, // 0x4120
  0x7A, 0xB3, 0x28, 0x05, 0x1B, 0x72, 0x2B, 0x73, 0x23, 0x23, 0x10, 0xF1, 0x06, 0x10, 0x7E, 0xA7, // 0x4130
  0x28, 0x01, 0x35, 0x23, 0x10, 0xF8, 0xC9, 0x54, 0x5D, 0x7E, 0x3D, 0xF8, 0x20, 0x18, 0x23, 0x35, // 0x4140
  0xC0, 0xCD, 0xC4, 0x01, 0x23, 0x23, 0x35, 0x28, 0x09, 0x7E, 0x21, 0x31, 0x10, 0xCF, 0x7E, 0x13, // 0x4150
  0x12, 0xC9, 0x3E, 0x02, 0x12, 0xC9, 0x3D, 0x20, 0x20, 0xCD, 0xC4, 0x01, 0x3A, 0x08, 0x7E, 0x07, // 0x4160
  0x41, 0x07, 0x10, 0xFD, 0x23, 0x23, 0x23, 0x30, 0x08, 0x36, 0xFF, 0x23, 0x36, 0x14, 0x23, 0x70, // 0x4170
  0xC9, 0x23, 0x35, 0xC0, 0x36, 0x13, 0x23, 0x34, 0xC9, 0x3D, 0x20, 0x2F, 0xCD, 0xC4, 0x01, 0x3E, // 0x4180
  0x04, 0xCF, 0x35, 0x20, 0x0E, 0x36, 0x13, 0x23, 0x34, 0x7E, 0xD6, 0x15, 0x38, 0x01, 0x77, 0x2B, // 0x4190
  0x20, 0x01, 0x34, 0x7E, 0xFE, 0x11, 0xD0, 0x23, 0x7E, 0x23, 0xBE, 0xC0, 0x3E, 0x0F, 0xCD, 0xD8, // 0x41A0
  0x01, 0xEB, 0x36, 0x04, 0x23, 0x36, 0xD6, 0x2E, 0x15, 0x71, 0xC9, 0x23, 0x35, 0xC0, 0xAF, 0x12, // 0x41B0
  0xCD, 0xD8, 0x01, 0xC9, 0x62, 0x6B, 0x3E, 0x07, 0xCF, 0x34, 0x7E, 0xE6, 0x07, 0x21, 0x2A, 0x10, // 0x41C0
  0xCF, 0x7E, 0xCD, 0xD8, 0x01, 0x62, 0x6B, 0xC9, 0x21, 0x31, 0x7E, 0x06, 0x00, 0x09, 0x41, 0x05, // 0x41D0
  0x05, 0x20, 0x04, 0x0F, 0x0F, 0x0F, 0x0F, 0x77, 0xC9, 0x21, 0x44, 0x7E, 0x7E, 0xA7, 0xC0, 0x36, // 0x41E0
  0x36, 0x2E, 0x6F, 0x4F, 0x86, 0x28, 0x03, 0x35, 0xCB, 0xF9, 0x23, 0x7E, 0xA7, 0x28, 0x03, 0x35, // 0x41F0
  0xCB, 0xF1, 0x2E, 0x35, 0x7E, 0xA9, 0x77, 0xC9, 0xAF, 0x0E, 0x03, 0xED, 0x79, 0x0D, 0xED, 0x79, // 0x4200
  0x21, 0x0D, 0x7E, 0xCB, 0xC6, 0xCB, 0xCE, 0xED, 0x5B, 0xAC, 0x7E, 0x7A, 0xA7, 0x7B, 0x28, 0x18, // 0x4210
  0x3A, 0x0C, 0x7E, 0xFE, 0x80, 0x30, 0x03, 0x7B, 0x18, 0x0E, 0xCB, 0x86, 0xCB, 0x8E, 0xFE, 0x96, // 0x4220
  0x38, 0x05, 0xCB, 0xCE, 0x7A, 0x18, 0x01, 0xAF, 0x32, 0x0F, 0x7E, 0xC5, 0x21, 0x0C, 0x7E, 0x34, // 0x4230
  0x46, 0x23, 0x5E, 0xF2, 0x4B, 0x02, 0x23, 0x7E, 0x2F, 0xA3, 0x5F, 0x78, 0xE6, 0x07, 0xCD, 0x58, // 0x4240
  0x02, 0xC1, 0xED, 0x51, 0x0C, 0xED, 0x79, 0xC9, 0x87, 0x87, 0x21, 0x5A, 0x10, 0xCF, 0x7E, 0xF5, // 0x4250
  0x23, 0x46, 0x23, 0x16, 0x7E, 0xA3, 0x28, 0x13, 0x5E, 0x1A, 0xCB, 0x78, 0x28, 0x04, 0x0F, 0x0F, // 0x4260
  0x0F, 0x0F, 0xE6, 0x0F, 0xE5, 0x21, 0x4A, 0x10, 0xCF, 0x7E, 0xE1, 0x4F, 0x23, 0x5E, 0x7B, 0xA7, // 0x4270
  0x28, 0x08, 0x1A, 0xCB, 0xB8, 0x0F, 0x10, 0xFD, 0xE6, 0x80, 0xB1, 0xD1, 0xC9, 0xAF, 0xD3, 0x04, // 0x4280
  0x32, 0x75, 0x7E, 0x11, 0x1C, 0x7E, 0x1A, 0xA7, 0xC8, 0x13, 0x1A, 0x21, 0x4B, 0x7E, 0x1F, 0xCF, // 0x4290
  0x7E, 0xA7, 0xC0, 0x1A, 0x2E, 0x1F, 0xCF, 0x7E, 0x32, 0x75, 0x7E, 0xD3, 0x04, 0x36, 0x00, 0x1A, // 0x42A0
  0x3C, 0xE6, 0x0F, 0x12, 0x2E, 0x1C, 0x35, 0x3A, 0x31, 0x7E, 0xCB, 0xFF, 0xD3, 0x01, 0xC9, 0x21, // 0x42B0
  0x09, 0x7E, 0x7E, 0xA7, 0xC0, 0x23, 0x3A, 0x02, 0x7E, 0x47, 0x3A, 0x31, 0x7E, 0xCB, 0x67, 0x20, // 0x42C0
  0x0F, 0x78, 0x0F, 0x7E, 0x30, 0x03, 0x3C, 0x18, 0x01, 0xAF, 0x77, 0xFE, 0x05, 0xD8, 0x18, 0x12, // 0x42D0
  0x23, 0x78, 0x0F, 0x38, 0x07, 0x0F, 0x30, 0x04, 0x7E, 0x3C, 0x18, 0x01, 0xAF, 0x77, 0xFE, 0x04, // 0x42E0
  0xD8, 0x2B, 0x2B, 0x3E, 0xFF, 0x77, 0xC9, 0x3E, 0x00, 0xED, 0x47, 0x21, 0x00, 0x10, 0x11, 0x00, // 0x42F0
  0xFD, 0x01, 0x04, 0x00, 0xED, 0xB0, 0x06, 0x0B, 0x4E, 0x23, 0xED, 0xA3, 0x20, 0xFA, 0x3A, 0x02, // 0x4300
  0xFD, 0xEE, 0x5D, 0xC2, 0x00, 0x00, 0xDB, 0x00, 0xEE, 0x7D, 0xCB, 0x5F, 0x28, 0x31, 0x31, 0x00, // 0x4310
  0x80, 0x21, 0x00, 0x7E, 0x7E, 0x3D, 0xFE, 0x06, 0x38, 0x02, 0x36, 0x01, 0xCD, 0x44, 0x00, 0xCD, // 0x4320
  0xA6, 0x03, 0xFB, 0x3E, 0x01, 0xFF, 0xCD, 0x4E, 0x0E, 0xCD, 0xAF, 0x03, 0xF3, 0xCD, 0x44, 0x00, // 0x4330
  0x3E, 0x05, 0x21, 0x0D, 0x7E, 0x36, 0x63, 0xFB, 0xFF, 0xCD, 0x4E, 0x0E, 0xC3, 0x94, 0x04, 0x3A, // 0x4340
  0x18, 0x7E, 0x3C, 0x20, 0x4C, 0xAF, 0x2A, 0x73, 0x7E, 0x11, 0xBC, 0x7F, 0xED, 0x52, 0x38, 0x41, // 0x4350
  0x21, 0x00, 0x7E, 0x86, 0x23, 0xCB, 0x7C, 0x28, 0xFA, 0xA7, 0x20, 0x35, 0xED, 0x7B, 0x73, 0x7E, // 0x4360
  0x3A, 0x75, 0x7E, 0xD3, 0x04, 0xCD, 0x77, 0x04, 0xCD, 0xA6, 0x03, 0xCD, 0xFC, 0x00, 0xAF, 0x67, // 0x4370
  0x6F, 0x22, 0x03, 0x7E, 0x32, 0x06, 0x7E, 0x32, 0x08, 0x7E, 0x32, 0x18, 0x7E, 0xE1, 0xD1, 0xC1, // 0x4380
  0xD9, 0xE1, 0xD1, 0xC1, 0xF1, 0x08, 0xF1, 0xE2, 0x9E, 0x03, 0xF1, 0xFB, 0xED, 0x45, 0xF1, 0xED, // 0x4390
  0x45, 0x1E, 0x06, 0xC3, 0x96, 0x00, 0x3E, 0xB5, 0xD3, 0x80, 0x3E, 0x2C, 0xD3, 0x80, 0xC9, 0x2A, // 0x43A0
  0xAE, 0x7E, 0x7D, 0xA7, 0x28, 0x0A, 0xFE, 0x51, 0x30, 0x06, 0xE6, 0x0F, 0xFE, 0x0A, 0x38, 0x02, // 0x43B0
  0x2E, 0x40, 0x7C, 0xA7, 0x28, 0x0A, 0xFE, 0x91, 0x30, 0x06, 0xE6, 0x0F, 0xFE, 0x0A, 0x38, 0x02, // 0x43C0
  0x26, 0x35, 0x22, 0xAE, 0x7E, 0x21, 0x00, 0x7E, 0x46, 0x21, 0x0C, 0x7E, 0x7E, 0xBE, 0x28, 0xFD, // 0x43D0
  0x2E, 0x10, 0x70, 0x2E, 0x13, 0x70, 0x2E, 0xAC, 0x3A, 0xAE, 0x7E, 0x77, 0x3A, 0xAF, 0x7E, 0x0F, // 0x43E0
  0x0F, 0x0F, 0x0F, 0xF5, 0xE6, 0x0F, 0x32, 0x12, 0x7E, 0xF1, 0xE6, 0xF0, 0x32, 0x11, 0x7E, 0x2E, // 0x43F0
  0x0D, 0x36, 0xDF, 0x2E, 0x06, 0xCB, 0x66, 0xC2, 0x57, 0x04, 0x2B, 0x3A, 0x0C, 0x7E, 0xE6, 0x7F, // 0x4400
  0x20, 0xC7, 0xCB, 0x7E, 0x28, 0x0F, 0xCB, 0xBE, 0x04, 0x3E, 0x06, 0xB8, 0x30, 0x02, 0x06, 0x01, // 0x4410
  0x3E, 0x03, 0xFF, 0x18, 0xB4, 0xCB, 0x76, 0x28, 0x15, 0xF3, 0xCB, 0xB6, 0x3A, 0xAF, 0x7E, 0xC6, // 0x4420
  0x01, 0x27, 0xFE, 0x91, 0x38, 0x02, 0x3E, 0x10, 0x32, 0xAF, 0x7E, 0xFB, 0x18, 0x9B, 0xCB, 0x6E, // 0x4430
  0x28, 0x97, 0xF3, 0xCB, 0xAE, 0x3A, 0xAE, 0x7E, 0xC6, 0x01, 0x27, 0xFE, 0x51, 0x38, 0x02, 0x3E, // 0x4440
  0x01, 0x32, 0xAE, 0x7E, 0xFB, 0x18, 0x82, 0x3E, 0x04, 0xFF, 0xAF, 0x32, 0x10, 0x7E, 0x32, 0x13, // 0x4450
  0x7E, 0x32, 0x0F, 0x7E, 0x32, 0x12, 0x7E, 0x32, 0x11, 0x7E, 0x2E, 0x00, 0x70, 0x2E, 0x0D, 0x77, // 0x4460
  0x3A, 0x1C, 0x7E, 0xA7, 0x20, 0xFA, 0xC9, 0x3A, 0x00, 0x7E, 0x3D, 0xFE, 0x06, 0xD8, 0x3E, 0x01, // 0x4470
  0x32, 0x00, 0x7E, 0xC9, 0x5E, 0x23, 0x56, 0x23, 0x4E, 0x23, 0x46, 0xAF, 0x12, 0x13, 0x0B, 0x78, // 0x4480
  0xB1, 0x20, 0xF8, 0xC9, 0xFB, 0xCD, 0xF3, 0x04, 0xCD, 0x14, 0x05, 0xCD, 0x57, 0x09, 0xCD, 0x63, // 0x4490
  0x05, 0xCD, 0x87, 0x05, 0xF7, 0xCC, 0xA3, 0x05, 0xF7, 0xD4, 0xBE, 0x05, 0xCD, 0xAE, 0x06, 0x3A, // 0x44A0
  0x6C, 0x7E, 0xA7, 0xC4, 0xD1, 0x06, 0x30, 0xEC, 0xCD, 0xF8, 0x06, 0xCD, 0x82, 0x0A, 0xCD, 0xDE, // 0x44B0
  0x0D, 0xCD, 0x1A, 0x07, 0x3E, 0xE0, 0xCD, 0x32, 0x07, 0xCD, 0x5C, 0x07, 0x30, 0xF8, 0xCD, 0x79, // 0x44C0
  0x07, 0x30, 0xF6, 0xCD, 0x87, 0x07, 0xDC, 0x1A, 0x0B, 0xCD, 0x84, 0x0D, 0xCD, 0xE1, 0x07, 0x20, // 0x44D0
  0xE8, 0xCD, 0xF0, 0x07, 0xCD, 0x2F, 0x0E, 0xCD, 0xAE, 0x06, 0xCD, 0x55, 0x08, 0xCD, 0xE1, 0x08, // 0x44E0
  0xC3, 0x94, 0x04, 0x3A, 0x6C, 0x7E, 0xF5, 0x21, 0x49, 0x11, 0x01, 0x0C, 0x09, 0x16, 0x7E, 0x5E, // 0x44F0
  0x23, 0x7E, 0x12, 0x23, 0x10, 0xF9, 0x1E, 0x93, 0xED, 0xB0, 0x3A, 0x02, 0x7E, 0xE6, 0x40, 0x32, // 0x4500
  0x71, 0x7E, 0xC1, 0xC9, 0x21, 0x1B, 0x7E, 0x7E, 0x36, 0x00, 0x2E, 0x1A, 0xCB, 0xAE, 0x0F, 0x30, // 0x4510
  0x0D, 0xCB, 0xC6, 0x2E, 0x6E, 0x70, 0x21, 0x18, 0x01, 0x22, 0x3B, 0x7E, 0x18, 0x2B, 0x0F, 0x30, // 0x4520
  0x0B, 0xCB, 0x9E, 0xCB, 0xCE, 0x21, 0x0C, 0x08, 0x22, 0xA1, 0x7E, 0xC9, 0x0F, 0x30, 0x09, 0x36, // 0x4530
  0x04, 0x21, 0x30, 0x03, 0x22, 0xA3, 0x7E, 0xC9, 0x3A, 0x7A, 0x7E, 0xFE, 0x0F, 0x20, 0x03, 0xCB, // 0x4540
  0xDE, 0xC9, 0xFE, 0x10, 0x20, 0x03, 0xCB, 0xE6, 0xC9, 0x21, 0x1A, 0x7E, 0x7E, 0xE6, 0x1E, 0xC0, // 0x4550
  0xCB, 0xEE, 0xC9, 0xF7, 0xC8, 0x57, 0x21, 0x7F, 0x04, 0xED, 0x4B, 0xA3, 0x7E, 0xFE, 0x02, 0x28, // 0x4560
  0x0E, 0x26, 0x00, 0x3A, 0xA2, 0x7E, 0xF6, 0xF0, 0x4F, 0xCB, 0x4A, 0x20, 0x02, 0x06, 0x01, 0xED, // 0x4570
  0x43, 0x11, 0x7E, 0x22, 0x0D, 0x7E, 0xC9, 0xF7, 0x38, 0x03, 0xC3, 0xA2, 0x06, 0x2E, 0x3B, 0xDF, // 0x4580
  0x20, 0xFB, 0x21, 0x30, 0x7E, 0xCB, 0xFE, 0xCD, 0x9F, 0x09, 0xC8, 0x21, 0x38, 0x00, 0x22, 0x3B, // 0x4590
  0x7E, 0x18, 0xEA, 0x3A, 0x6C, 0x7E, 0xA7, 0xC0, 0x21, 0x19, 0x7E, 0xCB, 0x76, 0xC0, 0xEB, 0x2E, // 0x45A0
  0x3F, 0xDF, 0xC0, 0xEB, 0xCB, 0xF6, 0xAF, 0x32, 0x14, 0x7E, 0x3E, 0x0C, 0xFF, 0xC9, 0x21, 0x30, // 0x45B0
  0x7E, 0xCB, 0x76, 0x2E, 0x19, 0x28, 0x0F, 0x11, 0x07, 0x7E, 0x1A, 0x06, 0x06, 0xA0, 0x28, 0x06, // 0x45C0
  0xCB, 0xBE, 0xCD, 0xF9, 0x05, 0xC9, 0xED, 0x5B, 0x05, 0x7E, 0x7A, 0x2F, 0xF6, 0xF0, 0xA3, 0xC0, // 0x45D0
  0x47, 0x7A, 0xE6, 0x0F, 0xC8, 0xCB, 0xBE, 0xE6, 0x07, 0xC8, 0x04, 0x0F, 0x30, 0xFC, 0xF7, 0xE6, // 0x45E0
  0x01, 0x28, 0x02, 0x06, 0x01, 0xCD, 0x6E, 0x06, 0xC9, 0xFE, 0x04, 0xC2, 0x4B, 0x06, 0xE5, 0xD5, // 0x45F0
  0x2A, 0xAC, 0x7E, 0x11, 0x00, 0x09, 0xAF, 0xED, 0x52, 0xD1, 0xE1, 0xD4, 0x20, 0x00, 0x21, 0x49, // 0x4600
  0x7E, 0x36, 0x52, 0x1A, 0xA0, 0x28, 0x3A, 0xB8, 0x28, 0x09, 0xD6, 0x04, 0x20, 0x2D, 0x86, 0x28, // 0x4610
  0x26, 0x18, 0xF0, 0x23, 0x36, 0x52, 0x1A, 0xA0, 0xFE, 0x02, 0x28, 0x10, 0xB8, 0x20, 0x1C, 0x7E, // 0x4620
  0xFE, 0x1B, 0x38, 0x13, 0x3A, 0x49, 0x7E, 0xA7, 0x28, 0x0D, 0x18, 0xEA, 0x1A, 0xA0, 0x28, 0x13, // 0x4630
  0xD6, 0x02, 0x20, 0x07, 0x86, 0x20, 0xF5, 0x06, 0x01, 0x18, 0x02, 0x06, 0x02, 0xE7, 0xCD, 0x3D, // 0x4640
  0x0A, 0xEF, 0xC9, 0x3A, 0xAE, 0x7E, 0xCD, 0x7C, 0x09, 0x3E, 0x0D, 0xFF, 0x21, 0x36, 0x7E, 0xCB, // 0x4650
  0xE6, 0xE5, 0x2E, 0x0C, 0x7E, 0xC6, 0x32, 0xBE, 0x20, 0xFD, 0xE1, 0xCB, 0xA6, 0xC9, 0x78, 0x21, // 0x4660
  0x6C, 0x7E, 0x96, 0xC8, 0x30, 0x10, 0xEB, 0x21, 0x19, 0x7E, 0xCB, 0x4E, 0xC0, 0xCB, 0x86, 0x1A, // 0x4670
  0xCD, 0x7C, 0x09, 0xAF, 0x12, 0x78, 0x47, 0xE5, 0x2A, 0xAC, 0x7E, 0x7D, 0xB4, 0xE1, 0x28, 0x12, // 0x4680
  0xE7, 0x21, 0x43, 0x7E, 0x7E, 0xA7, 0x20, 0xFC, 0x36, 0x38, 0xCD, 0x9F, 0x09, 0xCD, 0x8A, 0x09, // 0x4690
  0x10, 0xE5, 0x2A, 0xAC, 0x7E, 0x11, 0x00, 0x09, 0xAF, 0xED, 0x52, 0xD0, 0xEF, 0xC9, 0x3A, 0x09, // 0x46A0
  0x7E, 0xA7, 0xC8, 0x21, 0x30, 0x7E, 0xCB, 0x76, 0xF5, 0xE7, 0x2E, 0x19, 0xCB, 0xBE, 0x06, 0x05, // 0x46B0
  0xCD, 0x3D, 0x0A, 0x21, 0x00, 0x00, 0x22, 0x0A, 0x7E, 0x7D, 0x32, 0x09, 0x7E, 0xF1, 0xC8, 0xEF, // 0x46C0
  0xC9, 0x21, 0x19, 0x7E, 0xED, 0x5B, 0x05, 0x7E, 0x7A, 0x2F, 0xF6, 0xEF, 0xA3, 0x20, 0x14, 0xCB, // 0x46D0
  0xFE, 0xCB, 0x62, 0xC8, 0xE7, 0x01, 0x02, 0x04, 0x21, 0x76, 0x7E, 0xF3, 0x0C, 0xED, 0xA2, 0x20, // 0x46E0
  0xFB, 0xFB, 0x37, 0x2E, 0x19, 0xCB, 0xBE, 0xC9, 0xCD, 0x77, 0x04, 0x11, 0x66, 0x01, 0xF7, 0xE6, // 0x46F0
  0x01, 0x20, 0x02, 0x16, 0x03, 0x3A, 0x6C, 0x7E, 0x3D, 0xBA, 0xD2, 0x96, 0x00, 0x21, 0x6F, 0x7E, // 0x4700
  0x3C, 0x87, 0xF3, 0x86, 0x77, 0xFB, 0x3E, 0x0E, 0xFF, 0xC9, 0x3E, 0x0F, 0xFF, 0x06, 0x03, 0x21, // 0x4710
  0x5A, 0x7E, 0x35, 0x35, 0xCB, 0x86, 0x3E, 0x08, 0xCF, 0x10, 0xF7, 0x21, 0x75, 0x53, 0x22, 0x37, // 0x4720
  0x7E, 0xC9, 0x21, 0x2F, 0x7E, 0x36, 0x38, 0x2E, 0x63, 0x11, 0x08, 0x00, 0x01, 0x01, 0x03, 0xF3, // 0x4730
  0x07, 0x30, 0x12, 0xE5, 0x71, 0x23, 0x71, 0x23, 0x36, 0x13, 0x23, 0x72, 0x23, 0x36, 0x14, 0x23, // 0x4740
  0x72, 0x23, 0x36, 0xFF, 0xE1, 0xA7, 0xED, 0x52, 0x10, 0xE6, 0xFB, 0xC9, 0x21, 0x53, 0x7E, 0x01, // 0x4750
  0x20, 0x03, 0x56, 0x3E, 0x05, 0xCF, 0x15, 0x15, 0x20, 0x07, 0x7E, 0xFE, 0x17, 0x38, 0x02, 0x79, // 0x4760
  0xC9, 0xCB, 0x21, 0x23, 0x23, 0x23, 0x10, 0xEA, 0xC9, 0x21, 0x56, 0x7E, 0x11, 0x08, 0x00, 0x7E, // 0x4770
  0x19, 0xA6, 0x19, 0xA6, 0xC8, 0x37, 0xC9, 0x3A, 0x45, 0x7E, 0xA7, 0xC0, 0x2E, 0x37, 0xDF, 0x21, // 0x4780
  0x16, 0x7E, 0x56, 0x28, 0x0D, 0xED, 0x5B, 0x05, 0x7E, 0x7A, 0xA6, 0x57, 0x2F, 0xA3, 0x3E, 0x38, // 0x4790
  0x20, 0x19, 0x01, 0x20, 0x03, 0x79, 0xA2, 0x20, 0x16, 0xCB, 0x21, 0x10, 0xF8, 0x7E, 0x0F, 0x0F, // 0x47A0
  0x2F, 0xE6, 0x38, 0x47, 0x7E, 0x07, 0x07, 0x07, 0xE6, 0x07, 0xB0, 0x32, 0x2F, 0x7E, 0xC9, 0x79, // 0x47B0
  0xAE, 0x77, 0x23, 0x7E, 0xB1, 0x77, 0x2E, 0x80, 0x34, 0x23, 0x3E, 0x04, 0x90, 0x77, 0xAF, 0xCD, // 0x47C0
  0x70, 0x09, 0x36, 0x03, 0x2E, 0x2F, 0x36, 0x38, 0x2E, 0x45, 0x36, 0x6C, 0x3E, 0x10, 0xFF, 0x37, // 0x47D0
  0xC9, 0x21, 0x53, 0x7E, 0x11, 0x08, 0x00, 0x7E, 0x19, 0xB6, 0x19, 0xB6, 0x2E, 0x17, 0xB6, 0xC9, // 0x47E0
  0x21, 0xEA, 0x19, 0xF7, 0x28, 0x0A, 0x21, 0x2B, 0x1A, 0xE6, 0x01, 0x28, 0x03, 0x21, 0x64, 0x1A, // 0x47F0
  0x3A, 0x6B, 0x7E, 0x47, 0xE5, 0xCD, 0x1A, 0x08, 0xE1, 0x10, 0xF9, 0x3A, 0x1B, 0x7E, 0xCB, 0x57, // 0x4800
  0xC8, 0xF3, 0x21, 0x22, 0x10, 0xCD, 0x84, 0x04, 0xFB, 0xC9, 0x4E, 0x23, 0x7E, 0xE6, 0x05, 0x80, // 0x4810
  0xC6, 0x94, 0x16, 0x7E, 0x5F, 0x23, 0x1A, 0xA6, 0x28, 0x24, 0x4F, 0x2B, 0x7E, 0x23, 0xE6, 0x02, // 0x4820
  0xC6, 0x7D, 0x5F, 0x1A, 0xA1, 0x1E, 0x6D, 0xC2, 0x96, 0x00, 0x23, 0x1E, 0x1B, 0x1A, 0xB6, 0x12, // 0x4830
  0x23, 0x7E, 0x21, 0x6D, 0x7E, 0x86, 0xFE, 0x0F, 0x38, 0x02, 0x3E, 0x0F, 0x77, 0xC9, 0x3E, 0x03, // 0x4840
  0xCF, 0x0D, 0x20, 0xC8, 0xC9, 0x2A, 0x6C, 0x7E, 0x3A, 0x1B, 0x7E, 0x0F, 0xF5, 0x38, 0x01, 0x6C, // 0x4850
  0x11, 0x70, 0x7E, 0xF3, 0x1A, 0x85, 0x85, 0x12, 0xFB, 0xF1, 0xD8, 0x7C, 0xA7, 0xC8, 0x3E, 0x14, // 0x4860
  0xFF, 0x21, 0x46, 0x7E, 0x36, 0x36, 0x7E, 0xA7, 0x20, 0xFC, 0x3C, 0xCD, 0x7C, 0x09, 0x21, 0x10, // 0x4870
  0x7E, 0x7E, 0xC6, 0x01, 0x27, 0x77, 0x2E, 0x6D, 0x35, 0x20, 0xE6, 0x3E, 0x15, 0xFF, 0x3A, 0xAF, // 0x4880
  0x7E, 0x2A, 0xAC, 0x7E, 0x07, 0x07, 0x07, 0x07, 0x57, 0xE6, 0xF0, 0x5F, 0x7A, 0xE6, 0x0F, 0x57, // 0x4890
  0xAF, 0xED, 0x52, 0xD8, 0x2A, 0xAC, 0x7E, 0x7D, 0x93, 0x27, 0x6F, 0x30, 0x01, 0x25, 0x7C, 0x92, // 0x48A0
  0x27, 0x67, 0xEB, 0x21, 0x07, 0x00, 0xAF, 0xED, 0x52, 0x38, 0x03, 0x11, 0x07, 0x00, 0xED, 0x53, // 0x48B0
  0xAC, 0x7E, 0x21, 0x10, 0x7E, 0xAF, 0x77, 0x3E, 0x01, 0xCD, 0xD5, 0x09, 0x21, 0x10, 0x7E, 0x34, // 0x48C0
  0x2E, 0x36, 0xCB, 0xEE, 0xE5, 0x2E, 0x0C, 0x7E, 0xC6, 0x32, 0xBE, 0x20, 0xFD, 0xE1, 0xCB, 0xAE, // 0x48D0
  0xC9, 0xF7, 0x21, 0x1A, 0x7E, 0x30, 0x07, 0xCB, 0x86, 0x2E, 0x30, 0xCB, 0xBE, 0xC9, 0x0F, 0x30, // 0x48E0
  0x2E, 0x2E, 0xA2, 0x3A, 0x93, 0x7E, 0xE6, 0x02, 0x28, 0x03, 0x35, 0x28, 0x03, 0x2B, 0x35, 0xC0, // 0x48F0
  0x2E, 0x1A, 0xCB, 0x8E, 0x3E, 0x09, 0xFF, 0xCB, 0x56, 0x20, 0x09, 0x2E, 0x0D, 0x36, 0x63, 0x2E, // 0x4900
  0xA5, 0x36, 0x00, 0xC9, 0x2E, 0xA4, 0x35, 0x28, 0x16, 0x2B, 0x7E, 0xA7, 0x28, 0x11, 0xC9, 0x0F, // 0x4910
  0xD0, 0x2E, 0xA3, 0x7E, 0xD6, 0x01, 0x27, 0x77, 0x2E, 0x1B, 0xCB, 0x4E, 0xC0, 0xA7, 0xC0, 0xAF, // 0x4920
  0x32, 0x10, 0x7E, 0x32, 0x14, 0x7E, 0x21, 0x0D, 0x7E, 0xE5, 0x36, 0x63, 0x23, 0x77, 0x3E, 0x08, // 0x4930
  0xFF, 0xCD, 0x4E, 0x0E, 0xAF, 0x32, 0x1A, 0x7E, 0xE1, 0x31, 0x00, 0x80, 0xF3, 0x21, 0x26, 0x10, // 0x4940
  0xCD, 0x84, 0x04, 0xFB, 0xC3, 0x94, 0x04, 0x3A, 0x1A, 0x7E, 0x47, 0xE6, 0x18, 0x28, 0x0D, 0x3A, // 0x4950
  0x31, 0x7E, 0xCB, 0x47, 0x20, 0x06, 0x3E, 0x01, 0xA0, 0xF6, 0x20, 0x47, 0x3E, 0x19, 0xFF, 0xC9, // 0x4960
  0x21, 0x4B, 0x7E, 0xCF, 0x3A, 0x81, 0x7E, 0x87, 0x87, 0x87, 0xCF, 0xC9, 0xE5, 0x2A, 0xAC, 0x7E, // 0x4970
  0x85, 0x27, 0x6F, 0x3E, 0x00, 0x8C, 0x27, 0x67, 0x18, 0x10, 0xE5, 0x2A, 0xAC, 0x7E, 0x7D, 0xD6, // 0x4980
  0x01, 0x27, 0x6F, 0x30, 0x05, 0x7C, 0xD6, 0x01, 0x27, 0x67, 0x22, 0xAC, 0x7E, 0xE1, 0xC9, 0xF7, // 0x4990
  0xCC, 0x61, 0x0E, 0xAF, 0x32, 0x10, 0x7E, 0x3E, 0x0D, 0xFF, 0x21, 0x6C, 0x7E, 0x34, 0x7E, 0x4F, // 0x49A0
  0x21, 0x42, 0x10, 0x87, 0xCF, 0x7E, 0x32, 0x6B, 0x7E, 0x23, 0x7E, 0x32, 0x14, 0x7E, 0x21, 0x6E, // 0x49B0
  0x7E, 0x56, 0xF7, 0x38, 0x08, 0x16, 0x03, 0xE6, 0x01, 0x28, 0x02, 0x16, 0x01, 0x79, 0xBA, 0xC0, // 0x49C0
  0x2E, 0x19, 0xCB, 0xC6, 0xC9, 0xF5, 0x01, 0x00, 0x07, 0x21, 0x31, 0x7E, 0xCB, 0xE6, 0x21, 0x0B, // 0x49D0
  0x01, 0x22, 0x39, 0x7E, 0x3A, 0x31, 0x7E, 0xCB, 0x67, 0x28, 0x27, 0x21, 0x02, 0x7E, 0x11, 0x47, // 0x49E0
  0x7E, 0xCB, 0x41, 0x20, 0x08, 0xCB, 0x4E, 0x28, 0x19, 0x0C, 0x3E, 0x1B, 0x12, 0xCB, 0x4E, 0x28, // 0x49F0
  0x2D, 0xCB, 0x79, 0x20, 0x0D, 0x1A, 0xA7, 0x20, 0xF4, 0x01, 0x81, 0x04, 0x2E, 0x31, 0xCB, 0xA6, // 0x4A00
  0x18, 0xCC, 0x2E, 0x39, 0xDF, 0x20, 0xCD, 0x21, 0x31, 0x7E, 0xF3, 0x7E, 0xEE, 0x10, 0x77, 0xFB, // 0x4A10
  0x10, 0xBC, 0x06, 0x03, 0xCB, 0x79, 0x28, 0x01, 0x04, 0xCD, 0x3D, 0x0A, 0x18, 0xA8, 0xCB, 0x81, // 0x4A20
  0x1A, 0xFE, 0x17, 0x30, 0xAF, 0xF1, 0x3D, 0xC0, 0x2E, 0x31, 0xCB, 0xA6, 0xC9, 0x78, 0x21, 0x89, // 0x4A30
  0x10, 0xCF, 0x7E, 0x4F, 0xE6, 0x1F, 0xCF, 0x11, 0x10, 0x7E, 0x1A, 0xF5, 0x7E, 0x12, 0x23, 0x3E, // 0x4A40
  0x06, 0xFF, 0xCB, 0x79, 0x28, 0x06, 0x5E, 0x23, 0x1A, 0xA6, 0x20, 0xFC, 0xCB, 0x71, 0x20, 0x1A, // 0x4A50
  0x21, 0x06, 0x7E, 0xCB, 0x5E, 0x20, 0x0B, 0xCB, 0x69, 0x20, 0xF5, 0x21, 0x03, 0x7E, 0xCB, 0x7E, // 0x4A60
  0x28, 0xEE, 0x2E, 0x03, 0xCB, 0xBE, 0x2E, 0x06, 0xCB, 0x9E, 0xF1, 0x1E, 0x10, 0x12, 0x3E, 0x07, // 0x4A70
  0xFF, 0xC9, 0x11, 0x66, 0x11, 0x06, 0x01, 0xF7, 0xE6, 0x01, 0x20, 0x16, 0x11, 0x88, 0x11, 0x06, // 0x4A80
  0x0E, 0xF7, 0x20, 0x0E, 0x11, 0x68, 0x11, 0x06, 0x0E, 0x3A, 0x1A, 0x7E, 0xE6, 0x18, 0x20, 0x02, // 0x4A90
  0x06, 0x10, 0x2A, 0x76, 0x7E, 0xCD, 0xC6, 0x0A, 0x79, 0xFE, 0x0F, 0x28, 0x09, 0xA7, 0x20, 0x0E, // 0x4AA0
  0x3A, 0x00, 0x7E, 0x0F, 0x30, 0x08, 0x3A, 0x76, 0x7E, 0x0F, 0x30, 0x02, 0x0E, 0x01, 0x79, 0x32, // 0x4AB0
  0x7A, 0x7E, 0xCD, 0xF6, 0x0A, 0xC9, 0x0E, 0x00, 0xC5, 0xE5, 0xEB, 0x23, 0x5E, 0x23, 0x56, 0xCB, // 0x4AC0
  0xBA, 0x01, 0x00, 0x00, 0xCB, 0x7E, 0x28, 0x09, 0x3A, 0x00, 0x7E, 0x3D, 0x4F, 0x87, 0x81, 0x87, // 0x4AD0
  0x4F, 0x3A, 0x6C, 0x7E, 0x3D, 0x87, 0x81, 0x4F, 0xEB, 0x09, 0x4E, 0x23, 0x46, 0xE1, 0x09, 0xC1, // 0x4AE0
  0x0C, 0xD8, 0x10, 0xD4, 0x48, 0xC9, 0x3A, 0x1A, 0x7E, 0x0F, 0x06, 0x04, 0x0F, 0x38, 0x02, 0x10, // 0x4AF0
  0xFB, 0x78, 0x32, 0x7B, 0x7E, 0x21, 0x13, 0x12, 0xCF, 0x7E, 0xCF, 0x3A, 0x7A, 0x7E, 0x87, 0x87, // 0x4B00
  0xCF, 0x01, 0x04, 0x00, 0x11, 0x7C, 0x7E, 0xED, 0xB0, 0xC9, 0x3E, 0x05, 0xCD, 0x70, 0x09, 0x7E, // 0x4B10
  0xFE, 0x15, 0x38, 0x02, 0xD6, 0x15, 0x2E, 0x81, 0x46, 0x23, 0x77, 0x23, 0x36, 0x00, 0x23, 0x36, // 0x4B20
  0xF8, 0x21, 0x8C, 0x10, 0xCF, 0xAF, 0x11, 0x1B, 0x00, 0xC6, 0x05, 0x19, 0x10, 0xFB, 0xD9, 0x21, // 0x4B30
  0x93, 0x10, 0xCF, 0xEB, 0xD9, 0x3E, 0x02, 0x11, 0x85, 0x7E, 0x0E, 0x07, 0xED, 0xB0, 0x0E, 0x4A, // 0x4B40
  0x09, 0x3D, 0x20, 0xF6, 0xCD, 0x70, 0x0C, 0xCD, 0x0B, 0x0D, 0xCD, 0x3B, 0x0D, 0xCD, 0x1A, 0x0D, // 0x4B50
  0xCD, 0x6D, 0x0D, 0xCD, 0x67, 0x0B, 0xC9, 0x78, 0x21, 0x84, 0x7E, 0xCF, 0xEB, 0x21, 0x95, 0x7E, // 0x4B60
  0x01, 0x00, 0x00, 0x3A, 0x6B, 0x7E, 0xF5, 0xE5, 0xD9, 0x1A, 0x13, 0xD9, 0x83, 0x5F, 0x1A, 0xA6, // 0x4B70
  0x77, 0xB0, 0x47, 0xD5, 0x3E, 0x07, 0x83, 0x5F, 0x3E, 0x05, 0xCF, 0x1A, 0xA6, 0x77, 0xB1, 0x4F, // 0x4B80
  0xD1, 0xE1, 0x23, 0xF1, 0x3D, 0x20, 0xDF, 0x2E, 0x93, 0x70, 0x23, 0x71, 0xC9, 0x0E, 0x00, 0x2A, // 0x4B90
  0x9F, 0x7E, 0x7C, 0xB5, 0x20, 0x5E, 0x3A, 0x16, 0x7E, 0xE6, 0xE0, 0xFE, 0xC0, 0xC2, 0xF3, 0x0B, // 0x4BA0
  0x21, 0x4A, 0x13, 0x3A, 0x6C, 0x7E, 0xFE, 0x02, 0x20, 0x03, 0x21, 0xCF, 0x13, 0x3A, 0x7B, 0x7E, // 0x4BB0
  0xCF, 0x7E, 0xCF, 0x3A, 0x7A, 0x7E, 0x87, 0xCF, 0x5E, 0x23, 0x56, 0xEB, 0x5E, 0x23, 0x56, 0x06, // 0x4BC0
  0x00, 0xED, 0x5F, 0xF6, 0x80, 0x23, 0x04, 0x86, 0x30, 0xFB, 0x62, 0x6B, 0x3E, 0x16, 0xCF, 0x10, // 0x4BD0
  0xFB, 0x46, 0x23, 0xE5, 0x3A, 0x82, 0x7E, 0xCF, 0x7E, 0xE1, 0xFE, 0xC8, 0x30, 0xEC, 0x22, 0x9F, // 0x4BE0
  0x7E, 0x18, 0x11, 0x21, 0x34, 0x19, 0x3A, 0x7B, 0x7E, 0xCF, 0x7E, 0xCF, 0x3A, 0x7A, 0x7E, 0xCF, // 0x4BF0
  0x7E, 0xCF, 0x0E, 0x03, 0x3A, 0x81, 0x7E, 0x81, 0xC9, 0xFE, 0x03, 0x30, 0x21, 0x4F, 0x3A, 0x82, // 0x4C00
  0x7E, 0xCF, 0x7E, 0x16, 0x28, 0x0D, 0x28, 0x06, 0x92, 0x30, 0xFD, 0x82, 0x16, 0x08, 0x01, 0x00, // 0x4C10
  0x05, 0x92, 0xCB, 0x19, 0x10, 0xFB, 0x3A, 0x84, 0x7E, 0xA1, 0x20, 0x3C, 0x18, 0x30, 0xE5, 0x87, // 0x4C20
  0x21, 0x73, 0x19, 0xCF, 0x5E, 0x23, 0x56, 0xE1, 0x01, 0x04, 0x00, 0x78, 0xFE, 0x05, 0x28, 0x19, // 0x4C30
  0x3A, 0x82, 0x7E, 0x80, 0xFE, 0x15, 0x38, 0x02, 0xD6, 0x15, 0x04, 0xCB, 0x21, 0xE5, 0xCF, 0x7E, // 0x4C40
  0xE1, 0xA3, 0x28, 0xE7, 0x3A, 0x84, 0x7E, 0xA1, 0xC0, 0xCB, 0x3B, 0x15, 0x20, 0xDA, 0x3A, 0x84, // 0x4C50
  0x7E, 0x06, 0x06, 0x05, 0x07, 0x30, 0xFC, 0xC9, 0x0F, 0x0F, 0x0F, 0x04, 0x0F, 0x30, 0xFC, 0xC9, // 0x4C60
  0x3A, 0x81, 0x7E, 0x3D, 0xC0, 0x21, 0xDC, 0x12, 0x06, 0x01, 0xCD, 0x7E, 0x0C, 0xC9, 0xE5, 0xC5, // 0x4C70
  0x16, 0x7E, 0x5E, 0x23, 0x1A, 0x4F, 0xCD, 0x91, 0x0C, 0xC1, 0xE1, 0x3E, 0x0B, 0xCF, 0x10, 0xEE, // 0x4C80
  0xC9, 0x16, 0x7E, 0x5E, 0x1A, 0xA1, 0x23, 0xA6, 0xC8, 0x3A, 0x83, 0x7E, 0xFE, 0x04, 0xD0, 0x5F, // 0x4C90
  0x23, 0x7E, 0x23, 0xD9, 0x06, 0x7E, 0x4F, 0xD9, 0x7E, 0x23, 0xD9, 0x26, 0x7E, 0x6F, 0xD9, 0x7E, // 0x4CA0
  0x23, 0xFE, 0xF8, 0x28, 0x02, 0x1E, 0xFF, 0x3A, 0x84, 0x7E, 0x0F, 0x0F, 0x0F, 0x47, 0x3E, 0x05, // 0x4CB0
  0x08, 0xD9, 0xE5, 0xD5, 0xC5, 0xD9, 0xCB, 0x38, 0x30, 0x1E, 0xE5, 0xC5, 0x3A, 0x6B, 0x7E, 0x47, // 0x4CC0
  0xD9, 0x1A, 0x13, 0x81, 0x4F, 0x0A, 0xA6, 0x2C, 0xD9, 0xA6, 0xA1, 0x28, 0x06, 0x1C, 0x7B, 0xFE, // 0x4CD0
  0x05, 0x18, 0x03, 0x23, 0x10, 0xEA, 0xC1, 0xE1, 0xCB, 0x1A, 0xD9, 0xC1, 0x0C, 0xD1, 0xE1, 0xD9, // 0x4CE0
  0x08, 0x3D, 0x20, 0xCC, 0x7A, 0xE6, 0xF8, 0xC8, 0x2B, 0xAE, 0x21, 0x84, 0x7E, 0xA6, 0x77, 0x01, // 0x4CF0
  0x00, 0x05, 0x07, 0x38, 0x01, 0x0C, 0x10, 0xFA, 0x2B, 0x71, 0xC9, 0x3A, 0x80, 0x7E, 0xFE, 0x03, // 0x4D00
  0xC0, 0x21, 0xE7, 0x12, 0x06, 0x02, 0xCD, 0x7E, 0x0C, 0xC9, 0x3A, 0x6C, 0x7E, 0xFE, 0x03, 0x28, // 0x4D10
  0x0B, 0xFE, 0x01, 0x28, 0x0D, 0x3A, 0x80, 0x7E, 0xFE, 0x01, 0x20, 0x06, 0x3A, 0x80, 0x7E, 0xFE, // 0x4D20
  0x03, 0xC0, 0x21, 0x29, 0x13, 0x06, 0x03, 0xCD, 0x7E, 0x0C, 0xC9, 0x3A, 0x16, 0x7E, 0xE6, 0xE0, // 0x4D30
  0xFE, 0x20, 0xC0, 0x3A, 0x7C, 0x7E, 0xE6, 0x01, 0xC0, 0x21, 0xFD, 0x12, 0x06, 0x02, 0xCD, 0x7E, // 0x4D40
  0x0C, 0x21, 0x13, 0x13, 0x06, 0x01, 0x3A, 0x7E, 0x7E, 0xE6, 0x40, 0xCC, 0x7E, 0x0C, 0x21, 0x1E, // 0x4D50
  0x13, 0x06, 0x01, 0x3A, 0x7E, 0x7E, 0xE6, 0x80, 0xC0, 0xCD, 0x7E, 0x0C, 0xC9, 0xCD, 0x9D, 0x0B, // 0x4D60
  0xCD, 0x09, 0x0C, 0x3E, 0x06, 0xCD, 0x70, 0x09, 0x3A, 0x82, 0x7E, 0x80, 0xFE, 0x15, 0x38, 0x02, // 0x4D70
  0xD6, 0x15, 0x77, 0xC9, 0x21, 0x15, 0x7E, 0x7E, 0xA7, 0xC8, 0x36, 0x00, 0xC6, 0x10, 0xFF, 0xC9, // 0x4D80
  0x5F, 0x21, 0x1C, 0x7E, 0x7E, 0xFE, 0x0F, 0xD0, 0x34, 0x34, 0x3A, 0x1E, 0x7E, 0xE6, 0x07, 0x2E, // 0x4D90
  0x4B, 0xCF, 0xED, 0x5F, 0xE6, 0x3F, 0x0E, 0x15, 0xD7, 0x77, 0x21, 0x67, 0x1A, 0x7B, 0x87, 0xCF, // 0x4DA0
  0x4E, 0x23, 0x5E, 0x21, 0x1E, 0x7E, 0x7E, 0xE6, 0x07, 0x87, 0x34, 0x23, 0xCF, 0x79, 0xE6, 0x0F, // 0x4DB0
  0xF6, 0x80, 0x77, 0xCB, 0x79, 0x20, 0x07, 0x7B, 0x1C, 0x20, 0x06, 0x78, 0x18, 0x03, 0x16, 0x7E, // 0x4DC0
  0x1A, 0x23, 0x77, 0x79, 0x0F, 0x0F, 0x0F, 0x0F, 0xE6, 0x07, 0xC4, 0x54, 0x0E, 0xC9, 0x3A, 0x7B, // 0x4DD0
  0x7E, 0xFE, 0x03, 0xD0, 0x21, 0x9B, 0x1A, 0xCF, 0x7E, 0xCF, 0x3A, 0x7A, 0x7E, 0xCF, 0x7E, 0xCF, // 0x4DE0
  0xED, 0x5F, 0xF6, 0x80, 0x47, 0xED, 0x5B, 0x78, 0x7E, 0x23, 0x7E, 0x07, 0x07, 0x07, 0xE6, 0x07, // 0x4DF0
  0x28, 0x23, 0xE5, 0x21, 0x21, 0x1B, 0xCF, 0x7E, 0xE1, 0x80, 0x47, 0x23, 0x30, 0xEB, 0xC5, 0x7E, // 0x4E00
  0x07, 0x07, 0x07, 0xE6, 0x07, 0xE5, 0x21, 0x22, 0x1B, 0x87, 0xCF, 0x4E, 0x23, 0x46, 0xE1, 0xEB, // 0x4E10
  0x09, 0xEB, 0xC1, 0x30, 0xD4, 0x7E, 0xE6, 0x1F, 0x32, 0xA5, 0x7E, 0x3E, 0x18, 0xFF, 0xC9, 0x21, // 0x4E20
  0x1B, 0x7E, 0x7E, 0x06, 0x16, 0xE6, 0x06, 0x28, 0x0F, 0x2E, 0x31, 0xCB, 0x86, 0xCB, 0x8E, 0xCB, // 0x4E30
  0x96, 0xCB, 0x9E, 0xCB, 0x57, 0x28, 0x01, 0x04, 0x78, 0xFF, 0xCD, 0x4E, 0x0E, 0xC9, 0x2E, 0x41, // 0x4E40
  0xDF, 0x20, 0xFB, 0xC9, 0x21, 0x1A, 0x1B, 0x87, 0xCF, 0x7E, 0x23, 0x66, 0x6F, 0x22, 0x41, 0x7E, // 0x4E50
  0xC9, 0x21, 0x31, 0x7E, 0xCB, 0x46, 0xC0, 0x3A, 0xA5, 0x7E, 0xFE, 0x12, 0xD8, 0xCB, 0xC6, 0xCB, // 0x4E60
  0xCE, 0xCB, 0xD6, 0xCB, 0xDE, 0xC9, 0x00, 0x00, 0x00, 0x00, 0x00, 0x00, 0x00, 0x00, 0x00, 0x00, // 0x4E70
  0x00, 0x00, 0x00, 0x00, 0x00, 0x00, 0x00, 0x00, 0x00, 0x00, 0x00, 0x00, 0x00, 0x00, 0x00, 0x00, // 0x4E80
  0x00, 0x00, 0x00, 0x00, 0x00, 0x00, 0x00, 0x00, 0x00, 0x00, 0x00, 0x00, 0x00, 0x00, 0x00, 0x00, // 0x4E90
  0x00, 0x00, 0x00, 0x00, 0x00, 0x00, 0x00, 0x00, 0x00, 0x00, 0x00, 0x00, 0x00, 0x00, 0x00, 0x00, // 0x4EA0
  0x00, 0x00, 0x00, 0x00, 0x00, 0x00, 0x00, 0x00, 0x00, 0x00, 0x00, 0x00, 0x00, 0x00, 0x00, 0x00, // 0x4EB0
  0x00, 0x00, 0x00, 0x00, 0x00, 0x00, 0x00, 0x00, 0x00, 0x00, 0x00, 0x00, 0x00, 0x00, 0x00, 0x00, // 0x4EC0
  0x00, 0x00, 0x00, 0x00, 0x00, 0x00, 0x00, 0x00, 0x00, 0x00, 0x00, 0x00, 0x00, 0x00, 0x00, 0x00, // 0x4ED0
  0x00, 0x00, 0x00, 0x00, 0x00, 0x00, 0x00, 0x00, 0x00, 0x00, 0x00, 0x00, 0x00, 0x00, 0x00, 0x00, // 0x4EE0
  0x00, 0x00, 0x00, 0x00, 0x00, 0x00, 0x00, 0x00, 0x00, 0x00, 0x00, 0x00, 0x00, 0x00, 0x00, 0x00, // 0x4EF0
  0x00, 0x00, 0x00, 0x00, 0x00, 0x00, 0x00, 0x00, 0x00, 0x00, 0x00, 0x00, 0x00, 0x00, 0x00, 0x00, // 0x4F00
  0x00, 0x00, 0x00, 0x00, 0x00, 0x00, 0x00, 0x00, 0x00, 0x00, 0x00, 0x00, 0x00, 0x00, 0x00, 0x00, // 0x4F10
  0x00, 0x00, 0x00, 0x00, 0x00, 0x00, 0x00, 0x00, 0x00, 0x00, 0x00, 0x00, 0x00, 0x00, 0x00, 0x00, // 0x4F20
  0x00, 0x00, 0x00, 0x00, 0x00, 0x00, 0x00, 0x00, 0x00, 0x00, 0x00, 0x00, 0x00, 0x00, 0x00, 0x00, // 0x4F30
  0x00, 0x00, 0x00, 0x00, 0x00, 0x00, 0x00, 0x00, 0x00, 0x00, 0x00, 0x00, 0x00, 0x00, 0x00, 0x00, // 0x4F40
  0x00, 0x00, 0x00, 0x00, 0x00, 0x00, 0x00, 0x00, 0x00, 0x00, 0x00, 0x00, 0x00, 0x00, 0x00, 0x00, // 0x4F50
  0x00, 0x00, 0x00, 0x00, 0x00, 0x00, 0x00, 0x00, 0x00, 0x00, 0x00, 0x00, 0x00, 0x00, 0x00, 0x00, // 0x4F60
  0x00, 0x00, 0x00, 0x00, 0x00, 0x00, 0x00, 0x00, 0x00, 0x00, 0x00, 0x00, 0x00, 0x00, 0x00, 0x00, // 0x4F70
  0x00, 0x00, 0x00, 0x00, 0x00, 0x00, 0x00, 0x00, 0x00, 0x00, 0x00, 0x00, 0x00, 0x00, 0x00, 0x00, // 0x4F80
  0x00, 0x00, 0x00, 0x00, 0x00, 0x00, 0x00, 0x00, 0x00, 0x00, 0x00, 0x00, 0x00, 0x00, 0x00, 0x00, // 0x4F90
  0x00, 0x00, 0x00, 0x00, 0x00, 0x00, 0x00, 0x00, 0x00, 0x00, 0x00, 0x00, 0x00, 0x00, 0x00, 0x00, // 0x4FA0
  0x00, 0x00, 0x00, 0x00, 0x00, 0x00, 0x00, 0x00, 0x00, 0x00, 0x00, 0x00, 0x00, 0x00, 0x00, 0x00, // 0x4FB0
  0x00, 0x00, 0x00, 0x00, 0x00, 0x00, 0x00, 0x00, 0x00, 0x00, 0x00, 0x00, 0x00, 0x00, 0x00, 0x00, // 0x4FC0
  0x00, 0x00, 0x00, 0x00, 0x00, 0x00, 0x00, 0x00, 0x00, 0x00, 0x00, 0x00, 0x00, 0x00, 0x00, 0x00, // 0x4FD0
  0x00, 0x00, 0x00, 0x00, 0x00, 0x00, 0x00, 0x00, 0x00, 0x00, 0x00, 0x00, 0x00, 0x00, 0x00, 0x00, // 0x4FE0
  0x00, 0x00, 0x00, 0x00, 0x00, 0x00, 0x00, 0x00, 0x00, 0x00, 0x00, 0x00, 0x00, 0x00, 0x00, 0x00, // 0x4FF0
  0x00, 0x00, 0xCC, 0x00, 0x85, 0xCF, 0x85, 0xFF, 0x85, 0x07, 0x87, 0xCF, 0x87, 0x0F, 0x87, 0x07, // 0x5000
  0x80, 0x11, 0x81, 0x11, 0x82, 0x11, 0x83, 0x11, 0x80, 0x60, 0xA6, 0x7E, 0x14, 0x01, 0xA6, 0x7E, // 0x5010
  0x40, 0x01, 0x76, 0x7E, 0x2F, 0x00, 0x10, 0x7E, 0x96, 0x00, 0x09, 0x01, 0x03, 0x02, 0x06, 0x04, // 0x5020
  0x0C, 0x08, 0x01, 0x02, 0x02, 0x02, 0x02, 0x03, 0x03, 0x03, 0x03, 0x04, 0x05, 0x06, 0x07, 0x08, // 0x5030
  0x09, 0x0A, 0x0B, 0x64, 0x01, 0x80, 0x03, 0xC0, 0x05, 0xE0, 0x3F, 0x06, 0x5B, 0x4F, 0x66, 0x6D, // 0x5040
  0x7D, 0x07, 0x7F, 0x6F, 0x79, 0x73, 0x39, 0x76, 0x71, 0x40, 0x01, 0x88, 0x0F, 0x19, 0x02, 0x06, // 0x5050
  0x0F, 0x14, 0x04, 0x07, 0x12, 0x14, 0x08, 0x88, 0x11, 0x14, 0x10, 0x00, 0x11, 0x00, 0x20, 0x80, // 0x5060
  0x10, 0x00, 0x40, 0x07, 0x10, 0x30, 0x80, 0x08, 0x13, 0x30, 0x03, 0x32, 0x35, 0x36, 0x06, 0x02, // 0x5070
  0x33, 0x34, 0x05, 0x01, 0x31, 0x01, 0x02, 0x2F, 0x30, 0x00, 0xC6, 0x08, 0x08, 0x08, 0x28, 0x08, // 0x5080
  0xCA, 0x07, 0x06, 0xCB, 0xDA, 0xDB, 0xDC, 0xEA, 0x01, 0x01, 0xFE, 0x02, 0xFE, 0x01, 0x01, 0xFE, // 0x5090
  0x01, 0x00, 0x01, 0x01, 0xFE, 0x00, 0x02, 0x00, 0x02, 0x01, 0x02, 0x00, 0xC0, 0xC0, 0x00, 0x02, // 0x50A0
  0x01, 0x02, 0x00, 0x00, 0x00, 0x00, 0x02, 0x00, 0x02, 0x00, 0x3C, 0x3C, 0x00, 0x02, 0x01, 0x02, // 0x50B0
  0x00, 0xC0, 0x03, 0xCD, 0x01, 0x03, 0xCD, 0x01, 0x01, 0x01, 0x03, 0x31, 0x01, 0x01, 0x01, 0x03, // 0x50C0
  0x31, 0x01, 0x03, 0x01, 0x01, 0xCD, 0x01, 0x03, 0xCD, 0x01, 0x03, 0xCD, 0x01, 0x55, 0x03, 0x01, // 0x50D0
  0x01, 0x01, 0xA9, 0x03, 0x01, 0xA9, 0x03, 0x01, 0xA9, 0x01, 0x01, 0x03, 0x01, 0x55, 0x03, 0x01, // 0x50E0
  0x01, 0x01, 0x55, 0x03, 0x01, 0x01, 0x01, 0xA9, 0x00, 0x00, 0x00, 0x00, 0x00, 0x83, 0x83, 0x00, // 0x50F0
  0x00, 0x00, 0x00, 0x00, 0x3C, 0x3C, 0x00, 0x00, 0x00, 0x00, 0x00, 0x40, 0x40, 0x00, 0x00, 0x00, // 0x5100
  0x00, 0x00, 0x83, 0x00, 0x0C, 0x00, 0x00, 0x0C, 0x00, 0x00, 0x00, 0x00, 0x33, 0x00, 0x80, 0x00, // 0x5110
  0x00, 0x33, 0x00, 0x00, 0x00, 0x00, 0x0C, 0x40, 0x00, 0x0C, 0x00, 0x00, 0x0C, 0x00, 0x15, 0x00, // 0x5120
  0x00, 0x00, 0x00, 0x2A, 0x00, 0x00, 0x2A, 0x00, 0x80, 0x2A, 0x00, 0x00, 0x00, 0x40, 0x15, 0x00, // 0x5130
  0x00, 0x40, 0x40, 0x15, 0x00, 0x00, 0x00, 0x00, 0x2A, 0x3F, 0x6D, 0x40, 0x3E, 0x2F, 0x38, 0x16, // 0x5140
  0xE0, 0x9F, 0x00, 0xA0, 0x00, 0x6C, 0x00, 0x80, 0x00, 0x19, 0x00, 0xFF, 0xFF, 0xFF, 0xFF, 0xFF, // 0x5150
  0xFF, 0xFF, 0xFF, 0xFF, 0xFF, 0xFF, 0xFF, 0xA5, 0x11, 0xF5, 0x11, 0xFB, 0x11, 0xFB, 0x11, 0xFB, // 0x5160
  0x11, 0xFB, 0x11, 0xFB, 0x11, 0xFB, 0x11, 0xFB, 0x11, 0xFB, 0x11, 0xFB, 0x11, 0xFB, 0x11, 0xFB, // 0x5170
  0x11, 0xFB, 0x11, 0xEF, 0x11, 0xCB, 0x91, 0xA7, 0x91, 0x01, 0x12, 0x07, 0x12, 0x07, 0x12, 0x07, // 0x5180
  0x12, 0x07, 0x12, 0x07, 0x12, 0x07, 0x12, 0x07, 0x12, 0x07, 0x12, 0x07, 0x12, 0x07, 0x12, 0x07, // 0x5190
  0x12, 0x07, 0x12, 0x0D, 0x12, 0xB0, 0xFE, 0x2C, 0x00, 0x5C, 0x00, 0x1E, 0x00, 0x2C, 0x00, 0x5C, // 0x51A0
  0x00, 0x50, 0x00, 0x2C, 0x00, 0x5C, 0x00, 0x73, 0x00, 0x2C, 0x00, 0x5C, 0x00, 0x78, 0x00, 0x2C, // 0x51B0
  0x00, 0x5C, 0x00, 0x7D, 0x00, 0x2C, 0x00, 0x5C, 0x00, 0x7D, 0x00, 0x0C, 0x00, 0x21, 0x00, 0x22, // 0x51C0
  0x01, 0x0C, 0x00, 0x21, 0x00, 0xF0, 0x00, 0x0C, 0x00, 0x21, 0x00, 0xCD, 0x00, 0x0C, 0x00, 0x21, // 0x51D0
  0x00, 0xC8, 0x00, 0x0C, 0x00, 0x21, 0x00, 0xE1, 0x00, 0x0C, 0x00, 0x21, 0x00, 0xD7, 0x00, 0x14, // 0x51E0
  0x23, 0x14, 0x23, 0x14, 0x23, 0xC8, 0x00, 0x90, 0x01, 0x00, 0x04, 0xD6, 0x06, 0x74, 0x0E, 0xEF, // 0x51F0
  0x11, 0x44, 0x48, 0xE8, 0x80, 0xAA, 0x82, 0x1E, 0x00, 0x28, 0x00, 0x32, 0x00, 0x24, 0x49, 0x24, // 0x5200
  0x49, 0x24, 0x49, 0x05, 0x48, 0x83, 0x02, 0xBD, 0x00, 0xFF, 0x00, 0xFF, 0x01, 0xFE, 0x00, 0xFF, // 0x5210
  0x04, 0xFB, 0x00, 0xFF, 0x08, 0xF7, 0x00, 0xFF, 0x10, 0xEF, 0x00, 0xFF, 0x20, 0xDF, 0x00, 0xFF, // 0x5220
  0x40, 0xBF, 0x00, 0xFF, 0x80, 0x7F, 0x00, 0xFF, 0x00, 0xFF, 0x01, 0xFE, 0x00, 0xFF, 0x02, 0xFD, // 0x5230
  0x00, 0xFF, 0x04, 0xFB, 0x00, 0xFF, 0x08, 0xF7, 0x00, 0xFF, 0x10, 0xEF, 0x00, 0xFF, 0x20, 0xDF, // 0x5240
  0x02, 0xFD, 0x00, 0xFF, 0x00, 0xFF, 0x80, 0x40, 0x00, 0xFF, 0x40, 0x80, 0x00, 0xFF, 0x40, 0xBF, // 0x5250
  0x01, 0xFE, 0x40, 0xBF, 0x04, 0xFB, 0x40, 0xBF, 0x08, 0xF7, 0x40, 0xBF, 0x10, 0xEF, 0x40, 0xBF, // 0x5260
  0x20, 0xDF, 0x40, 0xBF, 0x40, 0xBF, 0x40, 0xBF, 0x80, 0x7F, 0x40, 0xBF, 0x00, 0xFF, 0x41, 0xBE, // 0x5270
  0x00, 0xFF, 0x42, 0xBD, 0x00, 0xFF, 0x44, 0xBB, 0x00, 0xFF, 0x48, 0xB7, 0x00, 0xFF, 0x50, 0xAF, // 0x5280
  0x00, 0xFF, 0x60, 0x9F, 0x02, 0xFD, 0x40, 0xBF, 0x00, 0xFF, 0x80, 0x7F, 0x01, 0xFE, 0x80, 0x7F, // 0x5290
  0x04, 0xFB, 0x80, 0x7F, 0x08, 0xF7, 0x80, 0x7F, 0x10, 0xEF, 0x80, 0x7F, 0x20, 0xDF, 0x80, 0x7F, // 0x52A0
  0x40, 0xBF, 0x80, 0x7F, 0x80, 0x7F, 0x80, 0x7F, 0x00, 0xFF, 0x81, 0x7E, 0x00, 0xFF, 0x82, 0x7D, // 0x52B0
  0x00, 0xFF, 0x84, 0x7B, 0x00, 0xFF, 0x88, 0x77, 0x00, 0xFF, 0x90, 0x6F, 0x00, 0xFF, 0xA0, 0x5F, // 0x52C0
  0x02, 0xFD, 0x80, 0x7F, 0x00, 0xFF, 0x00, 0xFF, 0x02, 0xFD, 0x00, 0xFF, 0x7D, 0x93, 0x01, 0x85, // 0x52D0
  0x95, 0xF8, 0x01, 0x01, 0x01, 0x01, 0x01, 0x7D, 0x93, 0xFE, 0x85, 0x95, 0xF8, 0xFE, 0xFE, 0xFE, // 0x52E0
  0xFE, 0xFE, 0x7F, 0x94, 0xFF, 0x8C, 0x9A, 0xF8, 0xFF, 0xFF, 0xFF, 0xFF, 0xFF, 0x7D, 0x93, 0xFC, // 0x52F0
  0x85, 0x95, 0xF8, 0x00, 0xC0, 0xFC, 0xC0, 0xFC, 0x7F, 0x94, 0x3F, 0x8C, 0x9A, 0xF8, 0x00, 0x3F, // 0x5300
  0x03, 0x3F, 0x03, 0x7F, 0x94, 0x40, 0x8C, 0x9A, 0xF8, 0x00, 0x00, 0x40, 0x00, 0x40, 0x7F, 0x94, // 0x5310
  0x80, 0x8C, 0x9A, 0xF8, 0x00, 0x80, 0x80, 0x80, 0x80, 0x7E, 0x94, 0xC0, 0x8C, 0x9A, 0x00, 0xC0, // 0x5320
  0xC0, 0xC0, 0xC0, 0xC0, 0x7C, 0x93, 0xFF, 0x85, 0x95, 0x00, 0xFF, 0xFF, 0xFF, 0xFF, 0xFF, 0x7E, // 0x5330
  0x94, 0x3F, 0x8C, 0x9A, 0x00, 0x3F, 0x3F, 0x3F, 0x3F, 0x3F, 0x05, 0x26, 0x43, 0x60, 0x7D, 0x7B, // 0x5340
  0x14, 0x74, 0x14, 0x65, 0x14, 0x65, 0x14, 0x65, 0x14, 0x65, 0x14, 0x65, 0x14, 0x65, 0x14, 0x65, // 0x5350
  0x14, 0x65, 0x14, 0x65, 0x14, 0x65, 0x14, 0x65, 0x14, 0x65, 0x14, 0x6C, 0x14, 0x59, 0x14, 0x4F, // 0x5360
  0x14, 0x4F, 0x14, 0x8E, 0x14, 0x4F, 0x14, 0x4F, 0x14, 0x4F, 0x14, 0x4F, 0x14, 0x4F, 0x14, 0x4F, // 0x5370
  0x14, 0x4F, 0x14, 0x4F, 0x14, 0x4F, 0x14, 0x4F, 0x14, 0x4F, 0x14, 0x4F, 0x14, 0x6C, 0x14, 0x59, // 0x5380
  0x14, 0x8E, 0x14, 0x59, 0x14, 0x59, 0x14, 0x59, 0x14, 0x59, 0x14, 0x59, 0x14, 0x59, 0x14, 0x59, // 0x5390
  0x14, 0x59, 0x14, 0x59, 0x14, 0x59, 0x14, 0x59, 0x14, 0x59, 0x14, 0x6C, 0x14, 0x7B, 0x14, 0x74, // 0x53A0
  0x14, 0x65, 0x14, 0x65, 0x14, 0x65, 0x14, 0x65, 0x14, 0x65, 0x14, 0x65, 0x14, 0x65, 0x14, 0x65, // 0x53B0
  0x14, 0x65, 0x14, 0x65, 0x14, 0x65, 0x14, 0x65, 0x14, 0x6C, 0x14, 0x7B, 0x14, 0x6C, 0x14, 0x04, // 0x53C0
  0x25, 0x42, 0x5F, 0x7B, 0x14, 0x74, 0x14, 0xA0, 0x14, 0xA0, 0x14, 0xA0, 0x14, 0xA0, 0x14, 0xA0, // 0x53D0
  0x14, 0xA0, 0x14, 0xA0, 0x14, 0xA0, 0x14, 0xA0, 0x14, 0xA0, 0x14, 0xA0, 0x14, 0xA0, 0x14, 0x6C, // 0x53E0
  0x14, 0x59, 0x14, 0x4F, 0x14, 0x4F, 0x14, 0x8E, 0x14, 0x92, 0x14, 0x92, 0x14, 0x92, 0x14, 0x92, // 0x53F0
  0x14, 0x92, 0x14, 0x92, 0x14, 0x92, 0x14, 0x92, 0x14, 0x92, 0x14, 0x92, 0x14, 0x92, 0x14, 0x92, // 0x5400
  0x14, 0x6C, 0x14, 0x59, 0x14, 0x8E, 0x14, 0x99, 0x14, 0x99, 0x14, 0x99, 0x14, 0x99, 0x14, 0x99, // 0x5410
  0x14, 0x99, 0x14, 0x99, 0x14, 0x99, 0x14, 0x99, 0x14, 0x99, 0x14, 0x99, 0x14, 0x99, 0x14, 0x6C, // 0x5420
  0x14, 0x7B, 0x14, 0x74, 0x14, 0xA0, 0x14, 0xA0, 0x14, 0xA0, 0x14, 0xA0, 0x14, 0xA0, 0x14, 0xA0, // 0x5430
  0x14, 0xA0, 0x14, 0xA0, 0x14, 0xA0, 0x14, 0xA0, 0x14, 0xA0, 0x14, 0xA0, 0x14, 0x6C, 0x14, 0x90, // 0x5440
  0x14, 0x19, 0x01, 0x0D, 0x07, 0x22, 0x1A, 0x15, 0x01, 0x40, 0x15, 0x01, 0x0A, 0x04, 0x0A, 0x03, // 0x5450
  0x0A, 0x14, 0x14, 0x19, 0x19, 0x1C, 0x16, 0x01, 0x37, 0x26, 0x0C, 0x16, 0x8A, 0x16, 0x04, 0x50, // 0x5460
  0x0F, 0x0C, 0x0F, 0x02, 0x0E, 0x17, 0x11, 0x0F, 0x26, 0x29, 0x11, 0x7C, 0x17, 0x23, 0x04, 0x16, // 0x5470
  0x02, 0x1B, 0x01, 0x01, 0x05, 0x09, 0x05, 0x01, 0x02, 0x01, 0x06, 0x04, 0x02, 0x01, 0xF2, 0x18, // 0x5480
  0x40, 0x40, 0x90, 0x14, 0x19, 0x19, 0x1A, 0x1A, 0x1A, 0x40, 0x15, 0x19, 0x19, 0x1A, 0x1A, 0x1A, // 0x5490
  0x1C, 0x16, 0x20, 0x20, 0x20, 0x20, 0x03, 0x78, 0x50, 0x34, 0x0A, 0xD2, 0xC8, 0xA0, 0x82, 0x51, // 0x54A0
  0x32, 0x02, 0xC8, 0xD0, 0xA4, 0x98, 0x68, 0x38, 0x0C, 0xCE, 0xDA, 0xAA, 0x04, 0x81, 0x58, 0x2C, // 0x54B0
  0xD0, 0xD0, 0xCA, 0xD0, 0x78, 0x5A, 0x30, 0xCA, 0xD0, 0xC8, 0xDA, 0x80, 0x64, 0x40, 0xDA, 0xD0, // 0x54C0
  0xCE, 0xCC, 0x02, 0xCA, 0xD8, 0xAC, 0x78, 0x5A, 0x2A, 0x08, 0xD2, 0xCA, 0xA8, 0x7A, 0x5A, 0x32, // 0x54D0
  0x00, 0xD0, 0xCC, 0xA0, 0x90, 0x60, 0x34, 0x06, 0x05, 0xD0, 0xC8, 0xBC, 0x81, 0x52, 0x28, 0x01, // 0x54E0
  0xEA, 0xD0, 0xA1, 0x82, 0x50, 0x42, 0x0C, 0xC8, 0xD0, 0xB8, 0x8C, 0x5C, 0x28, 0x10, 0x02, 0xD0, // 0x54F0
  0xD0, 0xD4, 0xD6, 0xD0, 0xD4, 0xD6, 0xD0, 0xD4, 0xD6, 0xAA, 0xAC, 0xA8, 0x5C, 0xD0, 0xD4, 0xD0, // 0x5500
  0xD0, 0xD4, 0xD4, 0xD0, 0x07, 0xD0, 0xA0, 0x7C, 0x58, 0x2A, 0x00, 0xC8, 0xCA, 0xA8, 0x78, 0x52, // 0x5510
  0x28, 0x02, 0xD4, 0xCC, 0xA6, 0x90, 0x60, 0x3C, 0x04, 0xCE, 0x08, 0xA8, 0x80, 0x54, 0x30, 0x0A, // 0x5520
  0xCA, 0xD0, 0xA2, 0x92, 0x58, 0x2A, 0x0A, 0xC8, 0xD2, 0xAC, 0x7C, 0x68, 0x3A, 0x0C, 0xCC, 0xCA, // 0x5530
  0x01, 0xE8, 0xE8, 0xC0, 0xE8, 0xE8, 0xE8, 0xC0, 0xE8, 0xE8, 0xC0, 0xC0, 0xC0, 0xC0, 0xC0, 0xE8, // 0x5540
  0xE8, 0xC0, 0xE8, 0xE8, 0xE8, 0xC0, 0x02, 0x89, 0x58, 0x2C, 0x12, 0xD0, 0xE9, 0xBA, 0x88, 0x5D, // 0x5550
  0x2A, 0x10, 0xD1, 0xC8, 0xC4, 0x92, 0x64, 0x31, 0x04, 0xD8, 0xD2, 0xA4, 0x03, 0x79, 0x60, 0x34, // 0x5560
  0x02, 0xE8, 0xE1, 0xC2, 0x90, 0x61, 0x32, 0x04, 0xD9, 0xD0, 0xA0, 0x82, 0x54, 0x39, 0x08, 0xC8, // 0x5570
  0xDE, 0xAC, 0x04, 0xD2, 0xC8, 0xB5, 0x80, 0x50, 0x2A, 0x00, 0xE9, 0xE2, 0xB0, 0x85, 0x52, 0x3D, // 0x5580
  0x08, 0xC8, 0xC8, 0xBA, 0x88, 0x58, 0x29, 0x14, 0x05, 0xC8, 0xD8, 0xAC, 0x88, 0x5A, 0x28, 0x20, // 0x5590
  0xE0, 0xDC, 0xAA, 0x78, 0x60, 0x30, 0x04, 0xD0, 0xEA, 0xB0, 0x80, 0x50, 0x3C, 0x08, 0x01, 0xDE, // 0x55A0
  0xE8, 0xCD, 0xCC, 0xEC, 0xCC, 0xE8, 0xD4, 0xC8, 0xD8, 0xA4, 0xA2, 0x81, 0x50, 0x0C, 0x00, 0x06, // 0x55B0
  0xD1, 0xD8, 0xD4, 0xC8, 0x07, 0xB2, 0x80, 0x55, 0x38, 0x08, 0xEA, 0xE1, 0xB0, 0x86, 0x50, 0x39, // 0x55C0
  0x0A, 0xC8, 0xED, 0xB8, 0x9A, 0x69, 0x38, 0x0C, 0xC8, 0xCA, 0x08, 0xA8, 0x98, 0x6D, 0x3A, 0x0C, // 0x55D0
  0xC9, 0xEA, 0xB8, 0x89, 0x5A, 0x2D, 0x20, 0xE4, 0xD8, 0xAA, 0x9D, 0x68, 0x3A, 0x08, 0xCD, 0xDE, // 0x55E0
  0x09, 0xAA, 0x9A, 0x6C, 0x60, 0x32, 0x00, 0xE8, 0xBA, 0x88, 0x5C, 0x50, 0x4A, 0x18, 0xD8, 0xAC, // 0x55F0
  0x78, 0x6A, 0x60, 0x34, 0x06, 0xD8, 0x0A, 0xD0, 0xA0, 0x8C, 0x58, 0x30, 0x04, 0xE0, 0xD8, 0xB8, // 0x5600
  0x88, 0x5C, 0x28, 0x14, 0xD0, 0xD0, 0xA0, 0x98, 0x68, 0x38, 0x0C, 0xDC, 0x01, 0xD0, 0xC0, 0x94, // 0x5610
  0x60, 0x30, 0x02, 0xEC, 0xE0, 0xB4, 0x80, 0x50, 0x48, 0x18, 0xDC, 0xD0, 0xA0, 0x90, 0x60, 0x34, // 0x5620
  0x00, 0xD8, 0x02, 0x8A, 0x58, 0x28, 0x24, 0xE0, 0xDA, 0xAC, 0x78, 0x72, 0x44, 0x10, 0xD2, 0xC8, // 0x5630
  0xC0, 0x94, 0x60, 0x4A, 0x18, 0xD8, 0xD4, 0xA0, 0x03, 0x7C, 0x60, 0x30, 0x02, 0xE9, 0xE4, 0xB2, // 0x5640
  0x81, 0x54, 0x4A, 0x18, 0xDC, 0xD1, 0xA1, 0x9A, 0x68, 0x3C, 0x08, 0xC9, 0xDA, 0xA8, 0x04, 0xD4, // 0x5650
  0xC8, 0xB0, 0x82, 0x50, 0x4C, 0x1A, 0xD8, 0xD4, 0xA2, 0x98, 0x6C, 0x38, 0x08, 0xCA, 0xE8, 0xBC, // 0x5660
  0x88, 0x58, 0x42, 0x10, 0x01, 0xCA, 0xD8, 0xA8, 0x7C, 0x70, 0x42, 0x14, 0xD0, 0xCA, 0xC4, 0x90, // 0x5670
  0x62, 0x30, 0x00, 0xEC, 0xE0, 0xB2, 0x80, 0x50, 0x3C, 0x08, 0x04, 0xB2, 0x80, 0x50, 0x4C, 0x18, // 0x5680
  0xDA, 0xD4, 0xA0, 0x9A, 0x6C, 0x38, 0x0A, 0xC8, 0xE8, 0xBC, 0x88, 0x5A, 0x28, 0x10, 0xD4, 0xC8, // 0x5690
  0x06, 0xDC, 0xD0, 0xC8, 0xE8, 0xE0, 0xDC, 0xD0, 0xC8, 0xEC, 0xE0, 0xB0, 0x98, 0xB8, 0x8C, 0x58, // 0x56A0
  0x28, 0x24, 0xE0, 0xD8, 0xE8, 0xE0, 0x03, 0xD0, 0xC8, 0xC0, 0x90, 0x64, 0x30, 0x00, 0xEC, 0xE0, // 0x56B0
  0xB0, 0x80, 0x50, 0x3C, 0x08, 0xC8, 0xEC, 0xB8, 0x88, 0x58, 0x40, 0x14, 0x04, 0x78, 0x64, 0x30, // 0x56C0
  0x00, 0xE8, 0xE0, 0xB4, 0x80, 0x50, 0x4C, 0x18, 0xD8, 0xD0, 0xA0, 0x8C, 0x58, 0x28, 0x24, 0xE0, // 0x56D0
  0xD8, 0xA8, 0x05, 0xD8, 0xD4, 0xA0, 0x98, 0x68, 0x38, 0x0C, 0xC8, 0xE8, 0xBC, 0x88, 0x58, 0x28, // 0x56E0
  0x10, 0xD4, 0xC8, 0xC0, 0x94, 0x60, 0x30, 0x00, 0x02, 0x88, 0x58, 0x28, 0x20, 0xE4, 0xD8, 0xA8, // 0x56F0
  0x7C, 0x70, 0x40, 0x10, 0xD0, 0xCC, 0xB0, 0x80, 0x54, 0x48, 0x18, 0xD8, 0xD0, 0xA4, 0x03, 0xD8, // 0x5700
  0xD4, 0xA0, 0x98, 0x6C, 0x38, 0x0C, 0xC8, 0xE8, 0xBC, 0x88, 0x58, 0x7C, 0x60, 0x30, 0x04, 0xC0, // 0x5710
  0x94, 0x60, 0x30, 0x04, 0x05, 0x0C, 0xC8, 0xDC, 0xA8, 0x88, 0xD4, 0xC8, 0x20, 0xE4, 0xD8, 0x20, // 0x5720
  0xCC, 0xD8, 0xA8, 0x78, 0x70, 0x2C, 0xB0, 0x98, 0x68, 0xD8, 0x01, 0xD8, 0x30, 0x24, 0xE0, 0xDC, // 0x5730
  0xAA, 0x79, 0xCC, 0x4A, 0x19, 0x88, 0x50, 0x2C, 0x1C, 0xE2, 0xD0, 0xA4, 0xCA, 0xDC, 0xE8, 0x90, // 0x5740
  0x02, 0xD0, 0xE8, 0xE0, 0xDC, 0xD0, 0xD0, 0xCC, 0xE8, 0xE0, 0xDC, 0xC0, 0x90, 0x64, 0x80, 0x14, // 0x5750
  0x30, 0x00, 0xD8, 0xD4, 0xCC, 0xD8, 0x01, 0xD0, 0xC8, 0xDC, 0xD0, 0xD8, 0xD4, 0xE0, 0xD8, 0xD0, // 0x5760
  0xCC, 0x30, 0x00, 0xDE, 0xD0, 0xA4, 0x80, 0xCE, 0xE0, 0xE8, 0xE4, 0xD8, 0x03, 0xD8, 0xD4, 0xE8, // 0x5770
  0xE0, 0xD4, 0xC8, 0xC8, 0xEC, 0xE0, 0xE4, 0x5A, 0x28, 0x20, 0x94, 0x6A, 0x30, 0x24, 0xE0, 0xDE, // 0x5780
  0xD0, 0xC8, 0x10, 0xCD, 0xD8, 0xD2, 0xDC, 0xD0, 0xCA, 0xDC, 0xD0, 0xBA, 0x8C, 0x58, 0x2A, 0x08, // 0x5790
  0xCA, 0xDC, 0xD0, 0xE0, 0xDA, 0xD4, 0xC8, 0xD0, 0x03, 0xD8, 0xEC, 0xE2, 0xD8, 0xD4, 0x28, 0x08, // 0x57A0
  0xCC, 0xE8, 0xE0, 0xD8, 0xD0, 0x48, 0x1C, 0xE0, 0xD8, 0xE8, 0xE4, 0x66, 0x30, 0x18, 0x04, 0xD0, // 0x57B0
  0xCC, 0xE2, 0xD8, 0xD4, 0xC8, 0xE2, 0xB4, 0x80, 0x52, 0x44, 0x10, 0xD6, 0xCC, 0xE8, 0xE0, 0xE0, // 0x57C0
  0xDC, 0xD4, 0xD8, 0xD0, 0x05, 0xD4, 0xDE, 0x58, 0x39, 0x08, 0xCA, 0xD9, 0xD0, 0xCA, 0xE9, 0xE0, // 0x57D0
  0xD8, 0xD4, 0xD0, 0xCA, 0xE0, 0xDC, 0x30, 0x18, 0xDA, 0xD8, 0x06, 0xD0, 0xCC, 0xE0, 0xD8, 0xD4, // 0x57E0
  0xC8, 0xB8, 0x8C, 0x58, 0x28, 0x0C, 0xC8, 0xD8, 0xD4, 0xC8, 0xE0, 0xD8, 0xDC, 0xD4, 0xC8, 0xD8, // 0x57F0
  0x07, 0xD0, 0xCC, 0x40, 0x10, 0xD4, 0xD0, 0xC8, 0xEC, 0xE0, 0xD8, 0xD0, 0xC8, 0xDC, 0xD4, 0xC8, // 0x5800
  0xE8, 0x40, 0x14, 0xD4, 0xC8, 0xD8, 0x08, 0xD0, 0xCC, 0xE0, 0xD8, 0xD4, 0xC8, 0xD8, 0xD4, 0xC8, // 0x5810
  0xE8, 0xE4, 0xD8, 0xD4, 0x30, 0x00, 0x30, 0x00, 0xD4, 0xCC, 0xD8, 0xD0, 0x09, 0xCC, 0xB0, 0x82, // 0x5820
  0x60, 0x34, 0x01, 0xD8, 0xD4, 0xC9, 0xDC, 0xD4, 0xD9, 0xD0, 0xC9, 0xEC, 0xE0, 0xD9, 0xD4, 0xCC, // 0x5830
  0xD8, 0xD0, 0x0A, 0xDA, 0xD4, 0xE0, 0xD8, 0xD2, 0xD9, 0xD4, 0xEA, 0xE1, 0xD8, 0x86, 0x50, 0x28, // 0x5840
  0x1D, 0xD8, 0xD0, 0xEA, 0xE4, 0xD8, 0xD4, 0xC8, 0x0B, 0xD0, 0x50, 0x3C, 0x08, 0xDC, 0xD0, 0xC8, // 0x5850
  0xEC, 0x68, 0x38, 0x0C, 0xC8, 0xD8, 0xD4, 0xC8, 0x58, 0x2A, 0x1C, 0xDC, 0xE2, 0xD8, 0x0C, 0x8A, // 0x5860
  0x58, 0x28, 0x24, 0xE0, 0xDA, 0xD4, 0x78, 0x72, 0x44, 0x10, 0xD2, 0xC8, 0xE8, 0x94, 0x60, 0x4A, // 0x5870
  0x18, 0xD8, 0xD4, 0xC8, 0x0D, 0x7C, 0x60, 0x30, 0x02, 0xE9, 0xE4, 0xB2, 0x81, 0x54, 0x4A, 0x18, // 0x5880
  0xDC, 0xD1, 0xA1, 0x9A, 0x68, 0x3C, 0x08, 0xC9, 0xDA, 0xA8, 0x0E, 0xD4, 0xC8, 0xB0, 0x82, 0x50, // 0x5890
  0x4C, 0x1A, 0xD8, 0xD4, 0xA2, 0x98, 0x6C, 0x38, 0x08, 0xCA, 0xE8, 0xBC, 0x88, 0x58, 0x42, 0x10, // 0x58A0
  0x0F, 0xCA, 0xD8, 0xA8, 0x7C, 0x70, 0x42, 0x14, 0xD0, 0xCA, 0xC4, 0x90, 0x62, 0x30, 0x00, 0xEC, // 0x58B0
  0xE0, 0xB2, 0x80, 0x50, 0x3C, 0x08, 0x01, 0xB2, 0x80, 0x50, 0x4C, 0x18, 0xDA, 0xD4, 0xA0, 0x9A, // 0x58C0
  0x6C, 0x38, 0x0A, 0xC8, 0xE8, 0xBC, 0x88, 0x5A, 0x28, 0x10, 0xD4, 0xC8, 0x11, 0xD4, 0xD0, 0xCD, // 0x58D0
  0x58, 0x28, 0x10, 0xD4, 0xC8, 0xD0, 0xCC, 0x60, 0x30, 0x10, 0xD4, 0xC8, 0xD8, 0xD0, 0xE4, 0xD8, // 0x58E0
  0xD2, 0xC8, 0x02, 0xD4, 0xC8, 0x38, 0x08, 0xC8, 0xEC, 0xE0, 0xDA, 0xD0, 0xC8, 0xD0, 0xCC, 0xD8, // 0x58F0
  0xD0, 0xC8, 0xD0, 0x2C, 0x10, 0xE8, 0xE0, 0xD8, 0x02, 0x30, 0x20, 0x1C, 0xB0, 0xA8, 0x7C, 0x72, // 0x5900
  0x44, 0x10, 0x08, 0xCA, 0xC0, 0x94, 0x3A, 0x30, 0x04, 0x1A, 0x60, 0xAC, 0x78, 0x60, 0x01, 0xD0, // 0x5910
  0xE8, 0xE6, 0xD8, 0xD0, 0xCC, 0xEA, 0xE0, 0xDC, 0xD2, 0x54, 0x1A, 0x04, 0x12, 0xAC, 0xA0, 0x60, // 0x5920
  0xD0, 0xD4, 0xCE, 0xDC, 0x05, 0x15, 0x23, 0x31, 0x3F, 0x48, 0x71, 0x85, 0x84, 0x83, 0x82, 0x81, // 0x5930
  0x80, 0x7F, 0x7E, 0x7D, 0x7C, 0x7B, 0x7A, 0x8E, 0x39, 0x4D, 0x37, 0x60, 0x4A, 0x49, 0x48, 0x47, // 0x5940
  0x46, 0x45, 0x44, 0x43, 0x42, 0x41, 0x40, 0x3F, 0x7D, 0x28, 0x51, 0x26, 0x25, 0x24, 0x23, 0x22, // 0x5950
  0x21, 0x20, 0x1F, 0x1E, 0x1D, 0x1C, 0x1B, 0x6E, 0x19, 0x42, 0x56, 0x55, 0x54, 0x53, 0x52, 0x51, // 0x5960
  0x50, 0x4F, 0x4E, 0x4D, 0x4C, 0x4B, 0x5F, 0x1F, 0x5D, 0x04, 0x03, 0x80, 0x03, 0x10, 0x03, 0x02, // 0x5970
  0x02, 0x00, 0x10, 0x02, 0x80, 0x00, 0x90, 0x42, 0x00, 0x00, 0x02, 0x90, 0x00, 0x80, 0x00, 0x42, // 0x5980
  0x90, 0x00, 0x40, 0x00, 0x92, 0x60, 0x00, 0x10, 0x02, 0x80, 0x00, 0x90, 0x42, 0x00, 0x00, 0x02, // 0x5990
  0x90, 0x00, 0x80, 0x00, 0x42, 0x90, 0x00, 0x00, 0x42, 0x92, 0x80, 0x80, 0x10, 0x82, 0x00, 0x00, // 0x59A0
  0x10, 0x02, 0x80, 0x00, 0x82, 0x12, 0x00, 0x80, 0x00, 0x02, 0x92, 0xC0, 0x00, 0x02, 0x12, 0x02, // 0x59B0
  0x10, 0x00, 0x00, 0x90, 0x02, 0x00, 0x80, 0x02, 0x10, 0x00, 0x82, 0x00, 0x00, 0x90, 0x00, 0x82, // 0x59C0
  0x00, 0x80, 0x10, 0x00, 0x82, 0x00, 0x10, 0x00, 0x00, 0x42, 0x00, 0x90, 0x02, 0x00, 0x00, 0x00, // 0x59D0
  0x50, 0x02, 0x80, 0x10, 0x82, 0x00, 0x00, 0x00, 0x10, 0x82, 0x10, 0x00, 0x01, 0x00, 0x02, 0x00, // 0x59E0
  0x04, 0x00, 0x0F, 0x00, 0x08, 0x00, 0x0F, 0x00, 0x10, 0x00, 0x0F, 0x00, 0x20, 0x00, 0x0F, 0x00, // 0x59F0
  0x40, 0x00, 0x0F, 0x00, 0x80, 0x00, 0x0F, 0xFF, 0x01, 0x00, 0x0F, 0xFF, 0x02, 0x00, 0x0F, 0xFF, // 0x5A00
  0x04, 0x00, 0x0F, 0xFF, 0x08, 0x00, 0x0F, 0xFF, 0x10, 0x00, 0x0F, 0xFF, 0x20, 0x00, 0x0F, 0x00, // 0x5A10
  0x02, 0x01, 0x00, 0xFF, 0x40, 0x04, 0x0F, 0xFF, 0x80, 0x02, 0x02, 0x0E, 0x00, 0x01, 0x00, 0x05, // 0x5A20
  0x00, 0x04, 0x00, 0x0F, 0x00, 0x08, 0x00, 0x0F, 0x00, 0x10, 0x00, 0x0F, 0x00, 0x20, 0x00, 0x0F, // 0x5A30
  0x00, 0x40, 0x00, 0x0F, 0x00, 0x80, 0x00, 0x0F, 0xFF, 0x01, 0x00, 0x0F, 0xFF, 0x02, 0x00, 0x0F, // 0x5A40
  0xFF, 0x04, 0x00, 0x0F, 0xFF, 0x08, 0x00, 0x0F, 0xFF, 0x10, 0x00, 0x0F, 0xFF, 0x20, 0x00, 0x0F, // 0x5A50
  0x00, 0x02, 0x02, 0x01, 0x01, 0x00, 0x02, 0x00, 0x0F, 0x80, 0x00, 0x10, 0x07, 0x01, 0xFF, 0x01, // 0x5A60
  0x07, 0x01, 0x08, 0x02, 0xFF, 0x02, 0x07, 0x33, 0x02, 0x03, 0x04, 0x84, 0x00, 0x04, 0x07, 0x04, // 0x5A70
  0x08, 0x04, 0x09, 0x85, 0x6C, 0x05, 0x04, 0x86, 0x81, 0x87, 0x59, 0x88, 0x61, 0x89, 0x69, 0x8A, // 0x5A80
  0x6D, 0x0A, 0x10, 0x8B, 0x1B, 0xAB, 0x1B, 0x8C, 0xA5, 0x0F, 0xFF, 0x03, 0x13, 0x12, 0x1F, 0x1F, // 0x5A90
  0x23, 0x23, 0x23, 0x23, 0x23, 0x23, 0x23, 0x23, 0x23, 0x23, 0x23, 0x23, 0x23, 0x41, 0x41, 0x41, // 0x5AA0
  0x41, 0x45, 0x47, 0x49, 0x4B, 0x4D, 0x4F, 0x51, 0x53, 0x55, 0x57, 0x59, 0x5B, 0x5D, 0x01, 0x20, // 0x5AB0
  0x21, 0x20, 0x22, 0x03, 0x04, 0x05, 0x06, 0x07, 0x08, 0x09, 0x0A, 0x0B, 0x0C, 0x0D, 0x0E, 0x0F, // 0x5AC0
  0x20, 0x23, 0x20, 0x24, 0x20, 0x25, 0x20, 0x26, 0x20, 0x27, 0x20, 0x28, 0x20, 0x29, 0x20, 0x2A, // 0x5AD0
  0x20, 0x2B, 0x20, 0x2C, 0x20, 0x2D, 0x20, 0x2E, 0x20, 0x2F, 0x20, 0x30, 0x20, 0x31, 0x02, 0x11, // 0x5AE0
  0x10, 0x01, 0x20, 0x21, 0x20, 0x22, 0x03, 0x40, 0x52, 0x04, 0x40, 0x52, 0x05, 0x40, 0x52, 0x06, // 0x5AF0
  0x40, 0x52, 0x07, 0x40, 0x52, 0x08, 0x40, 0x52, 0x09, 0x40, 0x52, 0x0A, 0x40, 0x52, 0x0B, 0x40, // 0x5B00
  0x52, 0x0C, 0x40, 0x52, 0x0D, 0x40, 0x52, 0x0E, 0x40, 0x52, 0x0F, 0x02, 0x0A, 0x01, 0xA7, 0x0D, // 0x5B10
  0x66, 0x0E, 0x01, 0x50, 0x01, 0x00, 0x00, 0x40, 0xBD, 0x00, 0x00, 0x00, 0x00, 0x00, 0x00, 0x00, // 0x5B20
  0x00, 0x00, 0x00, 0x00, 0x00, 0x00, 0x00, 0x00, 0x00, 0x00, 0x00, 0x00, 0x00, 0x00, 0x00, 0x00, // 0x5B30
  0x00, 0x00, 0x00, 0x00, 0x00, 0x00, 0x00, 0x00, 0x00, 0x00, 0x00, 0x00, 0x00, 0x00, 0x00, 0x00, // 0x5B40
  0x00, 0x00, 0x00, 0x00, 0x00, 0x00, 0x00, 0x00, 0x00, 0x00, 0x00, 0x00, 0x00, 0x00, 0x00, 0x00, // 0x5B50
  0x00, 0x00, 0x00, 0x00, 0x00, 0x00, 0x00, 0x00, 0x00, 0x00, 0x00, 0x00, 0x00, 0x00, 0x00, 0x00, // 0x5B60
  0x00, 0x00, 0x00, 0x00, 0x00, 0x00, 0x00, 0x00, 0x00, 0x00, 0x00, 0x00, 0x00, 0x00, 0x00, 0x00, // 0x5B70
  0x00, 0x00, 0x00, 0x00, 0x00, 0x00, 0x00, 0x00, 0x00, 0x00, 0x00, 0x00, 0x00, 0x00, 0x00, 0x00, // 0x5B80
  0x00, 0x00, 0x00, 0x00, 0x00, 0x00, 0x00, 0x00, 0x00, 0x00, 0x00, 0x00, 0x00, 0x00, 0x00, 0x00, // 0x5B90
  0x00, 0x00, 0x00, 0x00, 0x00, 0x00, 0x00, 0x00, 0x00, 0x00, 0x00, 0x00, 0x00, 0x00, 0x00, 0x00, // 0x5BA0
  0x00, 0x00, 0x00, 0x00, 0x00, 0x00, 0x00, 0x00, 0x00, 0x00, 0x00, 0x00, 0x00, 0x00, 0x00, 0x00, // 0x5BB0
  0x00, 0x00, 0x00, 0x00, 0x00, 0x00, 0x00, 0x00, 0x00, 0x00, 0x00, 0x00, 0x00, 0x00, 0x00, 0x00, // 0x5BC0
  0x00, 0x00, 0x00, 0x00, 0x00, 0x00, 0x00, 0x00, 0x00, 0x00, 0x00, 0x00, 0x00, 0x00, 0x00, 0x00, // 0x5BD0
  0x00, 0x00, 0x00, 0x00, 0x00, 0x00, 0x00, 0x00, 0x00, 0x00, 0x00, 0x00, 0x00, 0x00, 0x00, 0x00, // 0x5BE0
  0x00, 0x00, 0x00, 0x00, 0x00, 0x00, 0x00, 0x00, 0x00, 0x00, 0x00, 0x00, 0x00, 0x00, 0x00, 0x00, // 0x5BF0
  0x20, 0xBC, 0xDE, 0xAD, 0xB3, 0xB5, 0xB3, 0x20, 0x20, 0x20, 0x20, 0x20, 0x20, 0x20, 0x20, 0x20, // 0x5C00
  0x20, 0xBB, 0xD0, 0xB0, 0x20, 0xB6, 0xCC, 0xDE, 0xBC, 0xB7, 0xB6, 0xDE, 0xB2, 0xBC, 0xAC, 0x20, // 0x5C10
  0x20, 0xB1, 0xD0, 0xAD, 0xB0, 0xBD, 0xDE, 0xD2, 0xDD, 0xC4, 0xCD, 0xDD, 0xBA, 0xB3, 0xB7, 0x20, // 0x5C20
  0x20, 0xC4, 0xB3, 0xC6, 0xAD, 0xB3, 0xC0, 0xDE, 0xCC, 0xDE, 0xD9, 0xBE, 0xDD, 0xBB, 0xB0, 0x20, // 0x5C30
  0x20, 0xB9, 0xB2, 0xCB, 0xDD, 0xD2, 0xC0, 0xDE, 0xD9, 0xCA, 0xD7, 0xB2, 0xC0, 0xDE, 0xBC, 0x20, // 0x5C40
  0x20, 0xC5, 0xC6, 0xDC, 0xC9, 0xC0, 0xD2, 0xC0, 0xD2, 0xC0, 0xD2, 0xBA, 0xDE, 0xDB, 0xB3, 0x20, // 0x5C50
  0x20, 0xCA, 0xB6, 0xC0, 0xC9, 0xBF, 0xDD, 0xBF, 0xDD, 0xBF, 0xDD, 0xBA, 0xDE, 0xB8, 0xB3, 0x20, // 0x5C60
  0x20, 0x32, 0x30, 0x30, 0x31, 0x2E, 0x30, 0x37, 0x2E, 0x30, 0x34, 0x20, 0x20, 0x20, 0x20, 0x20, // 0x5C70
  0x00, 0x00, 0x00, 0x00, 0x00, 0x00, 0x00, 0x00, 0x00, 0x00, 0x00, 0x00, 0x00, 0x00, 0x00, 0x00, // 0x5C80
  0x00, 0x00, 0x00, 0x00, 0x00, 0x00, 0x00, 0x00, 0x00, 0x00, 0x00, 0x00, 0x00, 0x00, 0x00, 0x00, // 0x5C90
  0x00, 0x00, 0x00, 0x00, 0x00, 0x00, 0x00, 0x00, 0x00, 0x00, 0x00, 0x00, 0x00, 0x00, 0x00, 0x00, // 0x5CA0
  0x00, 0x00, 0x00, 0x00, 0x00, 0x00, 0x00, 0x00, 0x00, 0x00, 0x00, 0x00, 0x00, 0x00, 0x00, 0x00, // 0x5CB0
  0x00, 0x00, 0x00, 0x00, 0x00, 0x00, 0x00, 0x00, 0x00, 0x00, 0x00, 0x00, 0x00, 0x00, 0x00, 0x00, // 0x5CC0
  0x00, 0x00, 0x00, 0x00, 0x00, 0x00, 0x00, 0x00, 0x00, 0x00, 0x00, 0x00, 0x00, 0x00, 0x00, 0x00, // 0x5CD0
  0x00, 0x00, 0x00, 0x00, 0x00, 0x00, 0x00, 0x00, 0x00, 0x00, 0x00, 0x00, 0x00, 0x00, 0x00, 0x00, // 0x5CE0
  0x00, 0x00, 0x00, 0x00, 0x00, 0x00, 0x00, 0x00, 0x00, 0x00, 0x00, 0x00, 0x00, 0x00, 0x00, 0x00, // 0x5CF0
  0x00, 0x00, 0x00, 0x00, 0x00, 0x00, 0x00, 0x00, 0x00, 0x00, 0x00, 0x00, 0x00, 0x00, 0x00, 0x00, // 0x5D00
  0x00, 0x00, 0x00, 0x00, 0x00, 0x00, 0x00, 0x00, 0x00, 0x00, 0x00, 0x00, 0x00, 0x00, 0x00, 0x00, // 0x5D10
  0x00, 0x00, 0x00, 0x00, 0x00, 0x00, 0x00, 0x00, 0x00, 0x00, 0x00, 0x00, 0x00, 0x00, 0x00, 0x00, // 0x5D20
  0x00, 0x00, 0x00, 0x00, 0x00, 0x00, 0x00, 0x00, 0x00, 0x00, 0x00, 0x00, 0x00, 0x00, 0x00, 0x00, // 0x5D30
  0x00, 0x00, 0x00, 0x00, 0x00, 0x00, 0x00, 0x00, 0x00, 0x00, 0x00, 0x00, 0x00, 0x00, 0x00, 0x00, // 0x5D40
  0x00, 0x00, 0x00, 0x00, 0x00, 0x00, 0x00, 0x00, 0x00, 0x00, 0x00, 0x00, 0x00, 0x00, 0x00, 0x00, // 0x5D50
  0x00, 0x00, 0x00, 0x00, 0x00, 0x00, 0x00, 0x00, 0x00, 0x00, 0x00, 0x00, 0x00, 0x00, 0x00, 0x00, // 0x5D60
  0x00, 0x00, 0x00, 0x00, 0x00, 0x00, 0x00, 0x00, 0x00, 0x00, 0x00, 0x00, 0x00, 0x00, 0x00, 0x00, // 0x5D70
  0x00, 0x00, 0x00, 0x00, 0x00, 0x00, 0x00, 0x00, 0x00, 0x00, 0x00, 0x00, 0x00, 0x00, 0x00, 0x00, // 0x5D80
  0x00, 0x00, 0x00, 0x00, 0x00, 0x00, 0x00, 0x00, 0x00, 0x00, 0x00, 0x00, 0x00, 0x00, 0x00, 0x00, // 0x5D90
  0x00, 0x00, 0x00, 0x00, 0x00, 0x00, 0x00, 0x00, 0x00, 0x00, 0x00, 0x00, 0x00, 0x00, 0x00, 0x00, // 0x5DA0
  0x00, 0x00, 0x00, 0x00, 0x00, 0x00, 0x00, 0x00, 0x00, 0x00, 0x00, 0x00, 0x00, 0x00, 0x00, 0x00, // 0x5DB0
  0x00, 0x00, 0x00, 0x00, 0x00, 0x00, 0x00, 0x00, 0x00, 0x00, 0x00, 0x00, 0x00, 0x00, 0x00, 0x00, // 0x5DC0
  0x00, 0x00, 0x00, 0x00, 0x00, 0x00, 0x00, 0x00, 0x00, 0x00, 0x00, 0x00, 0x00, 0x00, 0x00, 0x00, // 0x5DD0
  0x00, 0x00, 0x00, 0x00, 0x00, 0x00, 0x00, 0x00, 0x00, 0x00, 0x00, 0x00, 0x00, 0x00, 0x00, 0x00, // 0x5DE0
  0x00, 0x00, 0x00, 0x00, 0x00, 0x00, 0x00, 0x00, 0x00, 0x00, 0x00, 0x00, 0x00, 0x00, 0x00, 0x00, // 0x5DF0
  0x00, 0x00, 0x00, 0x00, 0x00, 0x00, 0x00, 0x00, 0x00, 0x00, 0x00, 0x00, 0x00, 0x00, 0x00, 0x00, // 0x5E00
  0x00, 0x00, 0x00, 0x00, 0x00, 0x00, 0x00, 0x00, 0x00, 0x00, 0x00, 0x00, 0x00, 0x00, 0x00, 0x00, // 0x5E10
  0x00, 0x00, 0x00, 0x00, 0x00, 0x00, 0x00, 0x00, 0x00, 0x00, 0x00, 0x00, 0x00, 0x00, 0x00, 0x00, // 0x5E20
  0x00, 0x00, 0x00, 0x00, 0x00, 0x00, 0x00, 0x00, 0x00, 0x00, 0x00, 0x00, 0x00, 0x00, 0x00, 0x00, // 0x5E30
  0x00, 0x00, 0x00, 0x00, 0x00, 0x00, 0x00, 0x00, 0x00, 0x00, 0x00, 0x00, 0x00, 0x00, 0x00, 0x00, // 0x5E40
  0x00, 0x00, 0x00, 0x00, 0x00, 0x00, 0x00, 0x00, 0x00, 0x00, 0x00, 0x00, 0x00, 0x00, 0x00, 0x00, // 0x5E50
  0x00, 0x00, 0x00, 0x00, 0x00, 0x00, 0x00, 0x00, 0x00, 0x00, 0x00, 0x00, 0x00, 0x00, 0x00, 0x00, // 0x5E60
  0x00, 0x00, 0x00, 0x00, 0x00, 0x00, 0x00, 0x00, 0x00, 0x00, 0x00, 0x00, 0x00, 0x00, 0x00, 0x00, // 0x5E70
  0x00, 0x00, 0x00, 0x00, 0x00, 0x00, 0x00, 0x00, 0x00, 0x00, 0x00, 0x00, 0x00, 0x00, 0x00, 0x00, // 0x5E80
  0x00, 0x00, 0x00, 0x00, 0x00, 0x00, 0x00, 0x00, 0x00, 0x00, 0x00, 0x00, 0x00, 0x00, 0x00, 0x00, // 0x5E90
  0x00, 0x00, 0x00, 0x00, 0x00, 0x00, 0x00, 0x00, 0x00, 0x00, 0x00, 0x00, 0x00, 0x00, 0x00, 0x00, // 0x5EA0
  0x00, 0x00, 0x00, 0x00, 0x00, 0x00, 0x00, 0x00, 0x00, 0x00, 0x00, 0x00, 0x00, 0x00, 0x00, 0x00, // 0x5EB0
  0x00, 0x00, 0x00, 0x00, 0x00, 0x00, 0x00, 0x00, 0x00, 0x00, 0x00, 0x00, 0x00, 0x00, 0x00, 0x00, // 0x5EC0
  0x00, 0x00, 0x00, 0x00, 0x00, 0x00, 0x00, 0x00, 0x00, 0x00, 0x00, 0x00, 0x00, 0x00, 0x00, 0x00, // 0x5ED0
  0x00, 0x00, 0x00, 0x00, 0x00, 0x00, 0x00, 0x00, 0x00, 0x00, 0x00, 0x00, 0x00, 0x00, 0x00, 0x00, // 0x5EE0
  0x00, 0x00, 0x00, 0x00, 0x00, 0x00, 0x00, 0x00, 0x00, 0x00, 0x00, 0x00, 0x00, 0x00, 0x00, 0x00, // 0x5EF0
  0x4C, 0x45, 0x32, 0x30, 0x38, 0x30, 0x41, 0x2A, 0x00, 0x00, 0x75, 0x0E, 0x00, 0x00, 0x00, 0x00, // 0x5F00
  0xD0, 0x00, 0xA9, 0x06, 0x05, 0x09, 0x55, 0xB4, 0x36, 0x45, 0xA2, 0x6F, 0x97, 0xC0, 0x80, 0xB4, // 0x5F10
  0xA0, 0x86, 0xFF, 0x22, 0xD5, 0x09, 0x55, 0x12, 0x36, 0xA5, 0x54, 0xB8, 0x97, 0xA2, 0x80, 0x04, // 0x5F20
  0x80, 0xD1, 0xFB, 0x54, 0x2D, 0x3F, 0x00, 0xA8, 0xB5, 0x09, 0xD2, 0xA8, 0xA4, 0x94, 0xEE, 0x44, // 0x5F30
  0x99, 0x99, 0x98, 0xD8, 0x33, 0x60, 0xC5, 0x85, 0xD5, 0xF6, 0x08, 0x88, 0x01, 0x61, 0xD1, 0x25, // 0x5F40
  0x55, 0x55, 0x98, 0x85, 0x36, 0x5D, 0x14, 0x66, 0x00, 0x00, 0x01, 0x02, 0x30, 0x40, 0x50, 0x60, // 0x5F50
  0xDD, 0xCC, 0x21, 0x15, 0xFD, 0x7F, 0xDD, 0x7A, 0xDC, 0xC8, 0xCC, 0x02, 0x82, 0xAA, 0x52, 0x92, // 0x5F60
  0x1A, 0x18, 0xFB, 0x5D, 0x19, 0xF3, 0x93, 0x13, 0x66, 0x87, 0xDF, 0x8C, 0x8D, 0x99, 0x51, 0x01, // 0x5F70
  0xAA, 0xFA, 0xAA, 0xAA, 0x85, 0xB5, 0x54, 0x32, 0x00, 0x35, 0x62, 0xA3, 0x50, 0x70, 0x11, 0x38, // 0x5F80
  0x38, 0xF9, 0x5F, 0x56, 0x28, 0xFE, 0x7F, 0x20, 0x12, 0x0D, 0x4A, 0xBC, 0x08, 0x3F, 0x88, 0x21, // 0x5F90
  0xE3, 0x51, 0x7A, 0x68, 0x1A, 0x72, 0x13, 0x44, 0x0F, 0x56, 0x90, 0x80, 0x3A, 0x25, 0x15, 0x66, // 0x5FA0
  0x00, 0x00, 0x00, 0x00, 0x00, 0x00, 0x00, 0x00, 0x00, 0x00, 0x00, 0x00, 0x00, 0x00, 0x00, 0x00, // 0x5FB0
  0x00, 0x00, 0x00, 0x00, 0x00, 0x00, 0x00, 0x00, 0x00, 0x00, 0x00, 0x00, 0x00, 0x00, 0x00, 0x00, // 0x5FC0
  0x00, 0x00, 0x00, 0x00, 0x00, 0x00, 0x00, 0x00, 0x00, 0x00, 0x00, 0x00, 0x00, 0x00, 0x00, 0x00, // 0x5FD0
  0x00, 0x00, 0x00, 0x00, 0x00, 0x00, 0x00, 0x00, 0x00, 0x00, 0x00, 0x00, 0x00, 0x00, 0x00, 0x00, // 0x5FE0
  0x00, 0x01, 0xBB, 0x80, 0x80, 0x1F, 0x54, 0x58, 0x41, 0xEF, 0x5A, 0x60, 0xC5, 0x01, 0x1E, 0x50, // 0x5FF0
  0x31, 0x80, 0x7F, 0xED, 0x5E, 0xC3, 0xF7, 0x02, 0x85, 0x6F, 0xD0, 0x24, 0xC9, 0x00, 0x00, 0x00, // 0x6000
  0x16, 0xFF, 0x14, 0x91, 0x30, 0xFC, 0x81, 0xC9, 0x26, 0x7E, 0xF3, 0x7E, 0x23, 0xB6, 0xFB, 0xC9, // 0x6010
  0xE5, 0x21, 0x30, 0x7E, 0xCB, 0xB6, 0xE1, 0xC9, 0xE5, 0x21, 0x30, 0x7E, 0xCB, 0xF6, 0xE1, 0xC9, // 0x6020
  0x3A, 0x1A, 0x7E, 0xE6, 0x07, 0xCB, 0x3F, 0xC9, 0xE5, 0xD5, 0xC5, 0xF3, 0xCD, 0x90, 0x0D, 0xFB, // 0x6030
  0xC1, 0xD1, 0xE1, 0xC9, 0xC1, 0x1E, 0x5B, 0x21, 0x01, 0x7E, 0x3E, 0x55, 0x77, 0xBE, 0x20, 0x46, // 0x6040
  0x2F, 0x77, 0x96, 0x20, 0x41, 0x77, 0x2C, 0x7D, 0xFE, 0xAE, 0x20, 0xEE, 0xC5, 0xC9, 0x00, 0x00, // 0x6050
  0xB4, 0x00, 0x00, 0x00, 0x00, 0x00, 0xF5, 0x3E, 0x11, 0xD3, 0x80, 0xED, 0x57, 0xF5, 0x08, 0xF5, // 0x6060
  0xC5, 0xD5, 0xE5, 0xD9, 0xC5, 0xD5, 0xE5, 0xED, 0x73, 0x73, 0x7E, 0x21, 0x18, 0x7E, 0x36, 0xFF, // 0x6070
  0xAF, 0x11, 0x72, 0x7E, 0x12, 0x6F, 0x86, 0x23, 0xCB, 0x7C, 0x28, 0xFA, 0xED, 0x44, 0x12, 0x3E, // 0x6080
  0x01, 0x32, 0x00, 0xFD, 0x18, 0xFE, 0xF3, 0xAF, 0x01, 0x00, 0x07, 0xED, 0x79, 0x0C, 0x10, 0xFB, // 0x6090
  0x16, 0x40, 0x21, 0x79, 0x20, 0x0E, 0x02, 0xED, 0x79, 0x0C, 0xED, 0x69, 0x0D, 0xED, 0x61, 0x10, // 0x60A0
  0xFE, 0xEB, 0x18, 0xF3, 0xF5, 0x08, 0xF5, 0xC5, 0xD5, 0xE5, 0xCD, 0xFC, 0x00, 0xCD, 0x28, 0x01, // 0x60B0
  0x0E, 0x03, 0x21, 0x4B, 0x7E, 0x79, 0x87, 0x87, 0x87, 0xCF, 0xCD, 0x47, 0x01, 0x0D, 0x20, 0xF2, // 0x60C0
  0xCD, 0xE9, 0x01, 0xCD, 0x08, 0x02, 0xCD, 0x8D, 0x02, 0x21, 0x7A, 0x10, 0x16, 0x7E, 0x46, 0xAF, // 0x60D0
  0x23, 0x5E, 0xEB, 0xB6, 0xEB, 0x23, 0x10, 0xF9, 0x4E, 0xED, 0x79, 0x23, 0x79, 0xA7, 0x20, 0xEE, // 0x60E0
  0xCD, 0xBF, 0x02, 0xE1, 0xD1, 0xC1, 0xF1, 0x08, 0xF1, 0xFB, 0xED, 0x4D, 0x21, 0x02, 0x7E, 0x01, // 0x60F0
  0x00, 0x7D, 0xCD, 0x1B, 0x01, 0x7A, 0xA3, 0x77, 0x23, 0x06, 0xEF, 0xCD, 0x1B, 0x01, 0x06, 0x0F, // 0x6100
  0xCD, 0x1B, 0x01, 0x3A, 0x05, 0x7E, 0x2E, 0x17, 0xA6, 0x77, 0xC9, 0xED, 0x78, 0xA8, 0x56, 0x77, // 0x6110
  0xAA, 0x5F, 0xA6, 0x23, 0x77, 0x23, 0x0C, 0xC9, 0x21, 0x37, 0x7E, 0x06, 0x06, 0x5E, 0x23, 0x56, // 0x6120
  0x7A, 0xB3, 0x28, 0x05, 0x1B, 0x72, 0x2B, 0x73, 0x23, 0x23, 0x10, 0xF1, 0x06, 0x10, 0x7E, 0xA7, // 0x6130
  0x28, 0x01, 0x35, 0x23, 0x10, 0xF8, 0xC9, 0x54, 0x5D, 0x7E, 0x3D, 0xF8, 0x20, 0x18, 0x23, 0x35, // 0x6140
  0xC0, 0xCD, 0xC4, 0x01, 0x23, 0x23, 0x35, 0x28, 0x09, 0x7E, 0x21, 0x31, 0x10, 0xCF, 0x7E, 0x13, // 0x6150
  0x12, 0xC9, 0x3E, 0x02, 0x12, 0xC9, 0x3D, 0x20, 0x20, 0xCD, 0xC4, 0x01, 0x3A, 0x08, 0x7E, 0x07, // 0x6160
  0x41, 0x07, 0x10, 0xFD, 0x23, 0x23, 0x23, 0x30, 0x08, 0x36, 0xFF, 0x23, 0x36, 0x14, 0x23, 0x70, // 0x6170
  0xC9, 0x23, 0x35, 0xC0, 0x36, 0x13, 0x23, 0x34, 0xC9, 0x3D, 0x20, 0x2F, 0xCD, 0xC4, 0x01, 0x3E, // 0x6180
  0x04, 0xCF, 0x35, 0x20, 0x0E, 0x36, 0x13, 0x23, 0x34, 0x7E, 0xD6, 0x15, 0x38, 0x01, 0x77, 0x2B, // 0x6190
  0x20, 0x01, 0x34, 0x7E, 0xFE, 0x11, 0xD0, 0x23, 0x7E, 0x23, 0xBE, 0xC0, 0x3E, 0x0F, 0xCD, 0xD8, // 0x61A0
  0x01, 0xEB, 0x36, 0x04, 0x23, 0x36, 0xD6, 0x2E, 0x15, 0x71, 0xC9, 0x23, 0x35, 0xC0, 0xAF, 0x12, // 0x61B0
  0xCD, 0xD8, 0x01, 0xC9, 0x62, 0x6B, 0x3E, 0x07, 0xCF, 0x34, 0x7E, 0xE6, 0x07, 0x21, 0x2A, 0x10, // 0x61C0
  0xCF, 0x7E, 0xCD, 0xD8, 0x01, 0x62, 0x6B, 0xC9, 0x21, 0x31, 0x7E, 0x06, 0x00, 0x09, 0x41, 0x05, // 0x61D0
  0x05, 0x20, 0x04, 0x0F, 0x0F, 0x0F, 0x0F, 0x77, 0xC9, 0x21, 0x44, 0x7E, 0x7E, 0xA7, 0xC0, 0x36, // 0x61E0
  0x36, 0x2E, 0x6F, 0x4F, 0x86, 0x28, 0x03, 0x35, 0xCB, 0xF9, 0x23, 0x7E, 0xA7, 0x28, 0x03, 0x35, // 0x61F0
  0xCB, 0xF1, 0x2E, 0x35, 0x7E, 0xA9, 0x77, 0xC9, 0xAF, 0x0E, 0x03, 0xED, 0x79, 0x0D, 0xED, 0x79, // 0x6200
  0x21, 0x0D, 0x7E, 0xCB, 0xC6, 0xCB, 0xCE, 0xED, 0x5B, 0xAC, 0x7E, 0x7A, 0xA7, 0x7B, 0x28, 0x18, // 0x6210
  0x3A, 0x0C, 0x7E, 0xFE, 0x80, 0x30, 0x03, 0x7B, 0x18, 0x0E, 0xCB, 0x86, 0xCB, 0x8E, 0xFE, 0x96, // 0x6220
  0x38, 0x05, 0xCB, 0xCE, 0x7A, 0x18, 0x01, 0xAF, 0x32, 0x0F, 0x7E, 0xC5, 0x21, 0x0C, 0x7E, 0x34, // 0x6230
  0x46, 0x23, 0x5E, 0xF2, 0x4B, 0x02, 0x23, 0x7E, 0x2F, 0xA3, 0x5F, 0x78, 0xE6, 0x07, 0xCD, 0x58, // 0x6240
  0x02, 0xC1, 0xED, 0x51, 0x0C, 0xED, 0x79, 0xC9, 0x87, 0x87, 0x21, 0x5A, 0x10, 0xCF, 0x7E, 0xF5, // 0x6250
  0x23, 0x46, 0x23, 0x16, 0x7E, 0xA3, 0x28, 0x13, 0x5E, 0x1A, 0xCB, 0x78, 0x28, 0x04, 0x0F, 0x0F, // 0x6260
  0x0F, 0x0F, 0xE6, 0x0F, 0xE5, 0x21, 0x4A, 0x10, 0xCF, 0x7E, 0xE1, 0x4F, 0x23, 0x5E, 0x7B, 0xA7, // 0x6270
  0x28, 0x08, 0x1A, 0xCB, 0xB8, 0x0F, 0x10, 0xFD, 0xE6, 0x80, 0xB1, 0xD1, 0xC9, 0xAF, 0xD3, 0x04, // 0x6280
  0x32, 0x75, 0x7E, 0x11, 0x1C, 0x7E, 0x1A, 0xA7, 0xC8, 0x13, 0x1A, 0x21, 0x4B, 0x7E, 0x1F, 0xCF, // 0x6290
  0x7E, 0xA7, 0xC0, 0x1A, 0x2E, 0x1F, 0xCF, 0x7E, 0x32, 0x75, 0x7E, 0xD3, 0x04, 0x36, 0x00, 0x1A, // 0x62A0
  0x3C, 0xE6, 0x0F, 0x12, 0x2E, 0x1C, 0x35, 0x3A, 0x31, 0x7E, 0xCB, 0xFF, 0xD3, 0x01, 0xC9, 0x21, // 0x62B0
  0x09, 0x7E, 0x7E, 0xA7, 0xC0, 0x23, 0x3A, 0x02, 0x7E, 0x47, 0x3A, 0x31, 0x7E, 0xCB, 0x67, 0x20, // 0x62C0
  0x0F, 0x78, 0x0F, 0x7E, 0x30, 0x03, 0x3C, 0x18, 0x01, 0xAF, 0x77, 0xFE, 0x05, 0xD8, 0x18, 0x12, // 0x62D0
  0x23, 0x78, 0x0F, 0x38, 0x07, 0x0F, 0x30, 0x04, 0x7E, 0x3C, 0x18, 0x01, 0xAF, 0x77, 0xFE, 0x04, // 0x62E0
  0xD8, 0x2B, 0x2B, 0x3E, 0xFF, 0x77, 0xC9, 0x3E, 0x00, 0xED, 0x47, 0x21, 0x00, 0x10, 0x11, 0x00, // 0x62F0
  0xFD, 0x01, 0x04, 0x00, 0xED, 0xB0, 0x06, 0x0B, 0x4E, 0x23, 0xED, 0xA3, 0x20, 0xFA, 0x3A, 0x02, // 0x6300
  0xFD, 0xEE, 0x5D, 0xC2, 0x00, 0x00, 0xDB, 0x00, 0xEE, 0x7D, 0xCB, 0x5F, 0x28, 0x31, 0x31, 0x00, // 0x6310
  0x80, 0x21, 0x00, 0x7E, 0x7E, 0x3D, 0xFE, 0x06, 0x38, 0x02, 0x36, 0x01, 0xCD, 0x44, 0x00, 0xCD, // 0x6320
  0xA6, 0x03, 0xFB, 0x3E, 0x01, 0xFF, 0xCD, 0x4E, 0x0E, 0xCD, 0xAF, 0x03, 0xF3, 0xCD, 0x44, 0x00, // 0x6330
  0x3E, 0x05, 0x21, 0x0D, 0x7E, 0x36, 0x63, 0xFB, 0xFF, 0xCD, 0x4E, 0x0E, 0xC3, 0x94, 0x04, 0x3A, // 0x6340
  0x18, 0x7E, 0x3C, 0x20, 0x4C, 0xAF, 0x2A, 0x73, 0x7E, 0x11, 0xBC, 0x7F, 0xED, 0x52, 0x38, 0x41, // 0x6350
  0x21, 0x00, 0x7E, 0x86, 0x23, 0xCB, 0x7C, 0x28, 0xFA, 0xA7, 0x20, 0x35, 0xED, 0x7B, 0x73, 0x7E, // 0x6360
  0x3A, 0x75, 0x7E, 0xD3, 0x04, 0xCD, 0x77, 0x04, 0xCD, 0xA6, 0x03, 0xCD, 0xFC, 0x00, 0xAF, 0x67, // 0x6370
  0x6F, 0x22, 0x03, 0x7E, 0x32, 0x06, 0x7E, 0x32, 0x08, 0x7E, 0x32, 0x18, 0x7E, 0xE1, 0xD1, 0xC1, // 0x6380
  0xD9, 0xE1, 0xD1, 0xC1, 0xF1, 0x08, 0xF1, 0xE2, 0x9E, 0x03, 0xF1, 0xFB, 0xED, 0x45, 0xF1, 0xED, // 0x6390
  0x45, 0x1E, 0x06, 0xC3, 0x96, 0x00, 0x3E, 0xB5, 0xD3, 0x80, 0x3E, 0x2C, 0xD3, 0x80, 0xC9, 0x2A, // 0x63A0
  0xAE, 0x7E, 0x7D, 0xA7, 0x28, 0x0A, 0xFE, 0x51, 0x30, 0x06, 0xE6, 0x0F, 0xFE, 0x0A, 0x38, 0x02, // 0x63B0
  0x2E, 0x40, 0x7C, 0xA7, 0x28, 0x0A, 0xFE, 0x91, 0x30, 0x06, 0xE6, 0x0F, 0xFE, 0x0A, 0x38, 0x02, // 0x63C0
  0x26, 0x35, 0x22, 0xAE, 0x7E, 0x21, 0x00, 0x7E, 0x46, 0x21, 0x0C, 0x7E, 0x7E, 0xBE, 0x28, 0xFD, // 0x63D0
  0x2E, 0x10, 0x70, 0x2E, 0x13, 0x70, 0x2E, 0xAC, 0x3A, 0xAE, 0x7E, 0x77, 0x3A, 0xAF, 0x7E, 0x0F, // 0x63E0
  0x0F, 0x0F, 0x0F, 0xF5, 0xE6, 0x0F, 0x32, 0x12, 0x7E, 0xF1, 0xE6, 0xF0, 0x32, 0x11, 0x7E, 0x2E, // 0x63F0
  0x0D, 0x36, 0xDF, 0x2E, 0x06, 0xCB, 0x66, 0xC2, 0x57, 0x04, 0x2B, 0x3A, 0x0C, 0x7E, 0xE6, 0x7F, // 0x6400
  0x20, 0xC7, 0xCB, 0x7E, 0x28, 0x0F, 0xCB, 0xBE, 0x04, 0x3E, 0x06, 0xB8, 0x30, 0x02, 0x06, 0x01, // 0x6410
  0x3E, 0x03, 0xFF, 0x18, 0xB4, 0xCB, 0x76, 0x28, 0x15, 0xF3, 0xCB, 0xB6, 0x3A, 0xAF, 0x7E, 0xC6, // 0x6420
  0x01, 0x27, 0xFE, 0x91, 0x38, 0x02, 0x3E, 0x10, 0x32, 0xAF, 0x7E, 0xFB, 0x18, 0x9B, 0xCB, 0x6E, // 0x6430
  0x28, 0x97, 0xF3, 0xCB, 0xAE, 0x3A, 0xAE, 0x7E, 0xC6, 0x01, 0x27, 0xFE, 0x51, 0x38, 0x02, 0x3E, // 0x6440
  0x01, 0x32, 0xAE, 0x7E, 0xFB, 0x18, 0x82, 0x3E, 0x04, 0xFF, 0xAF, 0x32, 0x10, 0x7E, 0x32, 0x13, // 0x6450
  0x7E, 0x32, 0x0F, 0x7E, 0x32, 0x12, 0x7E, 0x32, 0x11, 0x7E, 0x2E, 0x00, 0x70, 0x2E, 0x0D, 0x77, // 0x6460
  0x3A, 0x1C, 0x7E, 0xA7, 0x20, 0xFA, 0xC9, 0x3A, 0x00, 0x7E, 0x3D, 0xFE, 0x06, 0xD8, 0x3E, 0x01, // 0x6470
  0x32, 0x00, 0x7E, 0xC9, 0x5E, 0x23, 0x56, 0x23, 0x4E, 0x23, 0x46, 0xAF, 0x12, 0x13, 0x0B, 0x78, // 0x6480
  0xB1, 0x20, 0xF8, 0xC9, 0xFB, 0xCD, 0xF3, 0x04, 0xCD, 0x14, 0x05, 0xCD, 0x57, 0x09, 0xCD, 0x63, // 0x6490
  0x05, 0xCD, 0x87, 0x05, 0xF7, 0xCC, 0xA3, 0x05, 0xF7, 0xD4, 0xBE, 0x05, 0xCD, 0xAE, 0x06, 0x3A, // 0x64A0
  0x6C, 0x7E, 0xA7, 0xC4, 0xD1, 0x06, 0x30, 0xEC, 0xCD, 0xF8, 0x06, 0xCD, 0x82, 0x0A, 0xCD, 0xDE, // 0x64B0
  0x0D, 0xCD, 0x1A, 0x07, 0x3E, 0xE0, 0xCD, 0x32, 0x07, 0xCD, 0x5C, 0x07, 0x30, 0xF8, 0xCD, 0x79, // 0x64C0
  0x07, 0x30, 0xF6, 0xCD, 0x87, 0x07, 0xDC, 0x1A, 0x0B, 0xCD, 0x84, 0x0D, 0xCD, 0xE1, 0x07, 0x20, // 0x64D0
  0xE8, 0xCD, 0xF0, 0x07, 0xCD, 0x2F, 0x0E, 0xCD, 0xAE, 0x06, 0xCD, 0x55, 0x08, 0xCD, 0xE1, 0x08, // 0x64E0
  0xC3, 0x94, 0x04, 0x3A, 0x6C, 0x7E, 0xF5, 0x21, 0x49, 0x11, 0x01, 0x0C, 0x09, 0x16, 0x7E, 0x5E, // 0x64F0
  0x23, 0x7E, 0x12, 0x23, 0x10, 0xF9, 0x1E, 0x93, 0xED, 0xB0, 0x3A, 0x02, 0x7E, 0xE6, 0x40, 0x32, // 0x6500
  0x71, 0x7E, 0xC1, 0xC9, 0x21, 0x1B, 0x7E, 0x7E, 0x36, 0x00, 0x2E, 0x1A, 0xCB, 0xAE, 0x0F, 0x30, // 0x6510
  0x0D, 0xCB, 0xC6, 0x2E, 0x6E, 0x70, 0x21, 0x18, 0x01, 0x22, 0x3B, 0x7E, 0x18, 0x2B, 0x0F, 0x30, // 0x6520
  0x0B, 0xCB, 0x9E, 0xCB, 0xCE, 0x21, 0x0C, 0x08, 0x22, 0xA1, 0x7E, 0xC9, 0x0F, 0x30, 0x09, 0x36, // 0x6530
  0x04, 0x21, 0x30, 0x03, 0x22, 0xA3, 0x7E, 0xC9, 0x3A, 0x7A, 0x7E, 0xFE, 0x0F, 0x20, 0x03, 0xCB, // 0x6540
  0xDE, 0xC9, 0xFE, 0x10, 0x20, 0x03, 0xCB, 0xE6, 0xC9, 0x21, 0x1A, 0x7E, 0x7E, 0xE6, 0x1E, 0xC0, // 0x6550
  0xCB, 0xEE, 0xC9, 0xF7, 0xC8, 0x57, 0x21, 0x7F, 0x04, 0xED, 0x4B, 0xA3, 0x7E, 0xFE, 0x02, 0x28, // 0x6560
  0x0E, 0x26, 0x00, 0x3A, 0xA2, 0x7E, 0xF6, 0xF0, 0x4F, 0xCB, 0x4A, 0x20, 0x02, 0x06, 0x01, 0xED, // 0x6570
  0x43, 0x11, 0x7E, 0x22, 0x0D, 0x7E, 0xC9, 0xF7, 0x38, 0x03, 0xC3, 0xA2, 0x06, 0x2E, 0x3B, 0xDF, // 0x6580
  0x20, 0xFB, 0x21, 0x30, 0x7E, 0xCB, 0xFE, 0xCD, 0x9F, 0x09, 0xC8, 0x21, 0x38, 0x00, 0x22, 0x3B, // 0x6590
  0x7E, 0x18, 0xEA, 0x3A, 0x6C, 0x7E, 0xA7, 0xC0, 0x21, 0x19, 0x7E, 0xCB, 0x76, 0xC0, 0xEB, 0x2E, // 0x65A0
  0x3F, 0xDF, 0xC0, 0xEB, 0xCB, 0xF6, 0xAF, 0x32, 0x14, 0x7E, 0x3E, 0x0C, 0xFF, 0xC9, 0x21, 0x30, // 0x65B0
  0x7E, 0xCB, 0x76, 0x2E, 0x19, 0x28, 0x0F, 0x11, 0x07, 0x7E, 0x1A, 0x06, 0x06, 0xA0, 0x28, 0x06, // 0x65C0
  0xCB, 0xBE, 0xCD, 0xF9, 0x05, 0xC9, 0xED, 0x5B, 0x05, 0x7E, 0x7A, 0x2F, 0xF6, 0xF0, 0xA3, 0xC0, // 0x65D0
  0x47, 0x7A, 0xE6, 0x0F, 0xC8, 0xCB, 0xBE, 0xE6, 0x07, 0xC8, 0x04, 0x0F, 0x30, 0xFC, 0xF7, 0xE6, // 0x65E0
  0x01, 0x28, 0x02, 0x06, 0x01, 0xCD, 0x6E, 0x06, 0xC9, 0xFE, 0x04, 0xC2, 0x4B, 0x06, 0xE5, 0xD5, // 0x65F0
  0x2A, 0xAC, 0x7E, 0x11, 0x00, 0x09, 0xAF, 0xED, 0x52, 0xD1, 0xE1, 0xD4, 0x20, 0x00, 0x21, 0x49, // 0x6600
  0x7E, 0x36, 0x52, 0x1A, 0xA0, 0x28, 0x3A, 0xB8, 0x28, 0x09, 0xD6, 0x04, 0x20, 0x2D, 0x86, 0x28, // 0x6610
  0x26, 0x18, 0xF0, 0x23, 0x36, 0x52, 0x1A, 0xA0, 0xFE, 0x02, 0x28, 0x10, 0xB8, 0x20, 0x1C, 0x7E, // 0x6620
  0xFE, 0x1B, 0x38, 0x13, 0x3A, 0x49, 0x7E, 0xA7, 0x28, 0x0D, 0x18, 0xEA, 0x1A, 0xA0, 0x28, 0x13, // 0x6630
  0xD6, 0x02, 0x20, 0x07, 0x86, 0x20, 0xF5, 0x06, 0x01, 0x18, 0x02, 0x06, 0x02, 0xE7, 0xCD, 0x3D, // 0x6640
  0x0A, 0xEF, 0xC9, 0x3A, 0xAE, 0x7E, 0xCD, 0x7C, 0x09, 0x3E, 0x0D, 0xFF, 0x21, 0x36, 0x7E, 0xCB, // 0x6650
  0xE6, 0xE5, 0x2E, 0x0C, 0x7E, 0xC6, 0x32, 0xBE, 0x20, 0xFD, 0xE1, 0xCB, 0xA6, 0xC9, 0x78, 0x21, // 0x6660
  0x6C, 0x7E, 0x96, 0xC8, 0x30, 0x10, 0xEB, 0x21, 0x19, 0x7E, 0xCB, 0x4E, 0xC0, 0xCB, 0x86, 0x1A, // 0x6670
  0xCD, 0x7C, 0x09, 0xAF, 0x12, 0x78, 0x47, 0xE5, 0x2A, 0xAC, 0x7E, 0x7D, 0xB4, 0xE1, 0x28, 0x12, // 0x6680
  0xE7, 0x21, 0x43, 0x7E, 0x7E, 0xA7, 0x20, 0xFC, 0x36, 0x38, 0xCD, 0x9F, 0x09, 0xCD, 0x8A, 0x09, // 0x6690
  0x10, 0xE5, 0x2A, 0xAC, 0x7E, 0x11, 0x00, 0x09, 0xAF, 0xED, 0x52, 0xD0, 0xEF, 0xC9, 0x3A, 0x09, // 0x66A0
  0x7E, 0xA7, 0xC8, 0x21, 0x30, 0x7E, 0xCB, 0x76, 0xF5, 0xE7, 0x2E, 0x19, 0xCB, 0xBE, 0x06, 0x05, // 0x66B0
  0xCD, 0x3D, 0x0A, 0x21, 0x00, 0x00, 0x22, 0x0A, 0x7E, 0x7D, 0x32, 0x09, 0x7E, 0xF1, 0xC8, 0xEF, // 0x66C0
  0xC9, 0x21, 0x19, 0x7E, 0xED, 0x5B, 0x05, 0x7E, 0x7A, 0x2F, 0xF6, 0xEF, 0xA3, 0x20, 0x14, 0xCB, // 0x66D0
  0xFE, 0xCB, 0x62, 0xC8, 0xE7, 0x01, 0x02, 0x04, 0x21, 0x76, 0x7E, 0xF3, 0x0C, 0xED, 0xA2, 0x20, // 0x66E0
  0xFB, 0xFB, 0x37, 0x2E, 0x19, 0xCB, 0xBE, 0xC9, 0xCD, 0x77, 0x04, 0x11, 0x66, 0x01, 0xF7, 0xE6, // 0x66F0
  0x01, 0x20, 0x02, 0x16, 0x03, 0x3A, 0x6C, 0x7E, 0x3D, 0xBA, 0xD2, 0x96, 0x00, 0x21, 0x6F, 0x7E, // 0x6700
  0x3C, 0x87, 0xF3, 0x86, 0x77, 0xFB, 0x3E, 0x0E, 0xFF, 0xC9, 0x3E, 0x0F, 0xFF, 0x06, 0x03, 0x21, // 0x6710
  0x5A, 0x7E, 0x35, 0x35, 0xCB, 0x86, 0x3E, 0x08, 0xCF, 0x10, 0xF7, 0x21, 0x75, 0x53, 0x22, 0x37, // 0x6720
  0x7E, 0xC9, 0x21, 0x2F, 0x7E, 0x36, 0x38, 0x2E, 0x63, 0x11, 0x08, 0x00, 0x01, 0x01, 0x03, 0xF3, // 0x6730
  0x07, 0x30, 0x12, 0xE5, 0x71, 0x23, 0x71, 0x23, 0x36, 0x13, 0x23, 0x72, 0x23, 0x36, 0x14, 0x23, // 0x6740
  0x72, 0x23, 0x36, 0xFF, 0xE1, 0xA7, 0xED, 0x52, 0x10, 0xE6, 0xFB, 0xC9, 0x21, 0x53, 0x7E, 0x01, // 0x6750
  0x20, 0x03, 0x56, 0x3E, 0x05, 0xCF, 0x15, 0x15, 0x20, 0x07, 0x7E, 0xFE, 0x17, 0x38, 0x02, 0x79, // 0x6760
  0xC9, 0xCB, 0x21, 0x23, 0x23, 0x23, 0x10, 0xEA, 0xC9, 0x21, 0x56, 0x7E, 0x11, 0x08, 0x00, 0x7E, // 0x6770
  0x19, 0xA6, 0x19, 0xA6, 0xC8, 0x37, 0xC9, 0x3A, 0x45, 0x7E, 0xA7, 0xC0, 0x2E, 0x37, 0xDF, 0x21, // 0x6780
  0x16, 0x7E, 0x56, 0x28, 0x0D, 0xED, 0x5B, 0x05, 0x7E, 0x7A, 0xA6, 0x57, 0x2F, 0xA3, 0x3E, 0x38, // 0x6790
  0x20, 0x19, 0x01, 0x20, 0x03, 0x79, 0xA2, 0x20, 0x16, 0xCB, 0x21, 0x10, 0xF8, 0x7E, 0x0F, 0x0F, // 0x67A0
  0x2F, 0xE6, 0x38, 0x47, 0x7E, 0x07, 0x07, 0x07, 0xE6, 0x07, 0xB0, 0x32, 0x2F, 0x7E, 0xC9, 0x79, // 0x67B0
  0xAE, 0x77, 0x23, 0x7E, 0xB1, 0x77, 0x2E, 0x80, 0x34, 0x23, 0x3E, 0x04, 0x90, 0x77, 0xAF, 0xCD, // 0x67C0
  0x70, 0x09, 0x36, 0x03, 0x2E, 0x2F, 0x36, 0x38, 0x2E, 0x45, 0x36, 0x6C, 0x3E, 0x10, 0xFF, 0x37, // 0x67D0
  0xC9, 0x21, 0x53, 0x7E, 0x11, 0x08, 0x00, 0x7E, 0x19, 0xB6, 0x19, 0xB6, 0x2E, 0x17, 0xB6, 0xC9, // 0x67E0
  0x21, 0xEA, 0x19, 0xF7, 0x28, 0x0A, 0x21, 0x2B, 0x1A, 0xE6, 0x01, 0x28, 0x03, 0x21, 0x64, 0x1A, // 0x67F0
  0x3A, 0x6B, 0x7E, 0x47, 0xE5, 0xCD, 0x1A, 0x08, 0xE1, 0x10, 0xF9, 0x3A, 0x1B, 0x7E, 0xCB, 0x57, // 0x6800
  0xC8, 0xF3, 0x21, 0x22, 0x10, 0xCD, 0x84, 0x04, 0xFB, 0xC9, 0x4E, 0x23, 0x7E, 0xE6, 0x05, 0x80, // 0x6810
  0xC6, 0x94, 0x16, 0x7E, 0x5F, 0x23, 0x1A, 0xA6, 0x28, 0x24, 0x4F, 0x2B, 0x7E, 0x23, 0xE6, 0x02, // 0x6820
  0xC6, 0x7D, 0x5F, 0x1A, 0xA1, 0x1E, 0x6D, 0xC2, 0x96, 0x00, 0x23, 0x1E, 0x1B, 0x1A, 0xB6, 0x12, // 0x6830
  0x23, 0x7E, 0x21, 0x6D, 0x7E, 0x86, 0xFE, 0x0F, 0x38, 0x02, 0x3E, 0x0F, 0x77, 0xC9, 0x3E, 0x03, // 0x6840
  0xCF, 0x0D, 0x20, 0xC8, 0xC9, 0x2A, 0x6C, 0x7E, 0x3A, 0x1B, 0x7E, 0x0F, 0xF5, 0x38, 0x01, 0x6C, // 0x6850
  0x11, 0x70, 0x7E, 0xF3, 0x1A, 0x85, 0x85, 0x12, 0xFB, 0xF1, 0xD8, 0x7C, 0xA7, 0xC8, 0x3E, 0x14, // 0x6860
  0xFF, 0x21, 0x46, 0x7E, 0x36, 0x36, 0x7E, 0xA7, 0x20, 0xFC, 0x3C, 0xCD, 0x7C, 0x09, 0x21, 0x10, // 0x6870
  0x7E, 0x7E, 0xC6, 0x01, 0x27, 0x77, 0x2E, 0x6D, 0x35, 0x20, 0xE6, 0x3E, 0x15, 0xFF, 0x3A, 0xAF, // 0x6880
  0x7E, 0x2A, 0xAC, 0x7E, 0x07, 0x07, 0x07, 0x07, 0x57, 0xE6, 0xF0, 0x5F, 0x7A, 0xE6, 0x0F, 0x57, // 0x6890
  0xAF, 0xED, 0x52, 0xD8, 0x2A, 0xAC, 0x7E, 0x7D, 0x93, 0x27, 0x6F, 0x30, 0x01, 0x25, 0x7C, 0x92, // 0x68A0
  0x27, 0x67, 0xEB, 0x21, 0x07, 0x00, 0xAF, 0xED, 0x52, 0x38, 0x03, 0x11, 0x07, 0x00, 0xED, 0x53, // 0x68B0
  0xAC, 0x7E, 0x21, 0x10, 0x7E, 0xAF, 0x77, 0x3E, 0x01, 0xCD, 0xD5, 0x09, 0x21, 0x10, 0x7E, 0x34, // 0x68C0
  0x2E, 0x36, 0xCB, 0xEE, 0xE5, 0x2E, 0x0C, 0x7E, 0xC6, 0x32, 0xBE, 0x20, 0xFD, 0xE1, 0xCB, 0xAE, // 0x68D0
  0xC9, 0xF7, 0x21, 0x1A, 0x7E, 0x30, 0x07, 0xCB, 0x86, 0x2E, 0x30, 0xCB, 0xBE, 0xC9, 0x0F, 0x30, // 0x68E0
  0x2E, 0x2E, 0xA2, 0x3A, 0x93, 0x7E, 0xE6, 0x02, 0x28, 0x03, 0x35, 0x28, 0x03, 0x2B, 0x35, 0xC0, // 0x68F0
  0x2E, 0x1A, 0xCB, 0x8E, 0x3E, 0x09, 0xFF, 0xCB, 0x56, 0x20, 0x09, 0x2E, 0x0D, 0x36, 0x63, 0x2E, // 0x6900
  0xA5, 0x36, 0x00, 0xC9, 0x2E, 0xA4, 0x35, 0x28, 0x16, 0x2B, 0x7E, 0xA7, 0x28, 0x11, 0xC9, 0x0F, // 0x6910
  0xD0, 0x2E, 0xA3, 0x7E, 0xD6, 0x01, 0x27, 0x77, 0x2E, 0x1B, 0xCB, 0x4E, 0xC0, 0xA7, 0xC0, 0xAF, // 0x6920
  0x32, 0x10, 0x7E, 0x32, 0x14, 0x7E, 0x21, 0x0D, 0x7E, 0xE5, 0x36, 0x63, 0x23, 0x77, 0x3E, 0x08, // 0x6930
  0xFF, 0xCD, 0x4E, 0x0E, 0xAF, 0x32, 0x1A, 0x7E, 0xE1, 0x31, 0x00, 0x80, 0xF3, 0x21, 0x26, 0x10, // 0x6940
  0xCD, 0x84, 0x04, 0xFB, 0xC3, 0x94, 0x04, 0x3A, 0x1A, 0x7E, 0x47, 0xE6, 0x18, 0x28, 0x0D, 0x3A, // 0x6950
  0x31, 0x7E, 0xCB, 0x47, 0x20, 0x06, 0x3E, 0x01, 0xA0, 0xF6, 0x20, 0x47, 0x3E, 0x19, 0xFF, 0xC9, // 0x6960
  0x21, 0x4B, 0x7E, 0xCF, 0x3A, 0x81, 0x7E, 0x87, 0x87, 0x87, 0xCF, 0xC9, 0xE5, 0x2A, 0xAC, 0x7E, // 0x6970
  0x85, 0x27, 0x6F, 0x3E, 0x00, 0x8C, 0x27, 0x67, 0x18, 0x10, 0xE5, 0x2A, 0xAC, 0x7E, 0x7D, 0xD6, // 0x6980
  0x01, 0x27, 0x6F, 0x30, 0x05, 0x7C, 0xD6, 0x01, 0x27, 0x67, 0x22, 0xAC, 0x7E, 0xE1, 0xC9, 0xF7, // 0x6990
  0xCC, 0x61, 0x0E, 0xAF, 0x32, 0x10, 0x7E, 0x3E, 0x0D, 0xFF, 0x21, 0x6C, 0x7E, 0x34, 0x7E, 0x4F, // 0x69A0
  0x21, 0x42, 0x10, 0x87, 0xCF, 0x7E, 0x32, 0x6B, 0x7E, 0x23, 0x7E, 0x32, 0x14, 0x7E, 0x21, 0x6E, // 0x69B0
  0x7E, 0x56, 0xF7, 0x38, 0x08, 0x16, 0x03, 0xE6, 0x01, 0x28, 0x02, 0x16, 0x01, 0x79, 0xBA, 0xC0, // 0x69C0
  0x2E, 0x19, 0xCB, 0xC6, 0xC9, 0xF5, 0x01, 0x00, 0x07, 0x21, 0x31, 0x7E, 0xCB, 0xE6, 0x21, 0x0B, // 0x69D0
  0x01, 0x22, 0x39, 0x7E, 0x3A, 0x31, 0x7E, 0xCB, 0x67, 0x28, 0x27, 0x21, 0x02, 0x7E, 0x11, 0x47, // 0x69E0
  0x7E, 0xCB, 0x41, 0x20, 0x08, 0xCB, 0x4E, 0x28, 0x19, 0x0C, 0x3E, 0x1B, 0x12, 0xCB, 0x4E, 0x28, // 0x69F0
  0x2D, 0xCB, 0x79, 0x20, 0x0D, 0x1A, 0xA7, 0x20, 0xF4, 0x01, 0x81, 0x04, 0x2E, 0x31, 0xCB, 0xA6, // 0x6A00
  0x18, 0xCC, 0x2E, 0x39, 0xDF, 0x20, 0xCD, 0x21, 0x31, 0x7E, 0xF3, 0x7E, 0xEE, 0x10, 0x77, 0xFB, // 0x6A10
  0x10, 0xBC, 0x06, 0x03, 0xCB, 0x79, 0x28, 0x01, 0x04, 0xCD, 0x3D, 0x0A, 0x18, 0xA8, 0xCB, 0x81, // 0x6A20
  0x1A, 0xFE, 0x17, 0x30, 0xAF, 0xF1, 0x3D, 0xC0, 0x2E, 0x31, 0xCB, 0xA6, 0xC9, 0x78, 0x21, 0x89, // 0x6A30
  0x10, 0xCF, 0x7E, 0x4F, 0xE6, 0x1F, 0xCF, 0x11, 0x10, 0x7E, 0x1A, 0xF5, 0x7E, 0x12, 0x23, 0x3E, // 0x6A40
  0x06, 0xFF, 0xCB, 0x79, 0x28, 0x06, 0x5E, 0x23, 0x1A, 0xA6, 0x20, 0xFC, 0xCB, 0x71, 0x20, 0x1A, // 0x6A50
  0x21, 0x06, 0x7E, 0xCB, 0x5E, 0x20, 0x0B, 0xCB, 0x69, 0x20, 0xF5, 0x21, 0x03, 0x7E, 0xCB, 0x7E, // 0x6A60
  0x28, 0xEE, 0x2E, 0x03, 0xCB, 0xBE, 0x2E, 0x06, 0xCB, 0x9E, 0xF1, 0x1E, 0x10, 0x12, 0x3E, 0x07, // 0x6A70
  0xFF, 0xC9, 0x11, 0x66, 0x11, 0x06, 0x01, 0xF7, 0xE6, 0x01, 0x20, 0x16, 0x11, 0x88, 0x11, 0x06, // 0x6A80
  0x0E, 0xF7, 0x20, 0x0E, 0x11, 0x68, 0x11, 0x06, 0x0E, 0x3A, 0x1A, 0x7E, 0xE6, 0x18, 0x20, 0x02, // 0x6A90
  0x06, 0x10, 0x2A, 0x76, 0x7E, 0xCD, 0xC6, 0x0A, 0x79, 0xFE, 0x0F, 0x28, 0x09, 0xA7, 0x20, 0x0E, // 0x6AA0
  0x3A, 0x00, 0x7E, 0x0F, 0x30, 0x08, 0x3A, 0x76, 0x7E, 0x0F, 0x30, 0x02, 0x0E, 0x01, 0x79, 0x32, // 0x6AB0
  0x7A, 0x7E, 0xCD, 0xF6, 0x0A, 0xC9, 0x0E, 0x00, 0xC5, 0xE5, 0xEB, 0x23, 0x5E, 0x23, 0x56, 0xCB, // 0x6AC0
  0xBA, 0x01, 0x00, 0x00, 0xCB, 0x7E, 0x28, 0x09, 0x3A, 0x00, 0x7E, 0x3D, 0x4F, 0x87, 0x81, 0x87, // 0x6AD0
  0x4F, 0x3A, 0x6C, 0x7E, 0x3D, 0x87, 0x81, 0x4F, 0xEB, 0x09, 0x4E, 0x23, 0x46, 0xE1, 0x09, 0xC1, // 0x6AE0
  0x0C, 0xD8, 0x10, 0xD4, 0x48, 0xC9, 0x3A, 0x1A, 0x7E, 0x0F, 0x06, 0x04, 0x0F, 0x38, 0x02, 0x10, // 0x6AF0
  0xFB, 0x78, 0x32, 0x7B, 0x7E, 0x21, 0x13, 0x12, 0xCF, 0x7E, 0xCF, 0x3A, 0x7A, 0x7E, 0x87, 0x87, // 0x6B00
  0xCF, 0x01, 0x04, 0x00, 0x11, 0x7C, 0x7E, 0xED, 0xB0, 0xC9, 0x3E, 0x05, 0xCD, 0x70, 0x09, 0x7E, // 0x6B10
  0xFE, 0x15, 0x38, 0x02, 0xD6, 0x15, 0x2E, 0x81, 0x46, 0x23, 0x77, 0x23, 0x36, 0x00, 0x23, 0x36, // 0x6B20
  0xF8, 0x21, 0x8C, 0x10, 0xCF, 0xAF, 0x11, 0x1B, 0x00, 0xC6, 0x05, 0x19, 0x10, 0xFB, 0xD9, 0x21, // 0x6B30
  0x93, 0x10, 0xCF, 0xEB, 0xD9, 0x3E, 0x02, 0x11, 0x85, 0x7E, 0x0E, 0x07, 0xED, 0xB0, 0x0E, 0x4A, // 0x6B40
  0x09, 0x3D, 0x20, 0xF6, 0xCD, 0x70, 0x0C, 0xCD, 0x0B, 0x0D, 0xCD, 0x3B, 0x0D, 0xCD, 0x1A, 0x0D, // 0x6B50
  0xCD, 0x6D, 0x0D, 0xCD, 0x67, 0x0B, 0xC9, 0x78, 0x21, 0x84, 0x7E, 0xCF, 0xEB, 0x21, 0x95, 0x7E, // 0x6B60
  0x01, 0x00, 0x00, 0x3A, 0x6B, 0x7E, 0xF5, 0xE5, 0xD9, 0x1A, 0x13, 0xD9, 0x83, 0x5F, 0x1A, 0xA6, // 0x6B70
  0x77, 0xB0, 0x47, 0xD5, 0x3E, 0x07, 0x83, 0x5F, 0x3E, 0x05, 0xCF, 0x1A, 0xA6, 0x77, 0xB1, 0x4F, // 0x6B80
  0xD1, 0xE1, 0x23, 0xF1, 0x3D, 0x20, 0xDF, 0x2E, 0x93, 0x70, 0x23, 0x71, 0xC9, 0x0E, 0x00, 0x2A, // 0x6B90
  0x9F, 0x7E, 0x7C, 0xB5, 0x20, 0x5E, 0x3A, 0x16, 0x7E, 0xE6, 0xE0, 0xFE, 0xC0, 0xC2, 0xF3, 0x0B, // 0x6BA0
  0x21, 0x4A, 0x13, 0x3A, 0x6C, 0x7E, 0xFE, 0x02, 0x20, 0x03, 0x21, 0xCF, 0x13, 0x3A, 0x7B, 0x7E, // 0x6BB0
  0xCF, 0x7E, 0xCF, 0x3A, 0x7A, 0x7E, 0x87, 0xCF, 0x5E, 0x23, 0x56, 0xEB, 0x5E, 0x23, 0x56, 0x06, // 0x6BC0
  0x00, 0xED, 0x5F, 0xF6, 0x80, 0x23, 0x04, 0x86, 0x30, 0xFB, 0x62, 0x6B, 0x3E, 0x16, 0xCF, 0x10, // 0x6BD0
  0xFB, 0x46, 0x23, 0xE5, 0x3A, 0x82, 0x7E, 0xCF, 0x7E, 0xE1, 0xFE, 0xC8, 0x30, 0xEC, 0x22, 0x9F, // 0x6BE0
  0x7E, 0x18, 0x11, 0x21, 0x34, 0x19, 0x3A, 0x7B, 0x7E, 0xCF, 0x7E, 0xCF, 0x3A, 0x7A, 0x7E, 0xCF, // 0x6BF0
  0x7E, 0xCF, 0x0E, 0x03, 0x3A, 0x81, 0x7E, 0x81, 0xC9, 0xFE, 0x03, 0x30, 0x21, 0x4F, 0x3A, 0x82, // 0x6C00
  0x7E, 0xCF, 0x7E, 0x16, 0x28, 0x0D, 0x28, 0x06, 0x92, 0x30, 0xFD, 0x82, 0x16, 0x08, 0x01, 0x00, // 0x6C10
  0x05, 0x92, 0xCB, 0x19, 0x10, 0xFB, 0x3A, 0x84, 0x7E, 0xA1, 0x20, 0x3C, 0x18, 0x30, 0xE5, 0x87, // 0x6C20
  0x21, 0x73, 0x19, 0xCF, 0x5E, 0x23, 0x56, 0xE1, 0x01, 0x04, 0x00, 0x78, 0xFE, 0x05, 0x28, 0x19, // 0x6C30
  0x3A, 0x82, 0x7E, 0x80, 0xFE, 0x15, 0x38, 0x02, 0xD6, 0x15, 0x04, 0xCB, 0x21, 0xE5, 0xCF, 0x7E, // 0x6C40
  0xE1, 0xA3, 0x28, 0xE7, 0x3A, 0x84, 0x7E, 0xA1, 0xC0, 0xCB, 0x3B, 0x15, 0x20, 0xDA, 0x3A, 0x84, // 0x6C50
  0x7E, 0x06, 0x06, 0x05, 0x07, 0x30, 0xFC, 0xC9, 0x0F, 0x0F, 0x0F, 0x04, 0x0F, 0x30, 0xFC, 0xC9, // 0x6C60
  0x3A, 0x81, 0x7E, 0x3D, 0xC0, 0x21, 0xDC, 0x12, 0x06, 0x01, 0xCD, 0x7E, 0x0C, 0xC9, 0xE5, 0xC5, // 0x6C70
  0x16, 0x7E, 0x5E, 0x23, 0x1A, 0x4F, 0xCD, 0x91, 0x0C, 0xC1, 0xE1, 0x3E, 0x0B, 0xCF, 0x10, 0xEE, // 0x6C80
  0xC9, 0x16, 0x7E, 0x5E, 0x1A, 0xA1, 0x23, 0xA6, 0xC8, 0x3A, 0x83, 0x7E, 0xFE, 0x04, 0xD0, 0x5F, // 0x6C90
  0x23, 0x7E, 0x23, 0xD9, 0x06, 0x7E, 0x4F, 0xD9, 0x7E, 0x23, 0xD9, 0x26, 0x7E, 0x6F, 0xD9, 0x7E, // 0x6CA0
  0x23, 0xFE, 0xF8, 0x28, 0x02, 0x1E, 0xFF, 0x3A, 0x84, 0x7E, 0x0F, 0x0F, 0x0F, 0x47, 0x3E, 0x05, // 0x6CB0
  0x08, 0xD9, 0xE5, 0xD5, 0xC5, 0xD9, 0xCB, 0x38, 0x30, 0x1E, 0xE5, 0xC5, 0x3A, 0x6B, 0x7E, 0x47, // 0x6CC0
  0xD9, 0x1A, 0x13, 0x81, 0x4F, 0x0A, 0xA6, 0x2C, 0xD9, 0xA6, 0xA1, 0x28, 0x06, 0x1C, 0x7B, 0xFE, // 0x6CD0
  0x05, 0x18, 0x03, 0x23, 0x10, 0xEA, 0xC1, 0xE1, 0xCB, 0x1A, 0xD9, 0xC1, 0x0C, 0xD1, 0xE1, 0xD9, // 0x6CE0
  0x08, 0x3D, 0x20, 0xCC, 0x7A, 0xE6, 0xF8, 0xC8, 0x2B, 0xAE, 0x21, 0x84, 0x7E, 0xA6, 0x77, 0x01, // 0x6CF0
  0x00, 0x05, 0x07, 0x38, 0x01, 0x0C, 0x10, 0xFA, 0x2B, 0x71, 0xC9, 0x3A, 0x80, 0x7E, 0xFE, 0x03, // 0x6D00
  0xC0, 0x21, 0xE7, 0x12, 0x06, 0x02, 0xCD, 0x7E, 0x0C, 0xC9, 0x3A, 0x6C, 0x7E, 0xFE, 0x03, 0x28, // 0x6D10
  0x0B, 0xFE, 0x01, 0x28, 0x0D, 0x3A, 0x80, 0x7E, 0xFE, 0x01, 0x20, 0x06, 0x3A, 0x80, 0x7E, 0xFE, // 0x6D20
  0x03, 0xC0, 0x21, 0x29, 0x13, 0x06, 0x03, 0xCD, 0x7E, 0x0C, 0xC9, 0x3A, 0x16, 0x7E, 0xE6, 0xE0, // 0x6D30
  0xFE, 0x20, 0xC0, 0x3A, 0x7C, 0x7E, 0xE6, 0x01, 0xC0, 0x21, 0xFD, 0x12, 0x06, 0x02, 0xCD, 0x7E, // 0x6D40
  0x0C, 0x21, 0x13, 0x13, 0x06, 0x01, 0x3A, 0x7E, 0x7E, 0xE6, 0x40, 0xCC, 0x7E, 0x0C, 0x21, 0x1E, // 0x6D50
  0x13, 0x06, 0x01, 0x3A, 0x7E, 0x7E, 0xE6, 0x80, 0xC0, 0xCD, 0x7E, 0x0C, 0xC9, 0xCD, 0x9D, 0x0B, // 0x6D60
  0xCD, 0x09, 0x0C, 0x3E, 0x06, 0xCD, 0x70, 0x09, 0x3A, 0x82, 0x7E, 0x80, 0xFE, 0x15, 0x38, 0x02, // 0x6D70
  0xD6, 0x15, 0x77, 0xC9, 0x21, 0x15, 0x7E, 0x7E, 0xA7, 0xC8, 0x36, 0x00, 0xC6, 0x10, 0xFF, 0xC9, // 0x6D80
  0x5F, 0x21, 0x1C, 0x7E, 0x7E, 0xFE, 0x0F, 0xD0, 0x34, 0x34, 0x3A, 0x1E, 0x7E, 0xE6, 0x07, 0x2E, // 0x6D90
  0x4B, 0xCF, 0xED, 0x5F, 0xE6, 0x3F, 0x0E, 0x15, 0xD7, 0x77, 0x21, 0x67, 0x1A, 0x7B, 0x87, 0xCF, // 0x6DA0
  0x4E, 0x23, 0x5E, 0x21, 0x1E, 0x7E, 0x7E, 0xE6, 0x07, 0x87, 0x34, 0x23, 0xCF, 0x79, 0xE6, 0x0F, // 0x6DB0
  0xF6, 0x80, 0x77, 0xCB, 0x79, 0x20, 0x07, 0x7B, 0x1C, 0x20, 0x06, 0x78, 0x18, 0x03, 0x16, 0x7E, // 0x6DC0
  0x1A, 0x23, 0x77, 0x79, 0x0F, 0x0F, 0x0F, 0x0F, 0xE6, 0x07, 0xC4, 0x54, 0x0E, 0xC9, 0x3A, 0x7B, // 0x6DD0
  0x7E, 0xFE, 0x03, 0xD0, 0x21, 0x9B, 0x1A, 0xCF, 0x7E, 0xCF, 0x3A, 0x7A, 0x7E, 0xCF, 0x7E, 0xCF, // 0x6DE0
  0xED, 0x5F, 0xF6, 0x80, 0x47, 0xED, 0x5B, 0x78, 0x7E, 0x23, 0x7E, 0x07, 0x07, 0x07, 0xE6, 0x07, // 0x6DF0
  0x28, 0x23, 0xE5, 0x21, 0x21, 0x1B, 0xCF, 0x7E, 0xE1, 0x80, 0x47, 0x23, 0x30, 0xEB, 0xC5, 0x7E, // 0x6E00
  0x07, 0x07, 0x07, 0xE6, 0x07, 0xE5, 0x21, 0x22, 0x1B, 0x87, 0xCF, 0x4E, 0x23, 0x46, 0xE1, 0xEB, // 0x6E10
  0x09, 0xEB, 0xC1, 0x30, 0xD4, 0x7E, 0xE6, 0x1F, 0x32, 0xA5, 0x7E, 0x3E, 0x18, 0xFF, 0xC9, 0x21, // 0x6E20
  0x1B, 0x7E, 0x7E, 0x06, 0x16, 0xE6, 0x06, 0x28, 0x0F, 0x2E, 0x31, 0xCB, 0x86, 0xCB, 0x8E, 0xCB, // 0x6E30
  0x96, 0xCB, 0x9E, 0xCB, 0x57, 0x28, 0x01, 0x04, 0x78, 0xFF, 0xCD, 0x4E, 0x0E, 0xC9, 0x2E, 0x41, // 0x6E40
  0xDF, 0x20, 0xFB, 0xC9, 0x21, 0x1A, 0x1B, 0x87, 0xCF, 0x7E, 0x23, 0x66, 0x6F, 0x22, 0x41, 0x7E, // 0x6E50
  0xC9, 0x21, 0x31, 0x7E, 0xCB, 0x46, 0xC0, 0x3A, 0xA5, 0x7E, 0xFE, 0x12, 0xD8, 0xCB, 0xC6, 0xCB, // 0x6E60
  0xCE, 0xCB, 0xD6, 0xCB, 0xDE, 0xC9, 0x00, 0x00, 0x00, 0x00, 0x00, 0x00, 0x00, 0x00, 0x00, 0x00, // 0x6E70
  0x00, 0x00, 0x00, 0x00, 0x00, 0x00, 0x00, 0x00, 0x00, 0x00, 0x00, 0x00, 0x00, 0x00, 0x00, 0x00, // 0x6E80
  0x00, 0x00, 0x00, 0x00, 0x00, 0x00, 0x00, 0x00, 0x00, 0x00, 0x00, 0x00, 0x00, 0x00, 0x00, 0x00, // 0x6E90
  0x00, 0x00, 0x00, 0x00, 0x00, 0x00, 0x00, 0x00, 0x00, 0x00, 0x00, 0x00, 0x00, 0x00, 0x00, 0x00, // 0x6EA0
  0x00, 0x00, 0x00, 0x00, 0x00, 0x00, 0x00, 0x00, 0x00, 0x00, 0x00, 0x00, 0x00, 0x00, 0x00, 0x00, // 0x6EB0
  0x00, 0x00, 0x00, 0x00, 0x00, 0x00, 0x00, 0x00, 0x00, 0x00, 0x00, 0x00, 0x00, 0x00, 0x00, 0x00, // 0x6EC0
  0x00, 0x00, 0x00, 0x00, 0x00, 0x00, 0x00, 0x00, 0x00, 0x00, 0x00, 0x00, 0x00, 0x00, 0x00, 0x00, // 0x6ED0
  0x00, 0x00, 0x00, 0x00, 0x00, 0x00, 0x00, 0x00, 0x00, 0x00, 0x00, 0x00, 0x00, 0x00, 0x00, 0x00, // 0x6EE0
  0x00, 0x00, 0x00, 0x00, 0x00, 0x00, 0x00, 0x00, 0x00, 0x00, 0x00, 0x00, 0x00, 0x00, 0x00, 0x00, // 0x6EF0
  0x00, 0x00, 0x00, 0x00, 0x00, 0x00, 0x00, 0x00, 0x00, 0x00, 0x00, 0x00, 0x00, 0x00, 0x00, 0x00, // 0x6F00
  0x00, 0x00, 0x00, 0x00, 0x00, 0x00, 0x00, 0x00, 0x00, 0x00, 0x00, 0x00, 0x00, 0x00, 0x00, 0x00, // 0x6F10
  0x00, 0x00, 0x00, 0x00, 0x00, 0x00, 0x00, 0x00, 0x00, 0x00, 0x00, 0x00, 0x00, 0x00, 0x00, 0x00, // 0x6F20
  0x00, 0x00, 0x00, 0x00, 0x00, 0x00, 0x00, 0x00, 0x00, 0x00, 0x00, 0x00, 0x00, 0x00, 0x00, 0x00, // 0x6F30
  0x00, 0x00, 0x00, 0x00, 0x00, 0x00, 0x00, 0x00, 0x00, 0x00, 0x00, 0x00, 0x00, 0x00, 0x00, 0x00, // 0x6F40
  0x00, 0x00, 0x00, 0x00, 0x00, 0x00, 0x00, 0x00, 0x00, 0x00, 0x00, 0x00, 0x00, 0x00, 0x00, 0x00, // 0x6F50
  0x00, 0x00, 0x00, 0x00, 0x00, 0x00, 0x00, 0x00, 0x00, 0x00, 0x00, 0x00, 0x00, 0x00, 0x00, 0x00, // 0x6F60
  0x00, 0x00, 0x00, 0x00, 0x00, 0x00, 0x00, 0x00, 0x00, 0x00, 0x00, 0x00, 0x00, 0x00, 0x00, 0x00, // 0x6F70
  0x00, 0x00, 0x00, 0x00, 0x00, 0x00, 0x00, 0x00, 0x00, 0x00, 0x00, 0x00, 0x00, 0x00, 0x00, 0x00, // 0x6F80
  0x00, 0x00, 0x00, 0x00, 0x00, 0x00, 0x00, 0x00, 0x00, 0x00, 0x00, 0x00, 0x00, 0x00, 0x00, 0x00, // 0x6F90
  0x00, 0x00, 0x00, 0x00, 0x00, 0x00, 0x00, 0x00, 0x00, 0x00, 0x00, 0x00, 0x00, 0x00, 0x00, 0x00, // 0x6FA0
  0x00, 0x00, 0x00, 0x00, 0x00, 0x00, 0x00, 0x00, 0x00, 0x00, 0x00, 0x00, 0x00, 0x00, 0x00, 0x00, // 0x6FB0
  0x00, 0x00, 0x00, 0x00, 0x00, 0x00, 0x00, 0x00, 0x00, 0x00, 0x00, 0x00, 0x00, 0x00, 0x00, 0x00, // 0x6FC0
  0x00, 0x00, 0x00, 0x00, 0x00, 0x00, 0x00, 0x00, 0x00, 0x00, 0x00, 0x00, 0x00, 0x00, 0x00, 0x00, // 0x6FD0
  0x00, 0x00, 0x00, 0x00, 0x00, 0x00, 0x00, 0x00, 0x00, 0x00, 0x00, 0x00, 0x00, 0x00, 0x00, 0x00, // 0x6FE0
  0x00, 0x00, 0x00, 0x00, 0x00, 0x00, 0x00, 0x00, 0x00, 0x00, 0x00, 0x00, 0x00, 0x00, 0x00, 0x00, // 0x6FF0
  0x00, 0x00, 0xCC, 0x00, 0x85, 0xCF, 0x85, 0xFF, 0x85, 0x07, 0x87, 0xCF, 0x87, 0x0F, 0x87, 0x07, // 0x7000
  0x80, 0x11, 0x81, 0x11, 0x82, 0x11, 0x83, 0x11, 0x80, 0x60, 0xA6, 0x7E, 0x14, 0x01, 0xA6, 0x7E, // 0x7010
  0x40, 0x01, 0x76, 0x7E, 0x2F, 0x00, 0x10, 0x7E, 0x96, 0x00, 0x09, 0x01, 0x03, 0x02, 0x06, 0x04, // 0x7020
  0x0C, 0x08, 0x01, 0x02, 0x02, 0x02, 0x02, 0x03, 0x03, 0x03, 0x03, 0x04, 0x05, 0x06, 0x07, 0x08, // 0x7030
  0x09, 0x0A, 0x0B, 0x64, 0x01, 0x80, 0x03, 0xC0, 0x05, 0xE0, 0x3F, 0x06, 0x5B, 0x4F, 0x66, 0x6D, // 0x7040
  0x7D, 0x07, 0x7F, 0x6F, 0x79, 0x73, 0x39, 0x76, 0x71, 0x40, 0x01, 0x88, 0x0F, 0x19, 0x02, 0x06, // 0x7050
  0x0F, 0x14, 0x04, 0x07, 0x12, 0x14, 0x08, 0x88, 0x11, 0x14, 0x10, 0x00, 0x11, 0x00, 0x20, 0x80, // 0x7060
  0x10, 0x00, 0x40, 0x07, 0x10, 0x30, 0x80, 0x08, 0x13, 0x30, 0x03, 0x32, 0x35, 0x36, 0x06, 0x02, // 0x7070
  0x33, 0x34, 0x05, 0x01, 0x31, 0x01, 0x02, 0x2F, 0x30, 0x00, 0xC6, 0x08, 0x08, 0x08, 0x28, 0x08, // 0x7080
  0xCA, 0x07, 0x06, 0xCB, 0xDA, 0xDB, 0xDC, 0xEA, 0x01, 0x01, 0xFE, 0x02, 0xFE, 0x01, 0x01, 0xFE, // 0x7090
  0x01, 0x00, 0x01, 0x01, 0xFE, 0x00, 0x02, 0x00, 0x02, 0x01, 0x02, 0x00, 0xC0, 0xC0, 0x00, 0x02, // 0x70A0
  0x01, 0x02, 0x00, 0x00, 0x00, 0x00, 0x02, 0x00, 0x02, 0x00, 0x3C, 0x3C, 0x00, 0x02, 0x01, 0x02, // 0x70B0
  0x00, 0xC0, 0x03, 0xCD, 0x01, 0x03, 0xCD, 0x01, 0x01, 0x01, 0x03, 0x31, 0x01, 0x01, 0x01, 0x03, // 0x70C0
  0x31, 0x01, 0x03, 0x01, 0x01, 0xCD, 0x01, 0x03, 0xCD, 0x01, 0x03, 0xCD, 0x01, 0x55, 0x03, 0x01, // 0x70D0
  0x01, 0x01, 0xA9, 0x03, 0x01, 0xA9, 0x03, 0x01, 0xA9, 0x01, 0x01, 0x03, 0x01, 0x55, 0x03, 0x01, // 0x70E0
  0x01, 0x01, 0x55, 0x03, 0x01, 0x01, 0x01, 0xA9, 0x00, 0x00, 0x00, 0x00, 0x00, 0x83, 0x83, 0x00, // 0x70F0
  0x00, 0x00, 0x00, 0x00, 0x3C, 0x3C, 0x00, 0x00, 0x00, 0x00, 0x00, 0x40, 0x40, 0x00, 0x00, 0x00, // 0x7100
  0x00, 0x00, 0x83, 0x00, 0x0C, 0x00, 0x00, 0x0C, 0x00, 0x00, 0x00, 0x00, 0x33, 0x00, 0x80, 0x00, // 0x7110
  0x00, 0x33, 0x00, 0x00, 0x00, 0x00, 0x0C, 0x40, 0x00, 0x0C, 0x00, 0x00, 0x0C, 0x00, 0x15, 0x00, // 0x7120
  0x00, 0x00, 0x00, 0x2A, 0x00, 0x00, 0x2A, 0x00, 0x80, 0x2A, 0x00, 0x00, 0x00, 0x40, 0x15, 0x00, // 0x7130
  0x00, 0x40, 0x40, 0x15, 0x00, 0x00, 0x00, 0x00, 0x2A, 0x3F, 0x6D, 0x40, 0x3E, 0x2F, 0x38, 0x16, // 0x7140
  0xE0, 0x9F, 0x00, 0xA0, 0x00, 0x6C, 0x00, 0x80, 0x00, 0x19, 0x00, 0xFF, 0xFF, 0xFF, 0xFF, 0xFF, // 0x7150
  0xFF, 0xFF, 0xFF, 0xFF, 0xFF, 0xFF, 0xFF, 0xA5, 0x11, 0xF5, 0x11, 0xFB, 0x11, 0xFB, 0x11, 0xFB, // 0x7160
  0x11, 0xFB, 0x11, 0xFB, 0x11, 0xFB, 0x11, 0xFB, 0x11, 0xFB, 0x11, 0xFB, 0x11, 0xFB, 0x11, 0xFB, // 0x7170
  0x11, 0xFB, 0x11, 0xEF, 0x11, 0xCB, 0x91, 0xA7, 0x91, 0x01, 0x12, 0x07, 0x12, 0x07, 0x12, 0x07, // 0x7180
  0x12, 0x07, 0x12, 0x07, 0x12, 0x07, 0x12, 0x07, 0x12, 0x07, 0x12, 0x07, 0x12, 0x07, 0x12, 0x07, // 0x7190
  0x12, 0x07, 0x12, 0x0D, 0x12, 0xB0, 0xFE, 0x2C, 0x00, 0x5C, 0x00, 0x1E, 0x00, 0x2C, 0x00, 0x5C, // 0x71A0
  0x00, 0x50, 0x00, 0x2C, 0x00, 0x5C, 0x00, 0x73, 0x00, 0x2C, 0x00, 0x5C, 0x00, 0x78, 0x00, 0x2C, // 0x71B0
  0x00, 0x5C, 0x00, 0x7D, 0x00, 0x2C, 0x00, 0x5C, 0x00, 0x7D, 0x00, 0x0C, 0x00, 0x21, 0x00, 0x22, // 0x71C0
  0x01, 0x0C, 0x00, 0x21, 0x00, 0xF0, 0x00, 0x0C, 0x00, 0x21, 0x00, 0xCD, 0x00, 0x0C, 0x00, 0x21, // 0x71D0
  0x00, 0xC8, 0x00, 0x0C, 0x00, 0x21, 0x00, 0xE1, 0x00, 0x0C, 0x00, 0x21, 0x00, 0xD7, 0x00, 0x14, // 0x71E0
  0x23, 0x14, 0x23, 0x14, 0x23, 0xC8, 0x00, 0x90, 0x01, 0x00, 0x04, 0xD6, 0x06, 0x74, 0x0E, 0xEF, // 0x71F0
  0x11, 0x44, 0x48, 0xE8, 0x80, 0xAA, 0x82, 0x1E, 0x00, 0x28, 0x00, 0x32, 0x00, 0x24, 0x49, 0x24, // 0x7200
  0x49, 0x24, 0x49, 0x05, 0x48, 0x83, 0x02, 0xBD, 0x00, 0xFF, 0x00, 0xFF, 0x01, 0xFE, 0x00, 0xFF, // 0x7210
  0x04, 0xFB, 0x00, 0xFF, 0x08, 0xF7, 0x00, 0xFF, 0x10, 0xEF, 0x00, 0xFF, 0x20, 0xDF, 0x00, 0xFF, // 0x7220
  0x40, 0xBF, 0x00, 0xFF, 0x80, 0x7F, 0x00, 0xFF, 0x00, 0xFF, 0x01, 0xFE, 0x00, 0xFF, 0x02, 0xFD, // 0x7230
  0x00, 0xFF, 0x04, 0xFB, 0x00, 0xFF, 0x08, 0xF7, 0x00, 0xFF, 0x10, 0xEF, 0x00, 0xFF, 0x20, 0xDF, // 0x7240
  0x02, 0xFD, 0x00, 0xFF, 0x00, 0xFF, 0x80, 0x40, 0x00, 0xFF, 0x40, 0x80, 0x00, 0xFF, 0x40, 0xBF, // 0x7250
  0x01, 0xFE, 0x40, 0xBF, 0x04, 0xFB, 0x40, 0xBF, 0x08, 0xF7, 0x40, 0xBF, 0x10, 0xEF, 0x40, 0xBF, // 0x7260
  0x20, 0xDF, 0x40, 0xBF, 0x40, 0xBF, 0x40, 0xBF, 0x80, 0x7F, 0x40, 0xBF, 0x00, 0xFF, 0x41, 0xBE, // 0x7270
  0x00, 0xFF, 0x42, 0xBD, 0x00, 0xFF, 0x44, 0xBB, 0x00, 0xFF, 0x48, 0xB7, 0x00, 0xFF, 0x50, 0xAF, // 0x7280
  0x00, 0xFF, 0x60, 0x9F, 0x02, 0xFD, 0x40, 0xBF, 0x00, 0xFF, 0x80, 0x7F, 0x01, 0xFE, 0x80, 0x7F, // 0x7290
  0x04, 0xFB, 0x80, 0x7F, 0x08, 0xF7, 0x80, 0x7F, 0x10, 0xEF, 0x80, 0x7F, 0x20, 0xDF, 0x80, 0x7F, // 0x72A0
  0x40, 0xBF, 0x80, 0x7F, 0x80, 0x7F, 0x80, 0x7F, 0x00, 0xFF, 0x81, 0x7E, 0x00, 0xFF, 0x82, 0x7D, // 0x72B0
  0x00, 0xFF, 0x84, 0x7B, 0x00, 0xFF, 0x88, 0x77, 0x00, 0xFF, 0x90, 0x6F, 0x00, 0xFF, 0xA0, 0x5F, // 0x72C0
  0x02, 0xFD, 0x80, 0x7F, 0x00, 0xFF, 0x00, 0xFF, 0x02, 0xFD, 0x00, 0xFF, 0x7D, 0x93, 0x01, 0x85, // 0x72D0
  0x95, 0xF8, 0x01, 0x01, 0x01, 0x01, 0x01, 0x7D, 0x93, 0xFE, 0x85, 0x95, 0xF8, 0xFE, 0xFE, 0xFE, // 0x72E0
  0xFE, 0xFE, 0x7F, 0x94, 0xFF, 0x8C, 0x9A, 0xF8, 0xFF, 0xFF, 0xFF, 0xFF, 0xFF, 0x7D, 0x93, 0xFC, // 0x72F0
  0x85, 0x95, 0xF8, 0x00, 0xC0, 0xFC, 0xC0, 0xFC, 0x7F, 0x94, 0x3F, 0x8C, 0x9A, 0xF8, 0x00, 0x3F, // 0x7300
  0x03, 0x3F, 0x03, 0x7F, 0x94, 0x40, 0x8C, 0x9A, 0xF8, 0x00, 0x00, 0x40, 0x00, 0x40, 0x7F, 0x94, // 0x7310
  0x80, 0x8C, 0x9A, 0xF8, 0x00, 0x80, 0x80, 0x80, 0x80, 0x7E, 0x94, 0xC0, 0x8C, 0x9A, 0x00, 0xC0, // 0x7320
  0xC0, 0xC0, 0xC0, 0xC0, 0x7C, 0x93, 0xFF, 0x85, 0x95, 0x00, 0xFF, 0xFF, 0xFF, 0xFF, 0xFF, 0x7E, // 0x7330
  0x94, 0x3F, 0x8C, 0x9A, 0x00, 0x3F, 0x3F, 0x3F, 0x3F, 0x3F, 0x05, 0x26, 0x43, 0x60, 0x7D, 0x7B, // 0x7340
  0x14, 0x74, 0x14, 0x65, 0x14, 0x65, 0x14, 0x65, 0x14, 0x65, 0x14, 0x65, 0x14, 0x65, 0x14, 0x65, // 0x7350
  0x14, 0x65, 0x14, 0x65, 0x14, 0x65, 0x14, 0x65, 0x14, 0x65, 0x14, 0x6C, 0x14, 0x59, 0x14, 0x4F, // 0x7360
  0x14, 0x4F, 0x14, 0x8E, 0x14, 0x4F, 0x14, 0x4F, 0x14, 0x4F, 0x14, 0x4F, 0x14, 0x4F, 0x14, 0x4F, // 0x7370
  0x14, 0x4F, 0x14, 0x4F, 0x14, 0x4F, 0x14, 0x4F, 0x14, 0x4F, 0x14, 0x4F, 0x14, 0x6C, 0x14, 0x59, // 0x7380
  0x14, 0x8E, 0x14, 0x59, 0x14, 0x59, 0x14, 0x59, 0x14, 0x59, 0x14, 0x59, 0x14, 0x59, 0x14, 0x59, // 0x7390
  0x14, 0x59, 0x14, 0x59, 0x14, 0x59, 0x14, 0x59, 0x14, 0x59, 0x14, 0x6C, 0x14, 0x7B, 0x14, 0x74, // 0x73A0
  0x14, 0x65, 0x14, 0x65, 0x14, 0x65, 0x14, 0x65, 0x14, 0x65, 0x14, 0x65, 0x14, 0x65, 0x14, 0x65, // 0x73B0
  0x14, 0x65, 0x14, 0x65, 0x14, 0x65, 0x14, 0x65, 0x14, 0x6C, 0x14, 0x7B, 0x14, 0x6C, 0x14, 0x04, // 0x73C0
  0x25, 0x42, 0x5F, 0x7B, 0x14, 0x74, 0x14, 0xA0, 0x14, 0xA0, 0x14, 0xA0, 0x14, 0xA0, 0x14, 0xA0, // 0x73D0
  0x14, 0xA0, 0x14, 0xA0, 0x14, 0xA0, 0x14, 0xA0, 0x14, 0xA0, 0x14, 0xA0, 0x14, 0xA0, 0x14, 0x6C, // 0x73E0
  0x14, 0x59, 0x14, 0x4F, 0x14, 0x4F, 0x14, 0x8E, 0x14, 0x92, 0x14, 0x92, 0x14, 0x92, 0x14, 0x92, // 0x73F0
  0x14, 0x92, 0x14, 0x92, 0x14, 0x92, 0x14, 0x92, 0x14, 0x92, 0x14, 0x92, 0x14, 0x92, 0x14, 0x92, // 0x7400
  0x14, 0x6C, 0x14, 0x59, 0x14, 0x8E, 0x14, 0x99, 0x14, 0x99, 0x14, 0x99, 0x14, 0x99, 0x14, 0x99, // 0x7410
  0x14, 0x99, 0x14, 0x99, 0x14, 0x99, 0x14, 0x99, 0x14, 0x99, 0x14, 0x99, 0x14, 0x99, 0x14, 0x6C, // 0x7420
  0x14, 0x7B, 0x14, 0x74, 0x14, 0xA0, 0x14, 0xA0, 0x14, 0xA0, 0x14, 0xA0, 0x14, 0xA0, 0x14, 0xA0, // 0x7430
  0x14, 0xA0, 0x14, 0xA0, 0x14, 0xA0, 0x14, 0xA0, 0x14, 0xA0, 0x14, 0xA0, 0x14, 0x6C, 0x14, 0x90, // 0x7440
  0x14, 0x19, 0x01, 0x0D, 0x07, 0x22, 0x1A, 0x15, 0x01, 0x40, 0x15, 0x01, 0x0A, 0x04, 0x0A, 0x03, // 0x7450
  0x0A, 0x14, 0x14, 0x19, 0x19, 0x1C, 0x16, 0x01, 0x37, 0x26, 0x0C, 0x16, 0x8A, 0x16, 0x04, 0x50, // 0x7460
  0x0F, 0x0C, 0x0F, 0x02, 0x0E, 0x17, 0x11, 0x0F, 0x26, 0x29, 0x11, 0x7C, 0x17, 0x23, 0x04, 0x16, // 0x7470
  0x02, 0x1B, 0x01, 0x01, 0x05, 0x09, 0x05, 0x01, 0x02, 0x01, 0x06, 0x04, 0x02, 0x01, 0xF2, 0x18, // 0x7480
  0x40, 0x40, 0x90, 0x14, 0x19, 0x19, 0x1A, 0x1A, 0x1A, 0x40, 0x15, 0x19, 0x19, 0x1A, 0x1A, 0x1A, // 0x7490
  0x1C, 0x16, 0x20, 0x20, 0x20, 0x20, 0x03, 0x78, 0x50, 0x34, 0x0A, 0xD2, 0xC8, 0xA0, 0x82, 0x51, // 0x74A0
  0x32, 0x02, 0xC8, 0xD0, 0xA4, 0x98, 0x68, 0x38, 0x0C, 0xCE, 0xDA, 0xAA, 0x04, 0x81, 0x58, 0x2C, // 0x74B0
  0xD0, 0xD0, 0xCA, 0xD0, 0x78, 0x5A, 0x30, 0xCA, 0xD0, 0xC8, 0xDA, 0x80, 0x64, 0x40, 0xDA, 0xD0, // 0x74C0
  0xCE, 0xCC, 0x02, 0xCA, 0xD8, 0xAC, 0x78, 0x5A, 0x2A, 0x08, 0xD2, 0xCA, 0xA8, 0x7A, 0x5A, 0x32, // 0x74D0
  0x00, 0xD0, 0xCC, 0xA0, 0x90, 0x60, 0x34, 0x06, 0x05, 0xD0, 0xC8, 0xBC, 0x81, 0x52, 0x28, 0x01, // 0x74E0
  0xEA, 0xD0, 0xA1, 0x82, 0x50, 0x42, 0x0C, 0xC8, 0xD0, 0xB8, 0x8C, 0x5C, 0x28, 0x10, 0x02, 0xD0, // 0x74F0
  0xD0, 0xD4, 0xD6, 0xD0, 0xD4, 0xD6, 0xD0, 0xD4, 0xD6, 0xAA, 0xAC, 0xA8, 0x5C, 0xD0, 0xD4, 0xD0, // 0x7500
  0xD0, 0xD4, 0xD4, 0xD0, 0x07, 0xD0, 0xA0, 0x7C, 0x58, 0x2A, 0x00, 0xC8, 0xCA, 0xA8, 0x78, 0x52, // 0x7510
  0x28, 0x02, 0xD4, 0xCC, 0xA6, 0x90, 0x60, 0x3C, 0x04, 0xCE, 0x08, 0xA8, 0x80, 0x54, 0x30, 0x0A, // 0x7520
  0xCA, 0xD0, 0xA2, 0x92, 0x58, 0x2A, 0x0A, 0xC8, 0xD2, 0xAC, 0x7C, 0x68, 0x3A, 0x0C, 0xCC, 0xCA, // 0x7530
  0x01, 0xE8, 0xE8, 0xC0, 0xE8, 0xE8, 0xE8, 0xC0, 0xE8, 0xE8, 0xC0, 0xC0, 0xC0, 0xC0, 0xC0, 0xE8, // 0x7540
  0xE8, 0xC0, 0xE8, 0xE8, 0xE8, 0xC0, 0x02, 0x89, 0x58, 0x2C, 0x12, 0xD0, 0xE9, 0xBA, 0x88, 0x5D, // 0x7550
  0x2A, 0x10, 0xD1, 0xC8, 0xC4, 0x92, 0x64, 0x31, 0x04, 0xD8, 0xD2, 0xA4, 0x03, 0x79, 0x60, 0x34, // 0x7560
  0x02, 0xE8, 0xE1, 0xC2, 0x90, 0x61, 0x32, 0x04, 0xD9, 0xD0, 0xA0, 0x82, 0x54, 0x39, 0x08, 0xC8, // 0x7570
  0xDE, 0xAC, 0x04, 0xD2, 0xC8, 0xB5, 0x80, 0x50, 0x2A, 0x00, 0xE9, 0xE2, 0xB0, 0x85, 0x52, 0x3D, // 0x7580
  0x08, 0xC8, 0xC8, 0xBA, 0x88, 0x58, 0x29, 0x14, 0x05, 0xC8, 0xD8, 0xAC, 0x88, 0x5A, 0x28, 0x20, // 0x7590
  0xE0, 0xDC, 0xAA, 0x78, 0x60, 0x30, 0x04, 0xD0, 0xEA, 0xB0, 0x80, 0x50, 0x3C, 0x08, 0x01, 0xDE, // 0x75A0
  0xE8, 0xCD, 0xCC, 0xEC, 0xCC, 0xE8, 0xD4, 0xC8, 0xD8, 0xA4, 0xA2, 0x81, 0x50, 0x0C, 0x00, 0x06, // 0x75B0
  0xD1, 0xD8, 0xD4, 0xC8, 0x07, 0xB2, 0x80, 0x55, 0x38, 0x08, 0xEA, 0xE1, 0xB0, 0x86, 0x50, 0x39, // 0x75C0
  0x0A, 0xC8, 0xED, 0xB8, 0x9A, 0x69, 0x38, 0x0C, 0xC8, 0xCA, 0x08, 0xA8, 0x98, 0x6D, 0x3A, 0x0C, // 0x75D0
  0xC9, 0xEA, 0xB8, 0x89, 0x5A, 0x2D, 0x20, 0xE4, 0xD8, 0xAA, 0x9D, 0x68, 0x3A, 0x08, 0xCD, 0xDE, // 0x75E0
  0x09, 0xAA, 0x9A, 0x6C, 0x60, 0x32, 0x00, 0xE8, 0xBA, 0x88, 0x5C, 0x50, 0x4A, 0x18, 0xD8, 0xAC, // 0x75F0
  0x78, 0x6A, 0x60, 0x34, 0x06, 0xD8, 0x0A, 0xD0, 0xA0, 0x8C, 0x58, 0x30, 0x04, 0xE0, 0xD8, 0xB8, // 0x7600
  0x88, 0x5C, 0x28, 0x14, 0xD0, 0xD0, 0xA0, 0x98, 0x68, 0x38, 0x0C, 0xDC, 0x01, 0xD0, 0xC0, 0x94, // 0x7610
  0x60, 0x30, 0x02, 0xEC, 0xE0, 0xB4, 0x80, 0x50, 0x48, 0x18, 0xDC, 0xD0, 0xA0, 0x90, 0x60, 0x34, // 0x7620
  0x00, 0xD8, 0x02, 0x8A, 0x58, 0x28, 0x24, 0xE0, 0xDA, 0xAC, 0x78, 0x72, 0x44, 0x10, 0xD2, 0xC8, // 0x7630
  0xC0, 0x94, 0x60, 0x4A, 0x18, 0xD8, 0xD4, 0xA0, 0x03, 0x7C, 0x60, 0x30, 0x02, 0xE9, 0xE4, 0xB2, // 0x7640
  0x81, 0x54, 0x4A, 0x18, 0xDC, 0xD1, 0xA1, 0x9A, 0x68, 0x3C, 0x08, 0xC9, 0xDA, 0xA8, 0x04, 0xD4, // 0x7650
  0xC8, 0xB0, 0x82, 0x50, 0x4C, 0x1A, 0xD8, 0xD4, 0xA2, 0x98, 0x6C, 0x38, 0x08, 0xCA, 0xE8, 0xBC, // 0x7660
  0x88, 0x58, 0x42, 0x10, 0x01, 0xCA, 0xD8, 0xA8, 0x7C, 0x70, 0x42, 0x14, 0xD0, 0xCA, 0xC4, 0x90, // 0x7670
  0x62, 0x30, 0x00, 0xEC, 0xE0, 0xB2, 0x80, 0x50, 0x3C, 0x08, 0x04, 0xB2, 0x80, 0x50, 0x4C, 0x18, // 0x7680
  0xDA, 0xD4, 0xA0, 0x9A, 0x6C, 0x38, 0x0A, 0xC8, 0xE8, 0xBC, 0x88, 0x5A, 0x28, 0x10, 0xD4, 0xC8, // 0x7690
  0x06, 0xDC, 0xD0, 0xC8, 0xE8, 0xE0, 0xDC, 0xD0, 0xC8, 0xEC, 0xE0, 0xB0, 0x98, 0xB8, 0x8C, 0x58, // 0x76A0
  0x28, 0x24, 0xE0, 0xD8, 0xE8, 0xE0, 0x03, 0xD0, 0xC8, 0xC0, 0x90, 0x64, 0x30, 0x00, 0xEC, 0xE0, // 0x76B0
  0xB0, 0x80, 0x50, 0x3C, 0x08, 0xC8, 0xEC, 0xB8, 0x88, 0x58, 0x40, 0x14, 0x04, 0x78, 0x64, 0x30, // 0x76C0
  0x00, 0xE8, 0xE0, 0xB4, 0x80, 0x50, 0x4C, 0x18, 0xD8, 0xD0, 0xA0, 0x8C, 0x58, 0x28, 0x24, 0xE0, // 0x76D0
  0xD8, 0xA8, 0x05, 0xD8, 0xD4, 0xA0, 0x98, 0x68, 0x38, 0x0C, 0xC8, 0xE8, 0xBC, 0x88, 0x58, 0x28, // 0x76E0
  0x10, 0xD4, 0xC8, 0xC0, 0x94, 0x60, 0x30, 0x00, 0x02, 0x88, 0x58, 0x28, 0x20, 0xE4, 0xD8, 0xA8, // 0x76F0
  0x7C, 0x70, 0x40, 0x10, 0xD0, 0xCC, 0xB0, 0x80, 0x54, 0x48, 0x18, 0xD8, 0xD0, 0xA4, 0x03, 0xD8, // 0x7700
  0xD4, 0xA0, 0x98, 0x6C, 0x38, 0x0C, 0xC8, 0xE8, 0xBC, 0x88, 0x58, 0x7C, 0x60, 0x30, 0x04, 0xC0, // 0x7710
  0x94, 0x60, 0x30, 0x04, 0x05, 0x0C, 0xC8, 0xDC, 0xA8, 0x88, 0xD4, 0xC8, 0x20, 0xE4, 0xD8, 0x20, // 0x7720
  0xCC, 0xD8, 0xA8, 0x78, 0x70, 0x2C, 0xB0, 0x98, 0x68, 0xD8, 0x01, 0xD8, 0x30, 0x24, 0xE0, 0xDC, // 0x7730
  0xAA, 0x79, 0xCC, 0x4A, 0x19, 0x88, 0x50, 0x2C, 0x1C, 0xE2, 0xD0, 0xA4, 0xCA, 0xDC, 0xE8, 0x90, // 0x7740
  0x02, 0xD0, 0xE8, 0xE0, 0xDC, 0xD0, 0xD0, 0xCC, 0xE8, 0xE0, 0xDC, 0xC0, 0x90, 0x64, 0x80, 0x14, // 0x7750
  0x30, 0x00, 0xD8, 0xD4, 0xCC, 0xD8, 0x01, 0xD0, 0xC8, 0xDC, 0xD0, 0xD8, 0xD4, 0xE0, 0xD8, 0xD0, // 0x7760
  0xCC, 0x30, 0x00, 0xDE, 0xD0, 0xA4, 0x80, 0xCE, 0xE0, 0xE8, 0xE4, 0xD8, 0x03, 0xD8, 0xD4, 0xE8, // 0x7770
  0xE0, 0xD4, 0xC8, 0xC8, 0xEC, 0xE0, 0xE4, 0x5A, 0x28, 0x20, 0x94, 0x6A, 0x30, 0x24, 0xE0, 0xDE, // 0x7780
  0xD0, 0xC8, 0x10, 0xCD, 0xD8, 0xD2, 0xDC, 0xD0, 0xCA, 0xDC, 0xD0, 0xBA, 0x8C, 0x58, 0x2A, 0x08, // 0x7790
  0xCA, 0xDC, 0xD0, 0xE0, 0xDA, 0xD4, 0xC8, 0xD0, 0x03, 0xD8, 0xEC, 0xE2, 0xD8, 0xD4, 0x28, 0x08, // 0x77A0
  0xCC, 0xE8, 0xE0, 0xD8, 0xD0, 0x48, 0x1C, 0xE0, 0xD8, 0xE8, 0xE4, 0x66, 0x30, 0x18, 0x04, 0xD0, // 0x77B0
  0xCC, 0xE2, 0xD8, 0xD4, 0xC8, 0xE2, 0xB4, 0x80, 0x52, 0x44, 0x10, 0xD6, 0xCC, 0xE8, 0xE0, 0xE0, // 0x77C0
  0xDC, 0xD4, 0xD8, 0xD0, 0x05, 0xD4, 0xDE, 0x58, 0x39, 0x08, 0xCA, 0xD9, 0xD0, 0xCA, 0xE9, 0xE0, // 0x77D0
  0xD8, 0xD4, 0xD0, 0xCA, 0xE0, 0xDC, 0x30, 0x18, 0xDA, 0xD8, 0x06, 0xD0, 0xCC, 0xE0, 0xD8, 0xD4, // 0x77E0
  0xC8, 0xB8, 0x8C, 0x58, 0x28, 0x0C, 0xC8, 0xD8, 0xD4, 0xC8, 0xE0, 0xD8, 0xDC, 0xD4, 0xC8, 0xD8, // 0x77F0
  0x07, 0xD0, 0xCC, 0x40, 0x10, 0xD4, 0xD0, 0xC8, 0xEC, 0xE0, 0xD8, 0xD0, 0xC8, 0xDC, 0xD4, 0xC8, // 0x7800
  0xE8, 0x40, 0x14, 0xD4, 0xC8, 0xD8, 0x08, 0xD0, 0xCC, 0xE0, 0xD8, 0xD4, 0xC8, 0xD8, 0xD4, 0xC8, // 0x7810
  0xE8, 0xE4, 0xD8, 0xD4, 0x30, 0x00, 0x30, 0x00, 0xD4, 0xCC, 0xD8, 0xD0, 0x09, 0xCC, 0xB0, 0x82, // 0x7820
  0x60, 0x34, 0x01, 0xD8, 0xD4, 0xC9, 0xDC, 0xD4, 0xD9, 0xD0, 0xC9, 0xEC, 0xE0, 0xD9, 0xD4, 0xCC, // 0x7830
  0xD8, 0xD0, 0x0A, 0xDA, 0xD4, 0xE0, 0xD8, 0xD2, 0xD9, 0xD4, 0xEA, 0xE1, 0xD8, 0x86, 0x50, 0x28, // 0x7840
  0x1D, 0xD8, 0xD0, 0xEA, 0xE4, 0xD8, 0xD4, 0xC8, 0x0B, 0xD0, 0x50, 0x3C, 0x08, 0xDC, 0xD0, 0xC8, // 0x7850
  0xEC, 0x68, 0x38, 0x0C, 0xC8, 0xD8, 0xD4, 0xC8, 0x58, 0x2A, 0x1C, 0xDC, 0xE2, 0xD8, 0x0C, 0x8A, // 0x7860
  0x58, 0x28, 0x24, 0xE0, 0xDA, 0xD4, 0x78, 0x72, 0x44, 0x10, 0xD2, 0xC8, 0xE8, 0x94, 0x60, 0x4A, // 0x7870
  0x18, 0xD8, 0xD4, 0xC8, 0x0D, 0x7C, 0x60, 0x30, 0x02, 0xE9, 0xE4, 0xB2, 0x81, 0x54, 0x4A, 0x18, // 0x7880
  0xDC, 0xD1, 0xA1, 0x9A, 0x68, 0x3C, 0x08, 0xC9, 0xDA, 0xA8, 0x0E, 0xD4, 0xC8, 0xB0, 0x82, 0x50, // 0x7890
  0x4C, 0x1A, 0xD8, 0xD4, 0xA2, 0x98, 0x6C, 0x38, 0x08, 0xCA, 0xE8, 0xBC, 0x88, 0x58, 0x42, 0x10, // 0x78A0
  0x0F, 0xCA, 0xD8, 0xA8, 0x7C, 0x70, 0x42, 0x14, 0xD0, 0xCA, 0xC4, 0x90, 0x62, 0x30, 0x00, 0xEC, // 0x78B0
  0xE0, 0xB2, 0x80, 0x50, 0x3C, 0x08, 0x01, 0xB2, 0x80, 0x50, 0x4C, 0x18, 0xDA, 0xD4, 0xA0, 0x9A, // 0x78C0
  0x6C, 0x38, 0x0A, 0xC8, 0xE8, 0xBC, 0x88, 0x5A, 0x28, 0x10, 0xD4, 0xC8, 0x11, 0xD4, 0xD0, 0xCD, // 0x78D0
  0x58, 0x28, 0x10, 0xD4, 0xC8, 0xD0, 0xCC, 0x60, 0x30, 0x10, 0xD4, 0xC8, 0xD8, 0xD0, 0xE4, 0xD8, // 0x78E0
  0xD2, 0xC8, 0x02, 0xD4, 0xC8, 0x38, 0x08, 0xC8, 0xEC, 0xE0, 0xDA, 0xD0, 0xC8, 0xD0, 0xCC, 0xD8, // 0x78F0
  0xD0, 0xC8, 0xD0, 0x2C, 0x10, 0xE8, 0xE0, 0xD8, 0x02, 0x30, 0x20, 0x1C, 0xB0, 0xA8, 0x7C, 0x72, // 0x7900
  0x44, 0x10, 0x08, 0xCA, 0xC0, 0x94, 0x3A, 0x30, 0x04, 0x1A, 0x60, 0xAC, 0x78, 0x60, 0x01, 0xD0, // 0x7910
  0xE8, 0xE6, 0xD8, 0xD0, 0xCC, 0xEA, 0xE0, 0xDC, 0xD2, 0x54, 0x1A, 0x04, 0x12, 0xAC, 0xA0, 0x60, // 0x7920
  0xD0, 0xD4, 0xCE, 0xDC, 0x05, 0x15, 0x23, 0x31, 0x3F, 0x48, 0x71, 0x85, 0x84, 0x83, 0x82, 0x81, // 0x7930
  0x80, 0x7F, 0x7E, 0x7D, 0x7C, 0x7B, 0x7A, 0x8E, 0x39, 0x4D, 0x37, 0x60, 0x4A, 0x49, 0x48, 0x47, // 0x7940
  0x46, 0x45, 0x44, 0x43, 0x42, 0x41, 0x40, 0x3F, 0x7D, 0x28, 0x51, 0x26, 0x25, 0x24, 0x23, 0x22, // 0x7950
  0x21, 0x20, 0x1F, 0x1E, 0x1D, 0x1C, 0x1B, 0x6E, 0x19, 0x42, 0x56, 0x55, 0x54, 0x53, 0x52, 0x51, // 0x7960
  0x50, 0x4F, 0x4E, 0x4D, 0x4C, 0x4B, 0x5F, 0x1F, 0x5D, 0x04, 0x03, 0x80, 0x03, 0x10, 0x03, 0x02, // 0x7970
  0x02, 0x00, 0x10, 0x02, 0x80, 0x00, 0x90, 0x42, 0x00, 0x00, 0x02, 0x90, 0x00, 0x80, 0x00, 0x42, // 0x7980
  0x90, 0x00, 0x40, 0x00, 0x92, 0x60, 0x00, 0x10, 0x02, 0x80, 0x00, 0x90, 0x42, 0x00, 0x00, 0x02, // 0x7990
  0x90, 0x00, 0x80, 0x00, 0x42, 0x90, 0x00, 0x00, 0x42, 0x92, 0x80, 0x80, 0x10, 0x82, 0x00, 0x00, // 0x79A0
  0x10, 0x02, 0x80, 0x00, 0x82, 0x12, 0x00, 0x80, 0x00, 0x02, 0x92, 0xC0, 0x00, 0x02, 0x12, 0x02, // 0x79B0
  0x10, 0x00, 0x00, 0x90, 0x02, 0x00, 0x80, 0x02, 0x10, 0x00, 0x82, 0x00, 0x00, 0x90, 0x00, 0x82, // 0x79C0
  0x00, 0x80, 0x10, 0x00, 0x82, 0x00, 0x10, 0x00, 0x00, 0x42, 0x00, 0x90, 0x02, 0x00, 0x00, 0x00, // 0x79D0
  0x50, 0x02, 0x80, 0x10, 0x82, 0x00, 0x00, 0x00, 0x10, 0x82, 0x10, 0x00, 0x01, 0x00, 0x02, 0x00, // 0x79E0
  0x04, 0x00, 0x0F, 0x00, 0x08, 0x00, 0x0F, 0x00, 0x10, 0x00, 0x0F, 0x00, 0x20, 0x00, 0x0F, 0x00, // 0x79F0
  0x40, 0x00, 0x0F, 0x00, 0x80, 0x00, 0x0F, 0xFF, 0x01, 0x00, 0x0F, 0xFF, 0x02, 0x00, 0x0F, 0xFF, // 0x7A00
  0x04, 0x00, 0x0F, 0xFF, 0x08, 0x00, 0x0F, 0xFF, 0x10, 0x00, 0x0F, 0xFF, 0x20, 0x00, 0x0F, 0x00, // 0x7A10
  0x02, 0x01, 0x00, 0xFF, 0x40, 0x04, 0x0F, 0xFF, 0x80, 0x02, 0x02, 0x0E, 0x00, 0x01, 0x00, 0x05, // 0x7A20
  0x00, 0x04, 0x00, 0x0F, 0x00, 0x08, 0x00, 0x0F, 0x00, 0x10, 0x00, 0x0F, 0x00, 0x20, 0x00, 0x0F, // 0x7A30
  0x00, 0x40, 0x00, 0x0F, 0x00, 0x80, 0x00, 0x0F, 0xFF, 0x01, 0x00, 0x0F, 0xFF, 0x02, 0x00, 0x0F, // 0x7A40
  0xFF, 0x04, 0x00, 0x0F, 0xFF, 0x08, 0x00, 0x0F, 0xFF, 0x10, 0x00, 0x0F, 0xFF, 0x20, 0x00, 0x0F, // 0x7A50
  0x00, 0x02, 0x02, 0x01, 0x01, 0x00, 0x02, 0x00, 0x0F, 0x80, 0x00, 0x10, 0x07, 0x01, 0xFF, 0x01, // 0x7A60
  0x07, 0x01, 0x08, 0x02, 0xFF, 0x02, 0x07, 0x33, 0x02, 0x03, 0x04, 0x84, 0x00, 0x04, 0x07, 0x04, // 0x7A70
  0x08, 0x04, 0x09, 0x85, 0x6C, 0x05, 0x04, 0x86, 0x81, 0x87, 0x59, 0x88, 0x61, 0x89, 0x69, 0x8A, // 0x7A80
  0x6D, 0x0A, 0x10, 0x8B, 0x1B, 0xAB, 0x1B, 0x8C, 0xA5, 0x0F, 0xFF, 0x03, 0x13, 0x12, 0x1F, 0x1F, // 0x7A90
  0x23, 0x23, 0x23, 0x23, 0x23, 0x23, 0x23, 0x23, 0x23, 0x23, 0x23, 0x23, 0x23, 0x41, 0x41, 0x41, // 0x7AA0
  0x41, 0x45, 0x47, 0x49, 0x4B, 0x4D, 0x4F, 0x51, 0x53, 0x55, 0x57, 0x59, 0x5B, 0x5D, 0x01, 0x20, // 0x7AB0
  0x21, 0x20, 0x22, 0x03, 0x04, 0x05, 0x06, 0x07, 0x08, 0x09, 0x0A, 0x0B, 0x0C, 0x0D, 0x0E, 0x0F, // 0x7AC0
  0x20, 0x23, 0x20, 0x24, 0x20, 0x25, 0x20, 0x26, 0x20, 0x27, 0x20, 0x28, 0x20, 0x29, 0x20, 0x2A, // 0x7AD0
  0x20, 0x2B, 0x20, 0x2C, 0x20, 0x2D, 0x20, 0x2E, 0x20, 0x2F, 0x20, 0x30, 0x20, 0x31, 0x02, 0x11, // 0x7AE0
  0x10, 0x01, 0x20, 0x21, 0x20, 0x22, 0x03, 0x40, 0x52, 0x04, 0x40, 0x52, 0x05, 0x40, 0x52, 0x06, // 0x7AF0
  0x40, 0x52, 0x07, 0x40, 0x52, 0x08, 0x40, 0x52, 0x09, 0x40, 0x52, 0x0A, 0x40, 0x52, 0x0B, 0x40, // 0x7B00
  0x52, 0x0C, 0x40, 0x52, 0x0D, 0x40, 0x52, 0x0E, 0x40, 0x52, 0x0F, 0x02, 0x0A, 0x01, 0xA7, 0x0D, // 0x7B10
  0x66, 0x0E, 0x01, 0x50, 0x01, 0x00, 0x00, 0x40, 0xBD, 0x00, 0x00, 0x00, 0x00, 0x00, 0x00, 0x00, // 0x7B20
  0x00, 0x00, 0x00, 0x00, 0x00, 0x00, 0x00, 0x00, 0x00, 0x00, 0x00, 0x00, 0x00, 0x00, 0x00, 0x00, // 0x7B30
  0x00, 0x00, 0x00, 0x00, 0x00, 0x00, 0x00, 0x00, 0x00, 0x00, 0x00, 0x00, 0x00, 0x00, 0x00, 0x00, // 0x7B40
  0x00, 0x00, 0x00, 0x00, 0x00, 0x00, 0x00, 0x00, 0x00, 0x00, 0x00, 0x00, 0x00, 0x00, 0x00, 0x00, // 0x7B50
  0x00, 0x00, 0x00, 0x00, 0x00, 0x00, 0x00, 0x00, 0x00, 0x00, 0x00, 0x00, 0x00, 0x00, 0x00, 0x00, // 0x7B60
  0x00, 0x00, 0x00, 0x00, 0x00, 0x00, 0x00, 0x00, 0x00, 0x00, 0x00, 0x00, 0x00, 0x00, 0x00, 0x00, // 0x7B70
  0x00, 0x00, 0x00, 0x00, 0x00, 0x00, 0x00, 0x00, 0x00, 0x00, 0x00, 0x00, 0x00, 0x00, 0x00, 0x00, // 0x7B80
  0x00, 0x00, 0x00, 0x00, 0x00, 0x00, 0x00, 0x00, 0x00, 0x00, 0x00, 0x00, 0x00, 0x00, 0x00, 0x00, // 0x7B90
  0x00, 0x00, 0x00, 0x00, 0x00, 0x00, 0x00, 0x00, 0x00, 0x00, 0x00, 0x00, 0x00, 0x00, 0x00, 0x00, // 0x7BA0
  0x00, 0x00, 0x00, 0x00, 0x00, 0x00, 0x00, 0x00, 0x00, 0x00, 0x00, 0x00, 0x00, 0x00, 0x00, 0x00, // 0x7BB0
  0x00, 0x00, 0x00, 0x00, 0x00, 0x00, 0x00, 0x00, 0x00, 0x00, 0x00, 0x00, 0x00, 0x00, 0x00, 0x00, // 0x7BC0
  0x00, 0x00, 0x00, 0x00, 0x00, 0x00, 0x00, 0x00, 0x00, 0x00, 0x00, 0x00, 0x00, 0x00, 0x00, 0x00, // 0x7BD0
  0x00, 0x00, 0x00, 0x00, 0x00, 0x00, 0x00, 0x00, 0x00, 0x00, 0x00, 0x00, 0x00, 0x00, 0x00, 0x00, // 0x7BE0
  0x00, 0x00, 0x00, 0x00, 0x00, 0x00, 0x00, 0x00, 0x00, 0x00, 0x00, 0x00, 0x00, 0x00, 0x00, 0x00, // 0x7BF0
  0x20, 0xBC, 0xDE, 0xAD, 0xB3, 0xB5, 0xB3, 0x20, 0x20, 0x20, 0x20, 0x20, 0x20, 0x20, 0x20, 0x20, // 0x7C00
  0x20, 0xBB, 0xD0, 0xB0, 0x20, 0xB6, 0xCC, 0xDE, 0xBC, 0xB7, 0xB6, 0xDE, 0xB2, 0xBC, 0xAC, 0x20, // 0x7C10
  0x20, 0xB1, 0xD0, 0xAD, 0xB0, 0xBD, 0xDE, 0xD2, 0xDD, 0xC4, 0xCD, 0xDD, 0xBA, 0xB3, 0xB7, 0x20, // 0x7C20
  0x20, 0xC4, 0xB3, 0xC6, 0xAD, 0xB3, 0xC0, 0xDE, 0xCC, 0xDE, 0xD9, 0xBE, 0xDD, 0xBB, 0xB0, 0x20, // 0x7C30
  0x20, 0xB9, 0xB2, 0xCB, 0xDD, 0xD2, 0xC0, 0xDE, 0xD9, 0xCA, 0xD7, 0xB2, 0xC0, 0xDE, 0xBC, 0x20, // 0x7C40
  0x20, 0xC5, 0xC6, 0xDC, 0xC9, 0xC0, 0xD2, 0xC0, 0xD2, 0xC0, 0xD2, 0xBA, 0xDE, 0xDB, 0xB3, 0x20, // 0x7C50
  0x20, 0xCA, 0xB6, 0xC0, 0xC9, 0xBF, 0xDD, 0xBF, 0xDD, 0xBF, 0xDD, 0xBA, 0xDE, 0xB8, 0xB3, 0x20, // 0x7C60
  0x20, 0x32, 0x30, 0x30, 0x31, 0x2E, 0x30, 0x37, 0x2E, 0x30, 0x34, 0x20, 0x20, 0x20, 0x20, 0x20, // 0x7C70
  0x00, 0x00, 0x00, 0x00, 0x00, 0x00, 0x00, 0x00, 0x00, 0x00, 0x00, 0x00, 0x00, 0x00, 0x00, 0x00, // 0x7C80
  0x00, 0x00, 0x00, 0x00, 0x00, 0x00, 0x00, 0x00, 0x00, 0x00, 0x00, 0x00, 0x00, 0x00, 0x00, 0x00, // 0x7C90
  0x00, 0x00, 0x00, 0x00, 0x00, 0x00, 0x00, 0x00, 0x00, 0x00, 0x00, 0x00, 0x00, 0x00, 0x00, 0x00, // 0x7CA0
  0x00, 0x00, 0x00, 0x00, 0x00, 0x00, 0x00, 0x00, 0x00, 0x00, 0x00, 0x00, 0x00, 0x00, 0x00, 0x00, // 0x7CB0
  0x00, 0x00, 0x00, 0x00, 0x00, 0x00, 0x00, 0x00, 0x00, 0x00, 0x00, 0x00, 0x00, 0x00, 0x00, 0x00, // 0x7CC0
  0x00, 0x00, 0x00, 0x00, 0x00, 0x00, 0x00, 0x00, 0x00, 0x00, 0x00, 0x00, 0x00, 0x00, 0x00, 0x00, // 0x7CD0
  0x00, 0x00, 0x00, 0x00, 0x00, 0x00, 0x00, 0x00, 0x00, 0x00, 0x00, 0x00, 0x00, 0x00, 0x00, 0x00, // 0x7CE0
  0x00, 0x00, 0x00, 0x00, 0x00, 0x00, 0x00, 0x00, 0x00, 0x00, 0x00, 0x00, 0x00, 0x00, 0x00, 0x00, // 0x7CF0
  0x00, 0x00, 0x00, 0x00, 0x00, 0x00, 0x00, 0x00, 0x00, 0x00, 0x00, 0x00, 0x00, 0x00, 0x00, 0x00, // 0x7D00
  0x00, 0x00, 0x00, 0x00, 0x00, 0x00, 0x00, 0x00, 0x00, 0x00, 0x00, 0x00, 0x00, 0x00, 0x00, 0x00, // 0x7D10
  0x00, 0x00, 0x00, 0x00, 0x00, 0x00, 0x00, 0x00, 0x00, 0x00, 0x00, 0x00, 0x00, 0x00, 0x00, 0x00, // 0x7D20
  0x00, 0x00, 0x00, 0x00, 0x00, 0x00, 0x00, 0x00, 0x00, 0x00, 0x00, 0x00, 0x00, 0x00, 0x00, 0x00, // 0x7D30
  0x00, 0x00, 0x00, 0x00, 0x00, 0x00, 0x00, 0x00, 0x00, 0x00, 0x00, 0x00, 0x00, 0x00, 0x00, 0x00, // 0x7D40
  0x00, 0x00, 0x00, 0x00, 0x00, 0x00, 0x00, 0x00, 0x00, 0x00, 0x00, 0x00, 0x00, 0x00, 0x00, 0x00, // 0x7D50
  0x00, 0x00, 0x00, 0x00, 0x00, 0x00, 0x00, 0x00, 0x00, 0x00, 0x00, 0x00, 0x00, 0x00, 0x00, 0x00, // 0x7D60
  0x00, 0x00, 0x00, 0x00, 0x00, 0x00, 0x00, 0x00, 0x00, 0x00, 0x00, 0x00, 0x00, 0x00, 0x00, 0x00, // 0x7D70
  0x00, 0x00, 0x00, 0x00, 0x00, 0x00, 0x00, 0x00, 0x00, 0x00, 0x00, 0x00, 0x00, 0x00, 0x00, 0x00, // 0x7D80
  0x00, 0x00, 0x00, 0x00, 0x00, 0x00, 0x00, 0x00, 0x00, 0x00, 0x00, 0x00, 0x00, 0x00, 0x00, 0x00, // 0x7D90
  0x00, 0x00, 0x00, 0x00, 0x00, 0x00, 0x00, 0x00, 0x00, 0x00, 0x00, 0x00, 0x00, 0x00, 0x00, 0x00, // 0x7DA0
  0x00, 0x00, 0x00, 0x00, 0x00, 0x00, 0x00, 0x00, 0x00, 0x00, 0x00, 0x00, 0x00, 0x00, 0x00, 0x00, // 0x7DB0
  0x00, 0x00, 0x00, 0x00, 0x00, 0x00, 0x00, 0x00, 0x00, 0x00, 0x00, 0x00, 0x00, 0x00, 0x00, 0x00, // 0x7DC0
  0x00, 0x00, 0x00, 0x00, 0x00, 0x00, 0x00, 0x00, 0x00, 0x00, 0x00, 0x00, 0x00, 0x00, 0x00, 0x00, // 0x7DD0
  0x00, 0x00, 0x00, 0x00, 0x00, 0x00, 0x00, 0x00, 0x00, 0x00, 0x00, 0x00, 0x00, 0x00, 0x00, 0x00, // 0x7DE0
  0x00, 0x00, 0x00, 0x00, 0x00, 0x00, 0x00, 0x00, 0x00, 0x00, 0x00, 0x00, 0x00, 0x00, 0x00, 0x00, // 0x7DF0
  0x00, 0x00, 0x00, 0x00, 0x00, 0x00, 0x00, 0x00, 0x00, 0x00, 0x00, 0x00, 0x00, 0x00, 0x00, 0x00, // 0x7E00
  0x00, 0x00, 0x00, 0x00, 0x00, 0x00, 0x00, 0x00, 0x00, 0x00, 0x00, 0x00, 0x00, 0x00, 0x00, 0x00, // 0x7E10
  0x00, 0x00, 0x00, 0x00, 0x00, 0x00, 0x00, 0x00, 0x00, 0x00, 0x00, 0x00, 0x00, 0x00, 0x00, 0x00, // 0x7E20
  0x00, 0x00, 0x00, 0x00, 0x00, 0x00, 0x00, 0x00, 0x00, 0x00, 0x00, 0x00, 0x00, 0x00, 0x00, 0x00, // 0x7E30
  0x00, 0x00, 0x00, 0x00, 0x00, 0x00, 0x00, 0x00, 0x00, 0x00, 0x00, 0x00, 0x00, 0x00, 0x00, 0x00, // 0x7E40
  0x00, 0x00, 0x00, 0x00, 0x00, 0x00, 0x00, 0x00, 0x00, 0x00, 0x00, 0x00, 0x00, 0x00, 0x00, 0x00, // 0x7E50
  0x00, 0x00, 0x00, 0x00, 0x00, 0x00, 0x00, 0x00, 0x00, 0x00, 0x00, 0x00, 0x00, 0x00, 0x00, 0x00, // 0x7E60
  0x00, 0x00, 0x00, 0x00, 0x00, 0x00, 0x00, 0x00, 0x00, 0x00, 0x00, 0x00, 0x00, 0x00, 0x00, 0x00, // 0x7E70
  0x00, 0x00, 0x00, 0x00, 0x00, 0x00, 0x00, 0x00, 0x00, 0x00, 0x00, 0x00, 0x00, 0x00, 0x00, 0x00, // 0x7E80
  0x00, 0x00, 0x00, 0x00, 0x00, 0x00, 0x00, 0x00, 0x00, 0x00, 0x00, 0x00, 0x00, 0x00, 0x00, 0x00, // 0x7E90
  0x00, 0x00, 0x00, 0x00, 0x00, 0x00, 0x00, 0x00, 0x00, 0x00, 0x00, 0x00, 0x00, 0x00, 0x00, 0x00, // 0x7EA0
  0x00, 0x00, 0x00, 0x00, 0x00, 0x00, 0x00, 0x00, 0x00, 0x00, 0x00, 0x00, 0x00, 0x00, 0x00, 0x00, // 0x7EB0
  0x00, 0x00, 0x00, 0x00, 0x00, 0x00, 0x00, 0x00, 0x00, 0x00, 0x00, 0x00, 0x00, 0x00, 0x00, 0x00, // 0x7EC0
  0x00, 0x00, 0x00, 0x00, 0x00, 0x00, 0x00, 0x00, 0x00, 0x00, 0x00, 0x00, 0x00, 0x00, 0x00, 0x00, // 0x7ED0
  0x00, 0x00, 0x00, 0x00, 0x00, 0x00, 0x00, 0x00, 0x00, 0x00, 0x00, 0x00, 0x00, 0x00, 0x00, 0x00, // 0x7EE0
  0x00, 0x00, 0x00, 0x00, 0x00, 0x00, 0x00, 0x00, 0x00, 0x00, 0x00, 0x00, 0x00, 0x00, 0x00, 0x00, // 0x7EF0
  0x4C, 0x45, 0x32, 0x30, 0x38, 0x30, 0x41, 0x2A, 0x00, 0x00, 0x75, 0x0E, 0x00, 0x00, 0x00, 0x00, // 0x7F00
  0xD0, 0x00, 0xA9, 0x06, 0x05, 0x09, 0x55, 0xB4, 0x36, 0x45, 0xA2, 0x6F, 0x97, 0xC0, 0x80, 0xB4, // 0x7F10
  0xA0, 0x86, 0xFF, 0x22, 0xD5, 0x09, 0x55, 0x12, 0x36, 0xA5, 0x54, 0xB8, 0x97, 0xA2, 0x80, 0x04, // 0x7F20
  0x80, 0xD1, 0xFB, 0x54, 0x2D, 0x3F, 0x00, 0xA8, 0xB5, 0x09, 0xD2, 0xA8, 0xA4, 0x94, 0xEE, 0x44, // 0x7F30
  0x99, 0x99, 0x98, 0xD8, 0x33, 0x60, 0xC5, 0x85, 0xD5, 0xF6, 0x08, 0x88, 0x01, 0x61, 0xD1, 0x25, // 0x7F40
  0x55, 0x55, 0x98, 0x85, 0x36, 0x5D, 0x14, 0x66, 0x00, 0x00, 0x01, 0x02, 0x30, 0x40, 0x50, 0x60, // 0x7F50
  0xDD, 0xCC, 0x21, 0x15, 0xFD, 0x7F, 0xDD, 0x7A, 0xDC, 0xC8, 0xCC, 0x02, 0x82, 0xAA, 0x52, 0x92, // 0x7F60
  0x1A, 0x18, 0xFB, 0x5D, 0x19, 0xF3, 0x93, 0x13, 0x66, 0x87, 0xDF, 0x8C, 0x8D, 0x99, 0x51, 0x01, // 0x7F70
  0xAA, 0xFA, 0xAA, 0xAA, 0x85, 0xB5, 0x54, 0x32, 0x00, 0x35, 0x62, 0xA3, 0x50, 0x70, 0x11, 0x38, // 0x7F80
  0x38, 0xF9, 0x5F, 0x56, 0x28, 0xFE, 0x7F, 0x20, 0x12, 0x0D, 0x4A, 0xBC, 0x08, 0x3F, 0x88, 0x21, // 0x7F90
  0xE3, 0x51, 0x7A, 0x68, 0x1A, 0x72, 0x13, 0x44, 0x0F, 0x56, 0x90, 0x80, 0x3A, 0x25, 0x15, 0x66, // 0x7FA0
  0x00, 0x00, 0x00, 0x00, 0x00, 0x00, 0x00, 0x00, 0x00, 0x00, 0x00, 0x00, 0x00, 0x00, 0x00, 0x00, // 0x7FB0
  0x00, 0x00, 0x00, 0x00, 0x00, 0x00, 0x00, 0x00, 0x00, 0x00, 0x00, 0x00, 0x00, 0x00, 0x00, 0x00, // 0x7FC0
  0x00, 0x00, 0x00, 0x00, 0x00, 0x00, 0x00, 0x00, 0x00, 0x00, 0x00, 0x00, 0x00, 0x00, 0x00, 0x00, // 0x7FD0
  0x00, 0x00, 0x00, 0x00, 0x00, 0x00, 0x00, 0x00, 0x00, 0x00, 0x00, 0x00, 0x00, 0x00, 0x00, 0x00, // 0x7FE0
  0x00, 0x01, 0xBB, 0x80, 0x80, 0x1F, 0x54, 0x58, 0x41, 0xEF, 0x5A, 0x60, 0xC5, 0x01, 0x1E, 0x50, // 0x7FF0
};
